-- MySQL dump 10.13  Distrib 8.0.38, for macos14 (x86_64)
--
-- Host: 192.168.3.194    Database: smart-park-001
-- ------------------------------------------------------
-- Server version	8.0.40

/*!40101 SET @OLD_CHARACTER_SET_CLIENT=@@CHARACTER_SET_CLIENT */;
/*!40101 SET @OLD_CHARACTER_SET_RESULTS=@@CHARACTER_SET_RESULTS */;
/*!40101 SET @OLD_COLLATION_CONNECTION=@@COLLATION_CONNECTION */;
/*!50503 SET NAMES utf8 */;
/*!40103 SET @OLD_TIME_ZONE=@@TIME_ZONE */;
/*!40103 SET TIME_ZONE='+00:00' */;
/*!40014 SET @OLD_UNIQUE_CHECKS=@@UNIQUE_CHECKS, UNIQUE_CHECKS=0 */;
/*!40014 SET @OLD_FOREIGN_KEY_CHECKS=@@FOREIGN_KEY_CHECKS, FOREIGN_KEY_CHECKS=0 */;
/*!40101 SET @OLD_SQL_MODE=@@SQL_MODE, SQL_MODE='NO_AUTO_VALUE_ON_ZERO' */;
/*!40111 SET @OLD_SQL_NOTES=@@SQL_NOTES, SQL_NOTES=0 */;

--
-- Table structure for table `dpo_activity`
--

DROP TABLE IF EXISTS `dpo_activity`;
/*!40101 SET @saved_cs_client     = @@character_set_client */;
/*!50503 SET character_set_client = utf8mb4 */;
CREATE TABLE `dpo_activity` (
  `id` int NOT NULL AUTO_INCREMENT COMMENT 'Id',
  `name` varchar(255) DEFAULT NULL COMMENT '活动名称',
  `sign_begin` datetime DEFAULT NULL COMMENT '报名开始时间',
  `sign_end` datetime DEFAULT NULL COMMENT '报名结止时间',
  `act_begin` datetime DEFAULT NULL COMMENT '活动开始时间',
  `act_end` datetime DEFAULT NULL COMMENT '活动结止时间',
  `location` varchar(255) DEFAULT NULL COMMENT '活动地点',
  `head_img` varchar(255) DEFAULT NULL COMMENT '上传活动头图',
  `small_img` varchar(255) DEFAULT NULL COMMENT '上传活动小图',
  `content` text COMMENT '上传详情',
  `contract` varchar(32) DEFAULT NULL COMMENT '联系电话',
  `price` decimal(10,0) DEFAULT NULL COMMENT '活动金额',
  `full_num` int DEFAULT NULL COMMENT '限制人数',
  `status` int DEFAULT NULL COMMENT '状态',
  `is_marketable` bit(1) DEFAULT NULL COMMENT '是否上架',
  `marketable_time` datetime DEFAULT NULL COMMENT '上架时间',
  `version` int DEFAULT NULL COMMENT '版本',
  `delete_flag` bit(1) DEFAULT NULL COMMENT '删除标记',
  `create_by` varchar(64) DEFAULT '' COMMENT '创建者',
  `create_time` datetime DEFAULT NULL COMMENT '创建时间',
  `update_by` varchar(64) DEFAULT '' COMMENT '更新者',
  `update_time` datetime DEFAULT NULL COMMENT '更新时间',
  `tenant_id` int DEFAULT NULL COMMENT '租户ID',
  `park_id` int DEFAULT NULL COMMENT '园区id',
  PRIMARY KEY (`id`)
) ENGINE=InnoDB AUTO_INCREMENT=10 DEFAULT CHARSET=utf8mb3 COMMENT='活动管理';
/*!40101 SET character_set_client = @saved_cs_client */;

--
-- Dumping data for table `dpo_activity`
--

LOCK TABLES `dpo_activity` WRITE;
/*!40000 ALTER TABLE `dpo_activity` DISABLE KEYS */;
INSERT INTO `dpo_activity` VALUES (7,'园区年会','2022-01-18 15:15:00','2022-03-28 18:09:00','2022-02-10 16:08:00','2022-03-31 16:08:00','4楼大厅','/profile/2022/01/08/ddc7719ec46719140145d763cf557c44.jpg','/profile/2022/01/08/56cdcaa2d71e6aa7bea0840e206cf393.jpg','<p>年会</p>','15872565695',0,0,5,_binary '','2022-01-08 15:08:23',NULL,_binary '','user1','2022-01-08 15:08:15','user1','2022-01-22 13:53:13',1,1),(8,'创业咨询港活动','2023-04-30 00:45:00','2023-05-05 00:45:00','2023-05-08 00:45:00','2023-05-10 00:45:00','丰县高新技术创业园','/profile/2023/04/30/ce7f3fe59f850b64af415ff5479ce10a.png','/profile/2023/04/30/232c3d4531314905635da9047d08b0af.png','<p><!--[if gte mso 9]><xml><w:LatentStyles DefLockedState=\"false\"  DefUnhideWhenUsed=\"true\"  DefSemiHidden=\"true\"  DefQFormat=\"false\"  DefPriority=\"99\"  LatentStyleCount=\"260\" >\n<w:LsdException Locked=\"false\"  Priority=\"99\"  SemiHidden=\"false\"  Name=\"Normal\" ></w:LsdException>\n<w:LsdException Locked=\"false\"  Priority=\"99\"  SemiHidden=\"false\"  Name=\"heading 1\" ></w:LsdException>\n<w:LsdException Locked=\"false\"  Priority=\"99\"  SemiHidden=\"false\"  Name=\"heading 2\" ></w:LsdException>\n<w:LsdException Locked=\"false\"  Priority=\"99\"  SemiHidden=\"false\"  Name=\"heading 3\" ></w:LsdException>\n<w:LsdException Locked=\"false\"  Priority=\"99\"  SemiHidden=\"false\"  Name=\"heading 4\" ></w:LsdException>\n<w:LsdException Locked=\"false\"  Priority=\"99\"  SemiHidden=\"false\"  Name=\"heading 5\" ></w:LsdException>\n<w:LsdException Locked=\"false\"  Priority=\"99\"  SemiHidden=\"false\"  Name=\"heading 6\" ></w:LsdException>\n<w:LsdException Locked=\"false\"  Priority=\"99\"  SemiHidden=\"false\"  Name=\"heading 7\" ></w:LsdException>\n<w:LsdException Locked=\"false\"  Priority=\"99\"  SemiHidden=\"false\"  Name=\"heading 8\" ></w:LsdException>\n<w:LsdException Locked=\"false\"  Priority=\"99\"  SemiHidden=\"false\"  Name=\"heading 9\" ></w:LsdException>\n<w:LsdException Locked=\"false\"  Priority=\"99\"  SemiHidden=\"false\"  Name=\"index 1\" ></w:LsdException>\n<w:LsdException Locked=\"false\"  Priority=\"99\"  SemiHidden=\"false\"  Name=\"index 2\" ></w:LsdException>\n<w:LsdException Locked=\"false\"  Priority=\"99\"  SemiHidden=\"false\"  Name=\"index 3\" ></w:LsdException>\n<w:LsdException Locked=\"false\"  Priority=\"99\"  SemiHidden=\"false\"  Name=\"index 4\" ></w:LsdException>\n<w:LsdException Locked=\"false\"  Priority=\"99\"  SemiHidden=\"false\"  Name=\"index 5\" ></w:LsdException>\n<w:LsdException Locked=\"false\"  Priority=\"99\"  SemiHidden=\"false\"  Name=\"index 6\" ></w:LsdException>\n<w:LsdException Locked=\"false\"  Priority=\"99\"  SemiHidden=\"false\"  Name=\"index 7\" ></w:LsdException>\n<w:LsdException Locked=\"false\"  Priority=\"99\"  SemiHidden=\"false\"  Name=\"index 8\" ></w:LsdException>\n<w:LsdException Locked=\"false\"  Priority=\"99\"  SemiHidden=\"false\"  Name=\"index 9\" ></w:LsdException>\n<w:LsdException Locked=\"false\"  Priority=\"99\"  SemiHidden=\"false\"  Name=\"toc 1\" ></w:LsdException>\n<w:LsdException Locked=\"false\"  Priority=\"99\"  SemiHidden=\"false\"  Name=\"toc 2\" ></w:LsdException>\n<w:LsdException Locked=\"false\"  Priority=\"99\"  SemiHidden=\"false\"  Name=\"toc 3\" ></w:LsdException>\n<w:LsdException Locked=\"false\"  Priority=\"99\"  SemiHidden=\"false\"  Name=\"toc 4\" ></w:LsdException>\n<w:LsdException Locked=\"false\"  Priority=\"99\"  SemiHidden=\"false\"  Name=\"toc 5\" ></w:LsdException>\n<w:LsdException Locked=\"false\"  Priority=\"99\"  SemiHidden=\"false\"  Name=\"toc 6\" ></w:LsdException>\n<w:LsdException Locked=\"false\"  Priority=\"99\"  SemiHidden=\"false\"  Name=\"toc 7\" ></w:LsdException>\n<w:LsdException Locked=\"false\"  Priority=\"99\"  SemiHidden=\"false\"  Name=\"toc 8\" ></w:LsdException>\n<w:LsdException Locked=\"false\"  Priority=\"99\"  SemiHidden=\"false\"  Name=\"toc 9\" ></w:LsdException>\n<w:LsdException Locked=\"false\"  Priority=\"99\"  SemiHidden=\"false\"  Name=\"Normal Indent\" ></w:LsdException>\n<w:LsdException Locked=\"false\"  Priority=\"99\"  SemiHidden=\"false\"  Name=\"footnote text\" ></w:LsdException>\n<w:LsdException Locked=\"false\"  Priority=\"99\"  SemiHidden=\"false\"  Name=\"annotation text\" ></w:LsdException>\n<w:LsdException Locked=\"false\"  Priority=\"99\"  SemiHidden=\"false\"  Name=\"header\" ></w:LsdException>\n<w:LsdException Locked=\"false\"  Priority=\"99\"  SemiHidden=\"false\"  Name=\"footer\" ></w:LsdException>\n<w:LsdException Locked=\"false\"  Priority=\"99\"  SemiHidden=\"false\"  Name=\"index heading\" ></w:LsdException>\n<w:LsdException Locked=\"false\"  Priority=\"99\"  SemiHidden=\"false\"  Name=\"caption\" ></w:LsdException>\n<w:LsdException Locked=\"false\"  Priority=\"99\"  SemiHidden=\"false\"  Name=\"table of figures\" ></w:LsdException>\n<w:LsdException Locked=\"false\"  Priority=\"99\"  SemiHidden=\"false\"  Name=\"envelope address\" ></w:LsdException>\n<w:LsdException Locked=\"false\"  Priority=\"99\"  SemiHidden=\"false\"  Name=\"envelope return\" ></w:LsdException>\n<w:LsdException Locked=\"false\"  Priority=\"99\"  SemiHidden=\"false\"  Name=\"footnote reference\" ></w:LsdException>\n<w:LsdException Locked=\"false\"  Priority=\"99\"  SemiHidden=\"false\"  Name=\"annotation reference\" ></w:LsdException>\n<w:LsdException Locked=\"false\"  Priority=\"99\"  SemiHidden=\"false\"  Name=\"line number\" ></w:LsdException>\n<w:LsdException Locked=\"false\"  Priority=\"99\"  SemiHidden=\"false\"  Name=\"page number\" ></w:LsdException>\n<w:LsdException Locked=\"false\"  Priority=\"99\"  SemiHidden=\"false\"  Name=\"endnote reference\" ></w:LsdException>\n<w:LsdException Locked=\"false\"  Priority=\"99\"  SemiHidden=\"false\"  Name=\"endnote text\" ></w:LsdException>\n<w:LsdException Locked=\"false\"  Priority=\"99\"  SemiHidden=\"false\"  Name=\"table of authorities\" ></w:LsdException>\n<w:LsdException Locked=\"false\"  Priority=\"99\"  SemiHidden=\"false\"  Name=\"macro\" ></w:LsdException>\n<w:LsdException Locked=\"false\"  Priority=\"99\"  SemiHidden=\"false\"  Name=\"toa heading\" ></w:LsdException>\n<w:LsdException Locked=\"false\"  Priority=\"99\"  SemiHidden=\"false\"  Name=\"List\" ></w:LsdException>\n<w:LsdException Locked=\"false\"  Priority=\"99\"  SemiHidden=\"false\"  Name=\"List Bullet\" ></w:LsdException>\n<w:LsdException Locked=\"false\"  Priority=\"99\"  SemiHidden=\"false\"  Name=\"List Number\" ></w:LsdException>\n<w:LsdException Locked=\"false\"  Priority=\"99\"  SemiHidden=\"false\"  Name=\"List 2\" ></w:LsdException>\n<w:LsdException Locked=\"false\"  Priority=\"99\"  SemiHidden=\"false\"  Name=\"List 3\" ></w:LsdException>\n<w:LsdException Locked=\"false\"  Priority=\"99\"  SemiHidden=\"false\"  Name=\"List 4\" ></w:LsdException>\n<w:LsdException Locked=\"false\"  Priority=\"99\"  SemiHidden=\"false\"  Name=\"List 5\" ></w:LsdException>\n<w:LsdException Locked=\"false\"  Priority=\"99\"  SemiHidden=\"false\"  Name=\"List Bullet 2\" ></w:LsdException>\n<w:LsdException Locked=\"false\"  Priority=\"99\"  SemiHidden=\"false\"  Name=\"List Bullet 3\" ></w:LsdException>\n<w:LsdException Locked=\"false\"  Priority=\"99\"  SemiHidden=\"false\"  Name=\"List Bullet 4\" ></w:LsdException>\n<w:LsdException Locked=\"false\"  Priority=\"99\"  SemiHidden=\"false\"  Name=\"List Bullet 5\" ></w:LsdException>\n<w:LsdException Locked=\"false\"  Priority=\"99\"  SemiHidden=\"false\"  Name=\"List Number 2\" ></w:LsdException>\n<w:LsdException Locked=\"false\"  Priority=\"99\"  SemiHidden=\"false\"  Name=\"List Number 3\" ></w:LsdException>\n<w:LsdException Locked=\"false\"  Priority=\"99\"  SemiHidden=\"false\"  Name=\"List Number 4\" ></w:LsdException>\n<w:LsdException Locked=\"false\"  Priority=\"99\"  SemiHidden=\"false\"  Name=\"List Number 5\" ></w:LsdException>\n<w:LsdException Locked=\"false\"  Priority=\"99\"  SemiHidden=\"false\"  Name=\"Title\" ></w:LsdException>\n<w:LsdException Locked=\"false\"  Priority=\"99\"  SemiHidden=\"false\"  Name=\"Closing\" ></w:LsdException>\n<w:LsdException Locked=\"false\"  Priority=\"99\"  SemiHidden=\"false\"  Name=\"Signature\" ></w:LsdException>\n<w:LsdException Locked=\"false\"  Priority=\"99\"  SemiHidden=\"false\"  Name=\"Default Paragraph Font\" ></w:LsdException>\n<w:LsdException Locked=\"false\"  Priority=\"99\"  SemiHidden=\"false\"  Name=\"Body Text\" ></w:LsdException>\n<w:LsdException Locked=\"false\"  Priority=\"99\"  SemiHidden=\"false\"  Name=\"Body Text Indent\" ></w:LsdException>\n<w:LsdException Locked=\"false\"  Priority=\"99\"  SemiHidden=\"false\"  Name=\"List Continue\" ></w:LsdException>\n<w:LsdException Locked=\"false\"  Priority=\"99\"  SemiHidden=\"false\"  Name=\"List Continue 2\" ></w:LsdException>\n<w:LsdException Locked=\"false\"  Priority=\"99\"  SemiHidden=\"false\"  Name=\"List Continue 3\" ></w:LsdException>\n<w:LsdException Locked=\"false\"  Priority=\"99\"  SemiHidden=\"false\"  Name=\"List Continue 4\" ></w:LsdException>\n<w:LsdException Locked=\"false\"  Priority=\"99\"  SemiHidden=\"false\"  Name=\"List Continue 5\" ></w:LsdException>\n<w:LsdException Locked=\"false\"  Priority=\"99\"  SemiHidden=\"false\"  Name=\"Message Header\" ></w:LsdException>\n<w:LsdException Locked=\"false\"  Priority=\"99\"  SemiHidden=\"false\"  Name=\"Subtitle\" ></w:LsdException>\n<w:LsdException Locked=\"false\"  Priority=\"99\"  SemiHidden=\"false\"  Name=\"Salutation\" ></w:LsdException>\n<w:LsdException Locked=\"false\"  Priority=\"99\"  SemiHidden=\"false\"  Name=\"Date\" ></w:LsdException>\n<w:LsdException Locked=\"false\"  Priority=\"99\"  SemiHidden=\"false\"  Name=\"Body Text First Indent\" ></w:LsdException>\n<w:LsdException Locked=\"false\"  Priority=\"99\"  SemiHidden=\"false\"  Name=\"Body Text First Indent 2\" ></w:LsdException>\n<w:LsdException Locked=\"false\"  Priority=\"99\"  SemiHidden=\"false\"  Name=\"Note Heading\" ></w:LsdException>\n<w:LsdException Locked=\"false\"  Priority=\"99\"  SemiHidden=\"false\"  Name=\"Body Text 2\" ></w:LsdException>\n<w:LsdException Locked=\"false\"  Priority=\"99\"  SemiHidden=\"false\"  Name=\"Body Text 3\" ></w:LsdException>\n<w:LsdException Locked=\"false\"  Priority=\"99\"  SemiHidden=\"false\"  Name=\"Body Text Indent 2\" ></w:LsdException>\n<w:LsdException Locked=\"false\"  Priority=\"99\"  SemiHidden=\"false\"  Name=\"Body Text Indent 3\" ></w:LsdException>\n<w:LsdException Locked=\"false\"  Priority=\"99\"  SemiHidden=\"false\"  Name=\"Block Text\" ></w:LsdException>\n<w:LsdException Locked=\"false\"  Priority=\"99\"  SemiHidden=\"false\"  Name=\"Hyperlink\" ></w:LsdException>\n<w:LsdException Locked=\"false\"  Priority=\"99\"  SemiHidden=\"false\"  Name=\"FollowedHyperlink\" ></w:LsdException>\n<w:LsdException Locked=\"false\"  Priority=\"99\"  SemiHidden=\"false\"  Name=\"Strong\" ></w:LsdException>\n<w:LsdException Locked=\"false\"  Priority=\"99\"  SemiHidden=\"false\"  Name=\"Emphasis\" ></w:LsdException>\n<w:LsdException Locked=\"false\"  Priority=\"99\"  SemiHidden=\"false\"  Name=\"Document Map\" ></w:LsdException>\n<w:LsdException Locked=\"false\"  Priority=\"99\"  SemiHidden=\"false\"  Name=\"Plain Text\" ></w:LsdException>\n<w:LsdException Locked=\"false\"  Priority=\"99\"  SemiHidden=\"false\"  Name=\"E-mail Signature\" ></w:LsdException>\n<w:LsdException Locked=\"false\"  Priority=\"99\"  SemiHidden=\"false\"  Name=\"Normal (Web)\" ></w:LsdException>\n<w:LsdException Locked=\"false\"  Priority=\"99\"  SemiHidden=\"false\"  Name=\"HTML Acronym\" ></w:LsdException>\n<w:LsdException Locked=\"false\"  Priority=\"99\"  SemiHidden=\"false\"  Name=\"HTML Address\" ></w:LsdException>\n<w:LsdException Locked=\"false\"  Priority=\"99\"  SemiHidden=\"false\"  Name=\"HTML Cite\" ></w:LsdException>\n<w:LsdException Locked=\"false\"  Priority=\"99\"  SemiHidden=\"false\"  Name=\"HTML Code\" ></w:LsdException>\n<w:LsdException Locked=\"false\"  Priority=\"99\"  SemiHidden=\"false\"  Name=\"HTML Definition\" ></w:LsdException>\n<w:LsdException Locked=\"false\"  Priority=\"99\"  SemiHidden=\"false\"  Name=\"HTML Keyboard\" ></w:LsdException>\n<w:LsdException Locked=\"false\"  Priority=\"99\"  SemiHidden=\"false\"  Name=\"HTML Preformatted\" ></w:LsdException>\n<w:LsdException Locked=\"false\"  Priority=\"99\"  SemiHidden=\"false\"  Name=\"HTML Sample\" ></w:LsdException>\n<w:LsdException Locked=\"false\"  Priority=\"99\"  SemiHidden=\"false\"  Name=\"HTML Typewriter\" ></w:LsdException>\n<w:LsdException Locked=\"false\"  Priority=\"99\"  SemiHidden=\"false\"  Name=\"HTML Variable\" ></w:LsdException>\n<w:LsdException Locked=\"false\"  Priority=\"99\"  SemiHidden=\"false\"  Name=\"Normal Table\" ></w:LsdException>\n<w:LsdException Locked=\"false\"  Priority=\"99\"  SemiHidden=\"false\"  Name=\"annotation subject\" ></w:LsdException>\n<w:LsdException Locked=\"false\"  Priority=\"99\"  SemiHidden=\"false\"  Name=\"No List\" ></w:LsdException>\n<w:LsdException Locked=\"false\"  Priority=\"99\"  SemiHidden=\"false\"  Name=\"Table Simple 1\" ></w:LsdException>\n<w:LsdException Locked=\"false\"  Priority=\"99\"  SemiHidden=\"false\"  Name=\"Table Simple 2\" ></w:LsdException>\n<w:LsdException Locked=\"false\"  Priority=\"99\"  SemiHidden=\"false\"  Name=\"Table Simple 3\" ></w:LsdException>\n<w:LsdException Locked=\"false\"  Priority=\"99\"  SemiHidden=\"false\"  Name=\"Table Classic 1\" ></w:LsdException>\n<w:LsdException Locked=\"false\"  Priority=\"99\"  SemiHidden=\"false\"  Name=\"Table Classic 2\" ></w:LsdException>\n<w:LsdException Locked=\"false\"  Priority=\"99\"  SemiHidden=\"false\"  Name=\"Table Classic 3\" ></w:LsdException>\n<w:LsdException Locked=\"false\"  Priority=\"99\"  SemiHidden=\"false\"  Name=\"Table Classic 4\" ></w:LsdException>\n<w:LsdException Locked=\"false\"  Priority=\"99\"  SemiHidden=\"false\"  Name=\"Table Colorful 1\" ></w:LsdException>\n<w:LsdException Locked=\"false\"  Priority=\"99\"  SemiHidden=\"false\"  Name=\"Table Colorful 2\" ></w:LsdException>\n<w:LsdException Locked=\"false\"  Priority=\"99\"  SemiHidden=\"false\"  Name=\"Table Colorful 3\" ></w:LsdException>\n<w:LsdException Locked=\"false\"  Priority=\"99\"  SemiHidden=\"false\"  Name=\"Table Columns 1\" ></w:LsdException>\n<w:LsdException Locked=\"false\"  Priority=\"99\"  SemiHidden=\"false\"  Name=\"Table Columns 2\" ></w:LsdException>\n<w:LsdException Locked=\"false\"  Priority=\"99\"  SemiHidden=\"false\"  Name=\"Table Columns 3\" ></w:LsdException>\n<w:LsdException Locked=\"false\"  Priority=\"99\"  SemiHidden=\"false\"  Name=\"Table Columns 4\" ></w:LsdException>\n<w:LsdException Locked=\"false\"  Priority=\"99\"  SemiHidden=\"false\"  Name=\"Table Columns 5\" ></w:LsdException>\n<w:LsdException Locked=\"false\"  Priority=\"99\"  SemiHidden=\"false\"  Name=\"Table Grid 1\" ></w:LsdException>\n<w:LsdException Locked=\"false\"  Priority=\"99\"  SemiHidden=\"false\"  Name=\"Table Grid 2\" ></w:LsdException>\n<w:LsdException Locked=\"false\"  Priority=\"99\"  SemiHidden=\"false\"  Name=\"Table Grid 3\" ></w:LsdException>\n<w:LsdException Locked=\"false\"  Priority=\"99\"  SemiHidden=\"false\"  Name=\"Table Grid 4\" ></w:LsdException>\n<w:LsdException Locked=\"false\"  Priority=\"99\"  SemiHidden=\"false\"  Name=\"Table Grid 5\" ></w:LsdException>\n<w:LsdException Locked=\"false\"  Priority=\"99\"  SemiHidden=\"false\"  Name=\"Table Grid 6\" ></w:LsdException>\n<w:LsdException Locked=\"false\"  Priority=\"99\"  SemiHidden=\"false\"  Name=\"Table Grid 7\" ></w:LsdException>\n<w:LsdException Locked=\"false\"  Priority=\"99\"  SemiHidden=\"false\"  Name=\"Table Grid 8\" ></w:LsdException>\n<w:LsdException Locked=\"false\"  Priority=\"99\"  SemiHidden=\"false\"  Name=\"Table List 1\" ></w:LsdException>\n<w:LsdException Locked=\"false\"  Priority=\"99\"  SemiHidden=\"false\"  Name=\"Table List 2\" ></w:LsdException>\n<w:LsdException Locked=\"false\"  Priority=\"99\"  SemiHidden=\"false\"  Name=\"Table List 3\" ></w:LsdException>\n<w:LsdException Locked=\"false\"  Priority=\"99\"  SemiHidden=\"false\"  Name=\"Table List 4\" ></w:LsdException>\n<w:LsdException Locked=\"false\"  Priority=\"99\"  SemiHidden=\"false\"  Name=\"Table List 5\" ></w:LsdException>\n<w:LsdException Locked=\"false\"  Priority=\"99\"  SemiHidden=\"false\"  Name=\"Table List 6\" ></w:LsdException>\n<w:LsdException Locked=\"false\"  Priority=\"99\"  SemiHidden=\"false\"  Name=\"Table List 7\" ></w:LsdException>\n<w:LsdException Locked=\"false\"  Priority=\"99\"  SemiHidden=\"false\"  Name=\"Table List 8\" ></w:LsdException>\n<w:LsdException Locked=\"false\"  Priority=\"99\"  SemiHidden=\"false\"  Name=\"Table 3D effects 1\" ></w:LsdException>\n<w:LsdException Locked=\"false\"  Priority=\"99\"  SemiHidden=\"false\"  Name=\"Table 3D effects 2\" ></w:LsdException>\n<w:LsdException Locked=\"false\"  Priority=\"99\"  SemiHidden=\"false\"  Name=\"Table 3D effects 3\" ></w:LsdException>\n<w:LsdException Locked=\"false\"  Priority=\"99\"  SemiHidden=\"false\"  Name=\"Table Contemporary\" ></w:LsdException>\n<w:LsdException Locked=\"false\"  Priority=\"99\"  SemiHidden=\"false\"  Name=\"Table Elegant\" ></w:LsdException>\n<w:LsdException Locked=\"false\"  Priority=\"99\"  SemiHidden=\"false\"  Name=\"Table Professional\" ></w:LsdException>\n<w:LsdException Locked=\"false\"  Priority=\"99\"  SemiHidden=\"false\"  Name=\"Table Subtle 1\" ></w:LsdException>\n<w:LsdException Locked=\"false\"  Priority=\"99\"  SemiHidden=\"false\"  Name=\"Table Subtle 2\" ></w:LsdException>\n<w:LsdException Locked=\"false\"  Priority=\"99\"  SemiHidden=\"false\"  Name=\"Table Web 1\" ></w:LsdException>\n<w:LsdException Locked=\"false\"  Priority=\"99\"  SemiHidden=\"false\"  Name=\"Table Web 2\" ></w:LsdException>\n<w:LsdException Locked=\"false\"  Priority=\"99\"  SemiHidden=\"false\"  Name=\"Table Web 3\" ></w:LsdException>\n<w:LsdException Locked=\"false\"  Priority=\"99\"  SemiHidden=\"false\"  Name=\"Balloon Text\" ></w:LsdException>\n<w:LsdException Locked=\"false\"  Priority=\"99\"  SemiHidden=\"false\"  Name=\"Table Grid\" ></w:LsdException>\n<w:LsdException Locked=\"false\"  Priority=\"99\"  SemiHidden=\"false\"  Name=\"Table Theme\" ></w:LsdException>\n<w:LsdException Locked=\"false\"  Priority=\"99\"  SemiHidden=\"false\"  Name=\"Light Shading\" ></w:LsdException>\n<w:LsdException Locked=\"false\"  Priority=\"99\"  SemiHidden=\"false\"  Name=\"Light List\" ></w:LsdException>\n<w:LsdException Locked=\"false\"  Priority=\"99\"  SemiHidden=\"false\"  Name=\"Light Grid\" ></w:LsdException>\n<w:LsdException Locked=\"false\"  Priority=\"99\"  SemiHidden=\"false\"  Name=\"Medium Shading 1\" ></w:LsdException>\n<w:LsdException Locked=\"false\"  Priority=\"99\"  SemiHidden=\"false\"  Name=\"Medium Shading 2\" ></w:LsdException>\n<w:LsdException Locked=\"false\"  Priority=\"99\"  SemiHidden=\"false\"  Name=\"Medium List 1\" ></w:LsdException>\n<w:LsdException Locked=\"false\"  Priority=\"99\"  SemiHidden=\"false\"  Name=\"Medium List 2\" ></w:LsdException>\n<w:LsdException Locked=\"false\"  Priority=\"99\"  SemiHidden=\"false\"  Name=\"Medium Grid 1\" ></w:LsdException>\n<w:LsdException Locked=\"false\"  Priority=\"99\"  SemiHidden=\"false\"  Name=\"Medium Grid 2\" ></w:LsdException>\n<w:LsdException Locked=\"false\"  Priority=\"99\"  SemiHidden=\"false\"  Name=\"Medium Grid 3\" ></w:LsdException>\n<w:LsdException Locked=\"false\"  Priority=\"99\"  SemiHidden=\"false\"  Name=\"Dark List\" ></w:LsdException>\n<w:LsdException Locked=\"false\"  Priority=\"99\"  SemiHidden=\"false\"  Name=\"Colorful Shading\" ></w:LsdException>\n<w:LsdException Locked=\"false\"  Priority=\"99\"  SemiHidden=\"false\"  Name=\"Colorful List\" ></w:LsdException>\n<w:LsdException Locked=\"false\"  Priority=\"99\"  SemiHidden=\"false\"  Name=\"Colorful Grid\" ></w:LsdException>\n<w:LsdException Locked=\"false\"  Priority=\"99\"  SemiHidden=\"false\"  Name=\"Light Shading Accent 1\" ></w:LsdException>\n<w:LsdException Locked=\"false\"  Priority=\"99\"  SemiHidden=\"false\"  Name=\"Light List Accent 1\" ></w:LsdException>\n<w:LsdException Locked=\"false\"  Priority=\"99\"  SemiHidden=\"false\"  Name=\"Light Grid Accent 1\" ></w:LsdException>\n<w:LsdException Locked=\"false\"  Priority=\"99\"  SemiHidden=\"false\"  Name=\"Medium Shading 1 Accent 1\" ></w:LsdException>\n<w:LsdException Locked=\"false\"  Priority=\"99\"  SemiHidden=\"false\"  Name=\"Medium Shading 2 Accent 1\" ></w:LsdException>\n<w:LsdException Locked=\"false\"  Priority=\"99\"  SemiHidden=\"false\"  Name=\"Medium List 1 Accent 1\" ></w:LsdException>\n<w:LsdException Locked=\"false\"  Priority=\"99\"  SemiHidden=\"false\"  Name=\"Medium List 2 Accent 1\" ></w:LsdException>\n<w:LsdException Locked=\"false\"  Priority=\"99\"  SemiHidden=\"false\"  Name=\"Medium Grid 1 Accent 1\" ></w:LsdException>\n<w:LsdException Locked=\"false\"  Priority=\"99\"  SemiHidden=\"false\"  Name=\"Medium Grid 2 Accent 1\" ></w:LsdException>\n<w:LsdException Locked=\"false\"  Priority=\"99\"  SemiHidden=\"false\"  Name=\"Medium Grid 3 Accent 1\" ></w:LsdException>\n<w:LsdException Locked=\"false\"  Priority=\"99\"  SemiHidden=\"false\"  Name=\"Dark List Accent 1\" ></w:LsdException>\n<w:LsdException Locked=\"false\"  Priority=\"99\"  SemiHidden=\"false\"  Name=\"Colorful Shading Accent 1\" ></w:LsdException>\n<w:LsdException Locked=\"false\"  Priority=\"99\"  SemiHidden=\"false\"  Name=\"Colorful List Accent 1\" ></w:LsdException>\n<w:LsdException Locked=\"false\"  Priority=\"99\"  SemiHidden=\"false\"  Name=\"Colorful Grid Accent 1\" ></w:LsdException>\n<w:LsdException Locked=\"false\"  Priority=\"99\"  SemiHidden=\"false\"  Name=\"Light Shading Accent 2\" ></w:LsdException>\n<w:LsdException Locked=\"false\"  Priority=\"99\"  SemiHidden=\"false\"  Name=\"Light List Accent 2\" ></w:LsdException>\n<w:LsdException Locked=\"false\"  Priority=\"99\"  SemiHidden=\"false\"  Name=\"Light Grid Accent 2\" ></w:LsdException>\n<w:LsdException Locked=\"false\"  Priority=\"99\"  SemiHidden=\"false\"  Name=\"Medium Shading 1 Accent 2\" ></w:LsdException>\n<w:LsdException Locked=\"false\"  Priority=\"99\"  SemiHidden=\"false\"  Name=\"Medium Shading 2 Accent 2\" ></w:LsdException>\n<w:LsdException Locked=\"false\"  Priority=\"99\"  SemiHidden=\"false\"  Name=\"Medium List 1 Accent 2\" ></w:LsdException>\n<w:LsdException Locked=\"false\"  Priority=\"99\"  SemiHidden=\"false\"  Name=\"Medium List 2 Accent 2\" ></w:LsdException>\n<w:LsdException Locked=\"false\"  Priority=\"99\"  SemiHidden=\"false\"  Name=\"Medium Grid 1 Accent 2\" ></w:LsdException>\n<w:LsdException Locked=\"false\"  Priority=\"99\"  SemiHidden=\"false\"  Name=\"Medium Grid 2 Accent 2\" ></w:LsdException>\n<w:LsdException Locked=\"false\"  Priority=\"99\"  SemiHidden=\"false\"  Name=\"Medium Grid 3 Accent 2\" ></w:LsdException>\n<w:LsdException Locked=\"false\"  Priority=\"99\"  SemiHidden=\"false\"  Name=\"Dark List Accent 2\" ></w:LsdException>\n<w:LsdException Locked=\"false\"  Priority=\"99\"  SemiHidden=\"false\"  Name=\"Colorful Shading Accent 2\" ></w:LsdException>\n<w:LsdException Locked=\"false\"  Priority=\"99\"  SemiHidden=\"false\"  Name=\"Colorful List Accent 2\" ></w:LsdException>\n<w:LsdException Locked=\"false\"  Priority=\"99\"  SemiHidden=\"false\"  Name=\"Colorful Grid Accent 2\" ></w:LsdException>\n<w:LsdException Locked=\"false\"  Priority=\"99\"  SemiHidden=\"false\"  Name=\"Light Shading Accent 3\" ></w:LsdException>\n<w:LsdException Locked=\"false\"  Priority=\"99\"  SemiHidden=\"false\"  Name=\"Light List Accent 3\" ></w:LsdException>\n<w:LsdException Locked=\"false\"  Priority=\"99\"  SemiHidden=\"false\"  Name=\"Light Grid Accent 3\" ></w:LsdException>\n<w:LsdException Locked=\"false\"  Priority=\"99\"  SemiHidden=\"false\"  Name=\"Medium Shading 1 Accent 3\" ></w:LsdException>\n<w:LsdException Locked=\"false\"  Priority=\"99\"  SemiHidden=\"false\"  Name=\"Medium Shading 2 Accent 3\" ></w:LsdException>\n<w:LsdException Locked=\"false\"  Priority=\"99\"  SemiHidden=\"false\"  Name=\"Medium List 1 Accent 3\" ></w:LsdException>\n<w:LsdException Locked=\"false\"  Priority=\"99\"  SemiHidden=\"false\"  Name=\"Medium List 2 Accent 3\" ></w:LsdException>\n<w:LsdException Locked=\"false\"  Priority=\"99\"  SemiHidden=\"false\"  Name=\"Medium Grid 1 Accent 3\" ></w:LsdException>\n<w:LsdException Locked=\"false\"  Priority=\"99\"  SemiHidden=\"false\"  Name=\"Medium Grid 2 Accent 3\" ></w:LsdException>\n<w:LsdException Locked=\"false\"  Priority=\"99\"  SemiHidden=\"false\"  Name=\"Medium Grid 3 Accent 3\" ></w:LsdException>\n<w:LsdException Locked=\"false\"  Priority=\"99\"  SemiHidden=\"false\"  Name=\"Dark List Accent 3\" ></w:LsdException>\n<w:LsdException Locked=\"false\"  Priority=\"99\"  SemiHidden=\"false\"  Name=\"Colorful Shading Accent 3\" ></w:LsdException>\n<w:LsdException Locked=\"false\"  Priority=\"99\"  SemiHidden=\"false\"  Name=\"Colorful List Accent 3\" ></w:LsdException>\n<w:LsdException Locked=\"false\"  Priority=\"99\"  SemiHidden=\"false\"  Name=\"Colorful Grid Accent 3\" ></w:LsdException>\n<w:LsdException Locked=\"false\"  Priority=\"99\"  SemiHidden=\"false\"  Name=\"Light Shading Accent 4\" ></w:LsdException>\n<w:LsdException Locked=\"false\"  Priority=\"99\"  SemiHidden=\"false\"  Name=\"Light List Accent 4\" ></w:LsdException>\n<w:LsdException Locked=\"false\"  Priority=\"99\"  SemiHidden=\"false\"  Name=\"Light Grid Accent 4\" ></w:LsdException>\n<w:LsdException Locked=\"false\"  Priority=\"99\"  SemiHidden=\"false\"  Name=\"Medium Shading 1 Accent 4\" ></w:LsdException>\n<w:LsdException Locked=\"false\"  Priority=\"99\"  SemiHidden=\"false\"  Name=\"Medium Shading 2 Accent 4\" ></w:LsdException>\n<w:LsdException Locked=\"false\"  Priority=\"99\"  SemiHidden=\"false\"  Name=\"Medium List 1 Accent 4\" ></w:LsdException>\n<w:LsdException Locked=\"false\"  Priority=\"99\"  SemiHidden=\"false\"  Name=\"Medium List 2 Accent 4\" ></w:LsdException>\n<w:LsdException Locked=\"false\"  Priority=\"99\"  SemiHidden=\"false\"  Name=\"Medium Grid 1 Accent 4\" ></w:LsdException>\n<w:LsdException Locked=\"false\"  Priority=\"99\"  SemiHidden=\"false\"  Name=\"Medium Grid 2 Accent 4\" ></w:LsdException>\n<w:LsdException Locked=\"false\"  Priority=\"99\"  SemiHidden=\"false\"  Name=\"Medium Grid 3 Accent 4\" ></w:LsdException>\n<w:LsdException Locked=\"false\"  Priority=\"99\"  SemiHidden=\"false\"  Name=\"Dark List Accent 4\" ></w:LsdException>\n<w:LsdException Locked=\"false\"  Priority=\"99\"  SemiHidden=\"false\"  Name=\"Colorful Shading Accent 4\" ></w:LsdException>\n<w:LsdException Locked=\"false\"  Priority=\"99\"  SemiHidden=\"false\"  Name=\"Colorful List Accent 4\" ></w:LsdException>\n<w:LsdException Locked=\"false\"  Priority=\"99\"  SemiHidden=\"false\"  Name=\"Colorful Grid Accent 4\" ></w:LsdException>\n<w:LsdException Locked=\"false\"  Priority=\"99\"  SemiHidden=\"false\"  Name=\"Light Shading Accent 5\" ></w:LsdException>\n<w:LsdException Locked=\"false\"  Priority=\"99\"  SemiHidden=\"false\"  Name=\"Light List Accent 5\" ></w:LsdException>\n<w:LsdException Locked=\"false\"  Priority=\"99\"  SemiHidden=\"false\"  Name=\"Light Grid Accent 5\" ></w:LsdException>\n<w:LsdException Locked=\"false\"  Priority=\"99\"  SemiHidden=\"false\"  Name=\"Medium Shading 1 Accent 5\" ></w:LsdException>\n<w:LsdException Locked=\"false\"  Priority=\"99\"  SemiHidden=\"false\"  Name=\"Medium Shading 2 Accent 5\" ></w:LsdException>\n<w:LsdException Locked=\"false\"  Priority=\"99\"  SemiHidden=\"false\"  Name=\"Medium List 1 Accent 5\" ></w:LsdException>\n<w:LsdException Locked=\"false\"  Priority=\"99\"  SemiHidden=\"false\"  Name=\"Medium List 2 Accent 5\" ></w:LsdException>\n<w:LsdException Locked=\"false\"  Priority=\"99\"  SemiHidden=\"false\"  Name=\"Medium Grid 1 Accent 5\" ></w:LsdException>\n<w:LsdException Locked=\"false\"  Priority=\"99\"  SemiHidden=\"false\"  Name=\"Medium Grid 2 Accent 5\" ></w:LsdException>\n<w:LsdException Locked=\"false\"  Priority=\"99\"  SemiHidden=\"false\"  Name=\"Medium Grid 3 Accent 5\" ></w:LsdException>\n<w:LsdException Locked=\"false\"  Priority=\"99\"  SemiHidden=\"false\"  Name=\"Dark List Accent 5\" ></w:LsdException>\n<w:LsdException Locked=\"false\"  Priority=\"99\"  SemiHidden=\"false\"  Name=\"Colorful Shading Accent 5\" ></w:LsdException>\n<w:LsdException Locked=\"false\"  Priority=\"99\"  SemiHidden=\"false\"  Name=\"Colorful List Accent 5\" ></w:LsdException>\n<w:LsdException Locked=\"false\"  Priority=\"99\"  SemiHidden=\"false\"  Name=\"Colorful Grid Accent 5\" ></w:LsdException>\n<w:LsdException Locked=\"false\"  Priority=\"99\"  SemiHidden=\"false\"  Name=\"Light Shading Accent 6\" ></w:LsdException>\n<w:LsdException Locked=\"false\"  Priority=\"99\"  SemiHidden=\"false\"  Name=\"Light List Accent 6\" ></w:LsdException>\n<w:LsdException Locked=\"false\"  Priority=\"99\"  SemiHidden=\"false\"  Name=\"Light Grid Accent 6\" ></w:LsdException>\n<w:LsdException Locked=\"false\"  Priority=\"99\"  SemiHidden=\"false\"  Name=\"Medium Shading 1 Accent 6\" ></w:LsdException>\n<w:LsdException Locked=\"false\"  Priority=\"99\"  SemiHidden=\"false\"  Name=\"Medium Shading 2 Accent 6\" ></w:LsdException>\n<w:LsdException Locked=\"false\"  Priority=\"99\"  SemiHidden=\"false\"  Name=\"Medium List 1 Accent 6\" ></w:LsdException>\n<w:LsdException Locked=\"false\"  Priority=\"99\"  SemiHidden=\"false\"  Name=\"Medium List 2 Accent 6\" ></w:LsdException>\n<w:LsdException Locked=\"false\"  Priority=\"99\"  SemiHidden=\"false\"  Name=\"Medium Grid 1 Accent 6\" ></w:LsdException>\n<w:LsdException Locked=\"false\"  Priority=\"99\"  SemiHidden=\"false\"  Name=\"Medium Grid 2 Accent 6\" ></w:LsdException>\n<w:LsdException Locked=\"false\"  Priority=\"99\"  SemiHidden=\"false\"  Name=\"Medium Grid 3 Accent 6\" ></w:LsdException>\n<w:LsdException Locked=\"false\"  Priority=\"99\"  SemiHidden=\"false\"  Name=\"Dark List Accent 6\" ></w:LsdException>\n<w:LsdException Locked=\"false\"  Priority=\"99\"  SemiHidden=\"false\"  Name=\"Colorful Shading Accent 6\" ></w:LsdException>\n<w:LsdException Locked=\"false\"  Priority=\"99\"  SemiHidden=\"false\"  Name=\"Colorful List Accent 6\" ></w:LsdException>\n<w:LsdException Locked=\"false\"  Priority=\"99\"  SemiHidden=\"false\"  Name=\"Colorful Grid Accent 6\" ></w:LsdException>\n</w:LatentStyles></xml><![endif]--></p><p>了解入孵企业发展近况及需求，帮助企业申报软著、专利及商标，填补企业知识产权方面空白。</p>','15861800435',0,0,5,_binary '','2023-04-30 00:47:50',NULL,_binary '\0','liqingsong','2023-04-30 00:47:47','liqingsong','2023-04-30 00:49:11',1,1),(9,'双十一活动','2024-10-23 19:35:00','2024-10-31 19:35:00','2024-11-01 19:35:00','2024-11-11 19:35:00','产业园内',NULL,NULL,'<p>test123</p>','138123456',0,0,0,_binary '','2024-10-23 19:36:55',NULL,_binary '\0','manager','2024-10-23 19:36:50','manager','2024-10-23 19:36:55',1,1);
/*!40000 ALTER TABLE `dpo_activity` ENABLE KEYS */;
UNLOCK TABLES;

--
-- Table structure for table `dpo_activity_detail`
--

DROP TABLE IF EXISTS `dpo_activity_detail`;
/*!40101 SET @saved_cs_client     = @@character_set_client */;
/*!50503 SET character_set_client = utf8mb4 */;
CREATE TABLE `dpo_activity_detail` (
  `id` int NOT NULL AUTO_INCREMENT COMMENT 'Id',
  `user_name` varchar(255) DEFAULT NULL COMMENT '用户名',
  `sex` char(1) DEFAULT NULL COMMENT '用户性别',
  `phone` varchar(64) DEFAULT NULL COMMENT '手机号',
  `sign_date` datetime DEFAULT NULL COMMENT '报名时间',
  `user_id` int DEFAULT NULL COMMENT '用户表id',
  `park_id` int DEFAULT NULL COMMENT '园区id',
  `act_id` int DEFAULT NULL COMMENT '活动id',
  `version` int DEFAULT NULL COMMENT '版本',
  `delete_flag` bit(1) DEFAULT NULL COMMENT '删除标记',
  `create_by` varchar(64) DEFAULT '' COMMENT '创建者',
  `create_time` datetime DEFAULT NULL COMMENT '创建时间',
  `update_by` varchar(64) DEFAULT '' COMMENT '更新者',
  `update_time` datetime DEFAULT NULL COMMENT '更新时间',
  `tenant_id` int DEFAULT NULL COMMENT '租户ID',
  PRIMARY KEY (`id`)
) ENGINE=InnoDB DEFAULT CHARSET=utf8mb3 COMMENT='活动报名详情';
/*!40101 SET character_set_client = @saved_cs_client */;

--
-- Dumping data for table `dpo_activity_detail`
--

LOCK TABLES `dpo_activity_detail` WRITE;
/*!40000 ALTER TABLE `dpo_activity_detail` DISABLE KEYS */;
/*!40000 ALTER TABLE `dpo_activity_detail` ENABLE KEYS */;
UNLOCK TABLES;

--
-- Table structure for table `dpo_apply_move_in`
--

DROP TABLE IF EXISTS `dpo_apply_move_in`;
/*!40101 SET @saved_cs_client     = @@character_set_client */;
/*!50503 SET character_set_client = utf8mb4 */;
CREATE TABLE `dpo_apply_move_in` (
  `id` int NOT NULL AUTO_INCREMENT,
  `type` int DEFAULT NULL COMMENT '申请业务',
  `apply_name` varchar(255) DEFAULT NULL COMMENT '申请人',
  `address` varchar(255) DEFAULT NULL COMMENT '承租物业地址',
  `area` decimal(20,6) DEFAULT NULL COMMENT '租赁物业面积',
  `user_name` varchar(255) DEFAULT NULL COMMENT '姓名',
  `status` int DEFAULT NULL COMMENT '审批状态',
  `phone` varchar(32) DEFAULT NULL COMMENT '联系电话',
  `contract_no` varchar(125) DEFAULT NULL COMMENT '物业合同编号',
  `rent_start_time` datetime DEFAULT NULL COMMENT '租赁开始时间',
  `rent_end_time` datetime DEFAULT NULL COMMENT '租赁结束时间',
  `company_name` varchar(255) DEFAULT NULL COMMENT '拟成立/迁入企业名称',
  `relation` int DEFAULT NULL COMMENT '与申请人关系：子公司/分公司/其他',
  `promise` varchar(255) DEFAULT NULL COMMENT '申请人承诺',
  `remark` varchar(255) DEFAULT NULL COMMENT '审批意见',
  `create_user_id` int DEFAULT NULL COMMENT '创建人id',
  `create_by` varchar(64) DEFAULT '' COMMENT '创建者',
  `create_time` datetime DEFAULT NULL COMMENT '创建时间',
  `update_by` varchar(64) DEFAULT '' COMMENT '更新者',
  `update_time` datetime DEFAULT NULL COMMENT '更新时间',
  `version` int DEFAULT NULL COMMENT '版本',
  `delete_flag` bit(1) DEFAULT NULL COMMENT '删除标记',
  `tenant_id` int DEFAULT NULL COMMENT '租户ID',
  `park_id` int DEFAULT NULL COMMENT '园区ID',
  PRIMARY KEY (`id`)
) ENGINE=InnoDB AUTO_INCREMENT=6 DEFAULT CHARSET=utf8mb3 COMMENT='注册迁入申请';
/*!40101 SET character_set_client = @saved_cs_client */;

--
-- Dumping data for table `dpo_apply_move_in`
--

LOCK TABLES `dpo_apply_move_in` WRITE;
/*!40000 ALTER TABLE `dpo_apply_move_in` DISABLE KEYS */;
INSERT INTO `dpo_apply_move_in` VALUES (4,0,'宿迁旭高科技有限公司','丰县高新技术创业园科技企业孵化器C栋211',1200.000000,'王兵',1,'15861808897','101011','2023-04-21 00:00:00','2023-04-21 00:00:00','丰县旭高科技有限公司',1,'申请人承诺，自《场地服务合同》变更、解除或终止之日起10日内，办结申请人及上述拟成立企业等关联关系单位的工商地址变更、迁出或注销手续。否则，因此产生的责任和后果由我方承担，且贵方有权追究我方违约责任。',NULL,654,'15861808897','2023-04-21 11:27:44','liqingsong','2023-04-29 23:18:33',NULL,_binary '\0',1,1),(5,0,'测试企业','丰县高新',1000.000000,'李青松',0,'18952219500','1212','2023-04-21 00:00:00','2023-04-21 00:00:00','测试企业',0,'申请人承诺，自《场地服务合同》变更、解除或终止之日起10日内，办结申请人及上述拟成立企业等关联关系单位的工商地址变更、迁出或注销手续。否则，因此产生的责任和后果由我方承担，且贵方有权追究我方违约责任。',NULL,654,'15861808897','2023-04-21 11:33:25','',NULL,0,_binary '\0',1,1);
/*!40000 ALTER TABLE `dpo_apply_move_in` ENABLE KEYS */;
UNLOCK TABLES;

--
-- Table structure for table `dpo_apply_move_in_file`
--

DROP TABLE IF EXISTS `dpo_apply_move_in_file`;
/*!40101 SET @saved_cs_client     = @@character_set_client */;
/*!50503 SET character_set_client = utf8mb4 */;
CREATE TABLE `dpo_apply_move_in_file` (
  `id` int NOT NULL AUTO_INCREMENT,
  `move_in_id` int NOT NULL COMMENT '注册迁入id',
  `file_name` varchar(255) DEFAULT NULL COMMENT '文件名称',
  `file_path` varchar(255) DEFAULT NULL COMMENT '文件路径',
  PRIMARY KEY (`id`)
) ENGINE=InnoDB DEFAULT CHARSET=utf8mb3 COMMENT='注册迁入申请上传文件';
/*!40101 SET character_set_client = @saved_cs_client */;

--
-- Dumping data for table `dpo_apply_move_in_file`
--

LOCK TABLES `dpo_apply_move_in_file` WRITE;
/*!40000 ALTER TABLE `dpo_apply_move_in_file` DISABLE KEYS */;
/*!40000 ALTER TABLE `dpo_apply_move_in_file` ENABLE KEYS */;
UNLOCK TABLES;

--
-- Table structure for table `dpo_apply_park`
--

DROP TABLE IF EXISTS `dpo_apply_park`;
/*!40101 SET @saved_cs_client     = @@character_set_client */;
/*!50503 SET character_set_client = utf8mb4 */;
CREATE TABLE `dpo_apply_park` (
  `id` int NOT NULL AUTO_INCREMENT,
  `name` varchar(255) NOT NULL COMMENT '入园企业名称',
  `type` int DEFAULT NULL COMMENT '公司原办公地址',
  `is_register` bit(1) DEFAULT NULL COMMENT '是否注册',
  `oper_name` varchar(255) DEFAULT NULL COMMENT '法人代表',
  `regist_capi` varchar(128) DEFAULT NULL COMMENT '注册资本',
  `econ_kind` varchar(255) DEFAULT NULL COMMENT '公司类型(企业性质)',
  `nation` varchar(255) DEFAULT NULL COMMENT '国家',
  `user_name` varchar(64) DEFAULT NULL COMMENT '姓名',
  `status` int DEFAULT NULL COMMENT '审批状态',
  `position` varchar(255) DEFAULT NULL COMMENT '职务',
  `phone` varchar(32) DEFAULT NULL COMMENT '联系电话',
  `qq` varchar(32) DEFAULT NULL COMMENT '联系QQ',
  `email` varchar(255) DEFAULT NULL COMMENT '邮箱',
  `site` varchar(255) DEFAULT NULL COMMENT '网址',
  `persons` int DEFAULT NULL COMMENT '公司人数',
  `is_compliance` bit(1) DEFAULT NULL COMMENT '是否合法合规',
  `pre_year_value` decimal(20,6) DEFAULT NULL COMMENT '预估年产值',
  `start_date` datetime DEFAULT NULL COMMENT '期望入驻开始时间',
  `end_date` datetime DEFAULT NULL COMMENT '期望入驻结束时间',
  `apply_area` decimal(20,6) DEFAULT NULL COMMENT '申请办公面积',
  `profile` varchar(255) DEFAULT NULL COMMENT '简介',
  `scope` text COMMENT '主要业务范围',
  `advantage` text COMMENT '企业优势',
  `reason` varchar(255) DEFAULT NULL COMMENT '申请入驻原因',
  `memo` varchar(255) DEFAULT NULL COMMENT '备注',
  `remark` varchar(255) DEFAULT NULL COMMENT '审批意见',
  `create_user_id` int DEFAULT NULL COMMENT '创建者id',
  `create_by` varchar(64) DEFAULT '' COMMENT '创建者',
  `create_time` datetime DEFAULT NULL COMMENT '创建时间',
  `update_by` varchar(64) DEFAULT '' COMMENT '更新者',
  `update_time` datetime DEFAULT NULL COMMENT '更新时间',
  `version` int DEFAULT NULL COMMENT '版本',
  `delete_flag` bit(1) DEFAULT NULL COMMENT '删除标记',
  `tenant_id` int DEFAULT NULL COMMENT '租户ID',
  `park_id` int DEFAULT NULL COMMENT '园区ID',
  PRIMARY KEY (`id`)
) ENGINE=InnoDB AUTO_INCREMENT=10 DEFAULT CHARSET=utf8mb3 COMMENT='入园申请';
/*!40101 SET character_set_client = @saved_cs_client */;

--
-- Dumping data for table `dpo_apply_park`
--

LOCK TABLES `dpo_apply_park` WRITE;
/*!40000 ALTER TABLE `dpo_apply_park` DISABLE KEYS */;
INSERT INTO `dpo_apply_park` VALUES (9,'新型工业环保设备产业化项目',2,_binary '\0','徐国栋','200',NULL,NULL,'徐帅',1,'总经理','18851461112',NULL,'18851461112@139.com',NULL,NULL,_binary '',500.000000,'2023-04-06 00:00:00','2023-04-30 00:00:00',80.000000,'专注于粉尘处理设备、工业粉尘处理、废气处理环保工程环保咨询、规划设计、研发生产、安装施工、运营维护为一体的粉尘处理设备厂家，为制造、化工、医药、喷涂、冶炼等工业客户提供系统化的环保治理解决方案。','生物除臭塔、气旋塔、PP喷淋塔等','无','无','','同意入孵',654,'15861808897','2023-04-06 09:50:56','liqingsong','2023-04-29 23:18:10',NULL,_binary '\0',1,1);
/*!40000 ALTER TABLE `dpo_apply_park` ENABLE KEYS */;
UNLOCK TABLES;

--
-- Table structure for table `dpo_apply_park_file`
--

DROP TABLE IF EXISTS `dpo_apply_park_file`;
/*!40101 SET @saved_cs_client     = @@character_set_client */;
/*!50503 SET character_set_client = utf8mb4 */;
CREATE TABLE `dpo_apply_park_file` (
  `id` int NOT NULL AUTO_INCREMENT,
  `apply_park_id` int NOT NULL COMMENT '申请入园id',
  `file_name` varchar(255) DEFAULT NULL COMMENT '文件名称',
  `file_path` varchar(255) DEFAULT NULL COMMENT '文件路径',
  PRIMARY KEY (`id`)
) ENGINE=InnoDB AUTO_INCREMENT=2 DEFAULT CHARSET=utf8mb3 COMMENT='入园申请相关文件';
/*!40101 SET character_set_client = @saved_cs_client */;

--
-- Dumping data for table `dpo_apply_park_file`
--

LOCK TABLES `dpo_apply_park_file` WRITE;
/*!40000 ALTER TABLE `dpo_apply_park_file` DISABLE KEYS */;
/*!40000 ALTER TABLE `dpo_apply_park_file` ENABLE KEYS */;
UNLOCK TABLES;

--
-- Table structure for table `dpo_apply_room`
--

DROP TABLE IF EXISTS `dpo_apply_room`;
/*!40101 SET @saved_cs_client     = @@character_set_client */;
/*!50503 SET character_set_client = utf8mb4 */;
CREATE TABLE `dpo_apply_room` (
  `id` int NOT NULL AUTO_INCREMENT,
  `room_id` int DEFAULT NULL COMMENT '房间id',
  `user_id` int DEFAULT NULL COMMENT '申请用户id',
  PRIMARY KEY (`id`)
) ENGINE=InnoDB AUTO_INCREMENT=22 DEFAULT CHARSET=utf8mb3 COMMENT='申请房间关联表';
/*!40101 SET character_set_client = @saved_cs_client */;

--
-- Dumping data for table `dpo_apply_room`
--

LOCK TABLES `dpo_apply_room` WRITE;
/*!40000 ALTER TABLE `dpo_apply_room` DISABLE KEYS */;
INSERT INTO `dpo_apply_room` VALUES (1,3,27),(2,1,74),(3,1,82),(4,1,103),(5,1,108),(6,9,108),(7,16,239),(8,2,272),(9,2,277),(10,2,353),(11,1,368),(12,1,402),(13,1,353),(14,9,353),(15,19,353),(16,36,528),(17,38,528),(18,36,549),(19,36,569),(20,47,569),(21,53,650);
/*!40000 ALTER TABLE `dpo_apply_room` ENABLE KEYS */;
UNLOCK TABLES;

--
-- Table structure for table `dpo_apply_settle`
--

DROP TABLE IF EXISTS `dpo_apply_settle`;
/*!40101 SET @saved_cs_client     = @@character_set_client */;
/*!50503 SET character_set_client = utf8mb4 */;
CREATE TABLE `dpo_apply_settle` (
  `id` int NOT NULL AUTO_INCREMENT,
  `name` varchar(255) NOT NULL COMMENT '入驻企业名称',
  `type` int DEFAULT NULL COMMENT '公司原办公地址',
  `oper_name` varchar(255) DEFAULT NULL COMMENT '法人代表',
  `need_area` decimal(20,6) DEFAULT NULL COMMENT '所需办公面积',
  `persons` int DEFAULT NULL COMMENT '首批入驻人数',
  `start_time` datetime DEFAULT NULL COMMENT '申请入驻日期',
  `apply_time` datetime DEFAULT NULL COMMENT '申请日期',
  `phone` varchar(32) DEFAULT NULL COMMENT '联系电话',
  `user_name` varchar(255) DEFAULT NULL COMMENT '姓名',
  `email` varchar(255) DEFAULT NULL COMMENT '邮箱',
  `status` int DEFAULT NULL COMMENT '审批状态',
  `remark` varchar(255) DEFAULT NULL COMMENT '审批意见',
  `create_user_id` int DEFAULT NULL COMMENT '创建用户id',
  `create_by` varchar(64) DEFAULT '' COMMENT '创建者',
  `create_time` datetime DEFAULT NULL COMMENT '创建时间',
  `update_by` varchar(64) DEFAULT '' COMMENT '更新者',
  `update_time` datetime DEFAULT NULL COMMENT '更新时间',
  `version` int DEFAULT NULL COMMENT '版本',
  `delete_flag` bit(1) DEFAULT NULL COMMENT '删除标记',
  `tenant_id` int DEFAULT NULL COMMENT '租户ID',
  `park_id` int DEFAULT NULL COMMENT '园区ID',
  PRIMARY KEY (`id`)
) ENGINE=InnoDB AUTO_INCREMENT=9 DEFAULT CHARSET=utf8mb3 COMMENT='入驻申请';
/*!40101 SET character_set_client = @saved_cs_client */;

--
-- Dumping data for table `dpo_apply_settle`
--

LOCK TABLES `dpo_apply_settle` WRITE;
/*!40000 ALTER TABLE `dpo_apply_settle` DISABLE KEYS */;
INSERT INTO `dpo_apply_settle` VALUES (6,'测试企业',0,'李青松',20.000000,1,'2023-04-21 00:00:00',NULL,'15861808897','李青松','15861808897@139.com',1,NULL,654,'15861808897','2023-04-21 11:34:19','liqingsong','2023-04-29 23:18:18',NULL,_binary '\0',1,1),(7,'测试',0,'测试',50.000000,10,'2023-04-21 00:00:00',NULL,'15861808897','测试','15861808897@139.com',2,NULL,654,'15861808897','2023-04-21 11:40:34','liqingsong','2023-04-29 23:18:24',NULL,_binary '\0',1,1),(8,'1111',0,'111',111.000000,111,'2023-05-19 00:00:00',NULL,'13800138000','111','111',0,NULL,654,'90486374908','2023-05-19 14:43:55','',NULL,0,_binary '\0',NULL,11);
/*!40000 ALTER TABLE `dpo_apply_settle` ENABLE KEYS */;
UNLOCK TABLES;

--
-- Table structure for table `dpo_apply_settle_file`
--

DROP TABLE IF EXISTS `dpo_apply_settle_file`;
/*!40101 SET @saved_cs_client     = @@character_set_client */;
/*!50503 SET character_set_client = utf8mb4 */;
CREATE TABLE `dpo_apply_settle_file` (
  `id` int NOT NULL AUTO_INCREMENT,
  `apply_settle_id` int NOT NULL COMMENT '申请入驻id',
  `file_name` varchar(255) DEFAULT NULL COMMENT '文件名称',
  `file_path` varchar(255) NOT NULL COMMENT '文件路径',
  `tenant_id` int DEFAULT NULL COMMENT '租户ID',
  PRIMARY KEY (`id`)
) ENGINE=InnoDB AUTO_INCREMENT=2 DEFAULT CHARSET=utf8mb3 COMMENT='入驻申请相关文件';
/*!40101 SET character_set_client = @saved_cs_client */;

--
-- Dumping data for table `dpo_apply_settle_file`
--

LOCK TABLES `dpo_apply_settle_file` WRITE;
/*!40000 ALTER TABLE `dpo_apply_settle_file` DISABLE KEYS */;
/*!40000 ALTER TABLE `dpo_apply_settle_file` ENABLE KEYS */;
UNLOCK TABLES;

--
-- Table structure for table `dpo_bill_warn_setting`
--

DROP TABLE IF EXISTS `dpo_bill_warn_setting`;
/*!40101 SET @saved_cs_client     = @@character_set_client */;
/*!50503 SET character_set_client = utf8mb4 */;
CREATE TABLE `dpo_bill_warn_setting` (
  `id` int NOT NULL AUTO_INCREMENT COMMENT 'ID',
  `num` int DEFAULT NULL COMMENT '天数或月数',
  `unit` int DEFAULT NULL COMMENT '单位:0-月,1-天',
  `create_by` varchar(64) DEFAULT '' COMMENT '创建者',
  `create_time` datetime DEFAULT NULL COMMENT '创建时间',
  `update_by` varchar(64) DEFAULT '' COMMENT '更新者',
  `update_time` datetime DEFAULT NULL COMMENT '更新时间',
  `tenant_id` int DEFAULT NULL COMMENT '租户ID',
  `park_id` int DEFAULT NULL COMMENT '园区id',
  `version` int DEFAULT NULL COMMENT '版本号',
  `delete_flag` bit(1) DEFAULT NULL COMMENT '删除标识',
  PRIMARY KEY (`id`)
) ENGINE=InnoDB AUTO_INCREMENT=3 DEFAULT CHARSET=utf8mb3 COMMENT='账单预警';
/*!40101 SET character_set_client = @saved_cs_client */;

--
-- Dumping data for table `dpo_bill_warn_setting`
--

LOCK TABLES `dpo_bill_warn_setting` WRITE;
/*!40000 ALTER TABLE `dpo_bill_warn_setting` DISABLE KEYS */;
/*!40000 ALTER TABLE `dpo_bill_warn_setting` ENABLE KEYS */;
UNLOCK TABLES;

--
-- Table structure for table `dpo_building`
--

DROP TABLE IF EXISTS `dpo_building`;
/*!40101 SET @saved_cs_client     = @@character_set_client */;
/*!50503 SET character_set_client = utf8mb4 */;
CREATE TABLE `dpo_building` (
  `id` int NOT NULL AUTO_INCREMENT COMMENT '楼宇ID',
  `building_name` varchar(255) DEFAULT NULL COMMENT '楼宇名称',
  `building_pic` varchar(255) DEFAULT NULL COMMENT '楼宇平面图',
  `remark` text COMMENT '备注',
  `version` int DEFAULT NULL COMMENT '版本',
  `delete_flag` bit(1) DEFAULT NULL COMMENT '删除标记',
  `create_by` varchar(64) DEFAULT '' COMMENT '创建者',
  `create_time` datetime DEFAULT NULL COMMENT '创建时间',
  `update_by` varchar(64) DEFAULT '' COMMENT '更新者',
  `update_time` datetime DEFAULT NULL COMMENT '更新时间',
  `tenant_id` int DEFAULT NULL COMMENT '租户ID',
  `park_id` int DEFAULT NULL COMMENT '园区ID',
  PRIMARY KEY (`id`)
) ENGINE=InnoDB AUTO_INCREMENT=164 DEFAULT CHARSET=utf8mb3 COMMENT='楼宇管理';
/*!40101 SET character_set_client = @saved_cs_client */;

--
-- Dumping data for table `dpo_building`
--

LOCK TABLES `dpo_building` WRITE;
/*!40000 ALTER TABLE `dpo_building` DISABLE KEYS */;
INSERT INTO `dpo_building` VALUES (158,'A栋',NULL,NULL,0,_binary '\0','admin2','2023-04-04 20:32:46','',NULL,1,1),(159,'B栋',NULL,NULL,NULL,_binary '\0','admin2','2023-04-04 20:33:16','admin2','2023-04-04 20:33:37',1,1),(160,'C栋',NULL,NULL,0,_binary '\0','admin2','2023-04-04 20:33:52','',NULL,1,1),(161,'7栋',NULL,NULL,0,_binary '','liqingsong','2023-04-29 07:54:50','',NULL,1,1),(163,'D栋',NULL,'D栋D栋',0,_binary '\0','manager','2024-10-23 20:15:49','',NULL,1,1);
/*!40000 ALTER TABLE `dpo_building` ENABLE KEYS */;
UNLOCK TABLES;

--
-- Table structure for table `dpo_building_detail`
--

DROP TABLE IF EXISTS `dpo_building_detail`;
/*!40101 SET @saved_cs_client     = @@character_set_client */;
/*!50503 SET character_set_client = utf8mb4 */;
CREATE TABLE `dpo_building_detail` (
  `id` int NOT NULL AUTO_INCREMENT COMMENT '楼层ID',
  `building_id` int DEFAULT NULL COMMENT '楼宇id',
  `floor_num` int DEFAULT NULL COMMENT '楼层编号',
  `floor_name` varchar(255) DEFAULT NULL COMMENT '楼层名称',
  `floor_pic` varchar(255) DEFAULT NULL COMMENT '楼层平面图',
  `create_by` varchar(64) DEFAULT '' COMMENT '创建者',
  `create_time` datetime DEFAULT NULL COMMENT '创建时间',
  `update_by` varchar(64) DEFAULT '' COMMENT '更新者',
  `update_time` datetime DEFAULT NULL COMMENT '更新时间',
  `version` int DEFAULT NULL COMMENT '版本',
  `delete_flag` bit(1) DEFAULT NULL COMMENT '删除标记',
  `tenant_id` int DEFAULT NULL COMMENT '租户ID',
  `park_id` int DEFAULT NULL COMMENT '园区ID',
  PRIMARY KEY (`id`)
) ENGINE=InnoDB AUTO_INCREMENT=232 DEFAULT CHARSET=utf8mb3 COMMENT='楼层管理';
/*!40101 SET character_set_client = @saved_cs_client */;

--
-- Dumping data for table `dpo_building_detail`
--

LOCK TABLES `dpo_building_detail` WRITE;
/*!40000 ALTER TABLE `dpo_building_detail` DISABLE KEYS */;
INSERT INTO `dpo_building_detail` VALUES (143,158,1,'休闲区',NULL,'admin2','2023-04-04 20:38:43','',NULL,0,_binary '\0',1,1),(144,158,2,'公共服务区',NULL,'admin2','2023-04-04 20:38:58','',NULL,0,_binary '\0',1,1),(145,158,3,'企业孵化区（3楼）',NULL,'admin2','2023-04-04 20:39:09','',NULL,0,_binary '\0',1,1),(146,158,4,'企业孵化区（4楼）',NULL,'admin2','2023-04-04 20:39:18','',NULL,0,_binary '\0',1,1),(147,160,1,'中试厂房1F',NULL,'admin2','2023-04-04 20:40:04','admin2','2023-04-04 20:40:29',NULL,_binary '\0',1,1),(148,160,2,'中试厂房2F',NULL,'admin2','2023-04-04 20:40:49','admin2','2023-04-04 20:41:11',NULL,_binary '\0',1,1),(149,160,3,'中试厂房3F',NULL,'admin2','2023-04-04 20:41:40','',NULL,0,_binary '\0',1,1),(150,160,4,'中试厂房4F',NULL,'admin2','2023-04-04 20:41:52','',NULL,0,_binary '\0',1,1);
/*!40000 ALTER TABLE `dpo_building_detail` ENABLE KEYS */;
UNLOCK TABLES;

--
-- Table structure for table `dpo_clue`
--

DROP TABLE IF EXISTS `dpo_clue`;
/*!40101 SET @saved_cs_client     = @@character_set_client */;
/*!50503 SET character_set_client = utf8mb4 */;
CREATE TABLE `dpo_clue` (
  `id` int NOT NULL AUTO_INCREMENT,
  `clue_name` varchar(255) DEFAULT NULL COMMENT '主题',
  `source` varchar(32) DEFAULT NULL COMMENT '线索来源:0-现场接待，1-主动电访，2-邮件，3-客户来电，4-短信，5-上门拜访',
  `channel_category` varchar(32) DEFAULT NULL COMMENT '渠道分类:0-中价公司，1-广告，2-合作推荐，3-自开发渠道',
  `channel_name` varchar(255) DEFAULT NULL COMMENT '渠道名称',
  `remark` varchar(255) DEFAULT NULL COMMENT '详细描述',
  `customer_name` varchar(255) DEFAULT NULL COMMENT '客户名称',
  `customer_status` varchar(8) DEFAULT NULL COMMENT '状态：0-激活，1-已关闭，2-已转客户',
  `assignment_time` datetime DEFAULT NULL COMMENT '分派时间',
  `assignment_status` varchar(32) DEFAULT NULL COMMENT '分派状态:(0-待分配，1-已分派)',
  `user_id` int DEFAULT NULL COMMENT '对接人id',
  `close_reason` varchar(32) DEFAULT NULL COMMENT '关闭原因:0-电话打不通，1-客户暂无需求，2—客户需求已经满足，3—重复线索，4-其他',
  `close_explain` varchar(255) DEFAULT NULL COMMENT '关闭说明',
  `customer_type` varchar(32) DEFAULT NULL COMMENT '客户类型(0-公司，1-个人)',
  `credit_no` varchar(255) DEFAULT NULL COMMENT '纳税人识别号',
  `sector` varchar(255) DEFAULT NULL COMMENT '所属行业',
  `contacts` varchar(255) DEFAULT NULL COMMENT '联系人',
  `phone` varchar(32) DEFAULT NULL COMMENT '联系电话',
  `email` varchar(255) DEFAULT NULL COMMENT '邮箱',
  `mail_address` varchar(255) DEFAULT NULL COMMENT '通讯地址',
  `postal_code` varchar(16) DEFAULT NULL COMMENT '邮编',
  `version` int DEFAULT NULL COMMENT '版本',
  `delete_flag` bit(1) DEFAULT NULL COMMENT '删除标记',
  `create_by` varchar(64) DEFAULT '' COMMENT '创建者',
  `create_time` datetime DEFAULT NULL COMMENT '创建时间',
  `update_by` varchar(64) DEFAULT '' COMMENT '更新者',
  `update_time` datetime DEFAULT NULL COMMENT '更新时间',
  `tenant_id` int DEFAULT NULL COMMENT '租户ID',
  `park_id` int DEFAULT NULL COMMENT '园区id',
  PRIMARY KEY (`id`)
) ENGINE=InnoDB AUTO_INCREMENT=50 DEFAULT CHARSET=utf8mb3 COMMENT='线索管理';
/*!40101 SET character_set_client = @saved_cs_client */;

--
-- Dumping data for table `dpo_clue`
--

LOCK TABLES `dpo_clue` WRITE;
/*!40000 ALTER TABLE `dpo_clue` DISABLE KEYS */;
INSERT INTO `dpo_clue` VALUES (49,'新能源','0','0','111','描述','xxx新能源科技有限公司','0','2024-10-23 20:38:18','1',87,NULL,NULL,'0','370211111','新能源','张三','137123456','alivan1213@sina.com','通讯地址通讯地址','200000',NULL,_binary '\0','manager','2024-10-23 20:29:30','manager','2024-10-25 15:36:36',1,1);
/*!40000 ALTER TABLE `dpo_clue` ENABLE KEYS */;
UNLOCK TABLES;

--
-- Table structure for table `dpo_clue_investigation`
--

DROP TABLE IF EXISTS `dpo_clue_investigation`;
/*!40101 SET @saved_cs_client     = @@character_set_client */;
/*!50503 SET character_set_client = utf8mb4 */;
CREATE TABLE `dpo_clue_investigation` (
  `id` int NOT NULL AUTO_INCREMENT,
  `clue_id` int DEFAULT NULL COMMENT '线索id',
  `intention_state` varchar(32) DEFAULT NULL COMMENT '意向状态（0-强烈，1-一般，2-无，3-未知）',
  `investigation_time` date DEFAULT NULL COMMENT '跟进时间',
  `investigation_mode` varchar(32) DEFAULT NULL COMMENT '跟进方式（0-客户上门，1-主动拜访，2-客户来电，3-主动电访，4-短信，5-微信，6-邮件，7-其他）',
  `investigation_record` varchar(255) DEFAULT NULL COMMENT '跟进记录',
  `plan_time` date DEFAULT NULL COMMENT '计划跟进时间',
  `plan_detailed` varchar(255) DEFAULT NULL COMMENT '计划跟进内容',
  `version` int DEFAULT NULL COMMENT '版本',
  `delete_flag` bit(1) DEFAULT NULL COMMENT '删除标记',
  `create_by` varchar(64) DEFAULT '' COMMENT '创建者',
  `create_time` datetime DEFAULT NULL COMMENT '创建时间',
  `update_by` varchar(64) DEFAULT '' COMMENT '更新者',
  `update_time` datetime DEFAULT NULL COMMENT '更新时间',
  `tenant_id` int DEFAULT NULL COMMENT '租户ID',
  `park_id` int DEFAULT NULL COMMENT '园区id',
  PRIMARY KEY (`id`)
) ENGINE=InnoDB AUTO_INCREMENT=20 DEFAULT CHARSET=utf8mb3 COMMENT='线索跟进';
/*!40101 SET character_set_client = @saved_cs_client */;

--
-- Dumping data for table `dpo_clue_investigation`
--

LOCK TABLES `dpo_clue_investigation` WRITE;
/*!40000 ALTER TABLE `dpo_clue_investigation` DISABLE KEYS */;
INSERT INTO `dpo_clue_investigation` VALUES (19,49,'0','2024-10-23','2',NULL,'2024-10-23','11',0,_binary '\0','manager','2024-10-23 20:39:52','',NULL,1,1);
/*!40000 ALTER TABLE `dpo_clue_investigation` ENABLE KEYS */;
UNLOCK TABLES;

--
-- Table structure for table `dpo_customer`
--

DROP TABLE IF EXISTS `dpo_customer`;
/*!40101 SET @saved_cs_client     = @@character_set_client */;
/*!50503 SET character_set_client = utf8mb4 */;
CREATE TABLE `dpo_customer` (
  `id` int NOT NULL AUTO_INCREMENT,
  `name` varchar(255) NOT NULL COMMENT '客户名称',
  `short_name` varchar(64) DEFAULT NULL COMMENT '简称',
  `head_img` varchar(255) DEFAULT NULL COMMENT '企业头像',
  `banner_images` varchar(4000) DEFAULT NULL COMMENT '照片墙',
  `type` int DEFAULT NULL COMMENT '客户类型',
  `customer_status` int DEFAULT NULL COMMENT '客户状态',
  `sector` varchar(255) DEFAULT NULL COMMENT '所属行业',
  `country` varchar(255) DEFAULT NULL COMMENT '所属国家',
  `process` int DEFAULT NULL COMMENT '过程管理',
  `contacts` varchar(255) DEFAULT NULL COMMENT '联系人',
  `phone` varchar(32) DEFAULT NULL COMMENT '联系电话',
  `email` varchar(255) DEFAULT NULL COMMENT '邮箱',
  `credit_no` varchar(255) DEFAULT NULL COMMENT '统一信用代码',
  `mail_address` varchar(255) DEFAULT NULL COMMENT '通讯地址',
  `postal_code` varchar(16) DEFAULT NULL COMMENT '邮编',
  `channel_type` int DEFAULT NULL COMMENT '渠道分类',
  `channel_name` varchar(255) DEFAULT NULL COMMENT '渠道名称',
  `is_blacklist` char(1) DEFAULT '0' COMMENT '是否黑名单(0-否，1-是)',
  `remark` varchar(255) DEFAULT NULL COMMENT '客户备注',
  `reg_no` varchar(64) DEFAULT NULL COMMENT '工商注册号',
  `status` varchar(64) DEFAULT NULL COMMENT '经营状态',
  `org_no` varchar(255) DEFAULT NULL COMMENT '组织机构代码',
  `oper_name` varchar(255) DEFAULT NULL COMMENT '法人名',
  `econ_kind` varchar(255) DEFAULT NULL COMMENT '公司类型(企业性质)',
  `start_date` datetime DEFAULT NULL COMMENT '成立日期',
  `belong_org` varchar(256) DEFAULT NULL COMMENT '登记机关',
  `regist_capi` varchar(128) DEFAULT NULL COMMENT '注册资金',
  `end_date` varchar(64) DEFAULT NULL COMMENT '注销日期',
  `address` varchar(255) NOT NULL COMMENT '注册地址',
  `scope` text COMMENT '经营范围',
  `create_by` varchar(64) DEFAULT '' COMMENT '创建者',
  `create_time` datetime DEFAULT NULL COMMENT '创建时间',
  `update_by` varchar(64) DEFAULT '' COMMENT '更新者',
  `update_time` datetime DEFAULT NULL COMMENT '更新时间',
  `version` int DEFAULT NULL COMMENT '版本',
  `delete_flag` bit(1) DEFAULT NULL COMMENT '删除标记',
  `tenant_id` int DEFAULT NULL COMMENT '租户ID',
  `park_id` int DEFAULT NULL COMMENT '园区ID',
  PRIMARY KEY (`id`)
) ENGINE=InnoDB AUTO_INCREMENT=107 DEFAULT CHARSET=utf8mb3 COMMENT='客户管理';
/*!40101 SET character_set_client = @saved_cs_client */;

--
-- Dumping data for table `dpo_customer`
--

LOCK TABLES `dpo_customer` WRITE;
/*!40000 ALTER TABLE `dpo_customer` DISABLE KEYS */;
INSERT INTO `dpo_customer` VALUES (27,'江苏双孝智能科技有限公司','双孝智能','/profile/2023/04/28/eb79e12914aa8f816e2fd49f74ef78ca.png','[]',0,2,'智能制造','中国',NULL,'李立东','15295485050','alivan1213@sina.com','91320321MA272XHP0P','江苏省徐州市丰县开发区高新技术产业园A栋G071',NULL,NULL,NULL,'0','已经办公','320321000358982','正常经营','MA272XHP-0','李立东','有限责任公司','2021-09-15 00:00:00','丰县行政审批局','1000',NULL,'江苏省徐州市丰县开发区高新技术产业园A栋G071',NULL,'liqingsong','2023-04-28 23:42:26','manager','2024-10-23 21:16:10',NULL,_binary '\0',1,1),(28,'徐州清测环保科技有限公司','清测环保',NULL,'[]',0,2,'环保行业','中国',NULL,'宋开荣','15852112206',NULL,'91320322MA1YP1QC26','江苏省徐州市丰县开发区高新技术产业园A栋3楼308、310、311',NULL,NULL,NULL,'0',NULL,'320322000265201','正常经营','MA1YP1QC-2','郭怀民','有限责任公司','2019-07-10 00:00:00','丰县行政审批局','200',NULL,'徐州市沛县东风西路北侧香江花城11号楼03号房',NULL,'liqingsong','2023-04-28 23:47:40','',NULL,0,_binary '\0',1,1),(29,'徐州市利源科技有限公司','利源科技','/profile/2023/04/28/eb0feaef59dc3c0c782da80979a7b2d3.png','[]',0,2,'环保运维','中国',NULL,'卞凯','13605213212',NULL,'9132030073069821XA','江苏省徐州市丰县开发区高新技术产业园A栋4楼414、415、416、417',NULL,NULL,NULL,'0','已经办公','320300000054358',NULL,'73069821-X','卞玄玄','有限责任公司','2001-07-30 00:00:00','徐州高新技术产业开发区行政审批局','1010',NULL,'徐州高新技术产业开发区漓江路南、银山路东、国家安全科技产业园A21-301室',NULL,'liqingsong','2023-04-28 23:52:45','liqingsong','2023-04-28 23:53:35',NULL,_binary '\0',1,1),(30,'徐州中旺环保科技有限公司','中旺环保','/profile/2023/04/28/8d082907decfeaba5ae8a292a214493d.jpg','[]',0,2,'环保设备',NULL,NULL,'陈浩浩','18168785888',NULL,'91320321MA1WWP4P0U','丰县开发区高新技术产业园A栋D424',NULL,NULL,NULL,'0','已经办公','320321000220485','正常经营','MA1WWP4P-0','陈浩浩','有限责任公司','2018-07-17 00:00:00','丰县行政审批局','400',NULL,'丰县开发区高新技术产业园A栋D424',NULL,'liqingsong','2023-04-28 23:57:04','',NULL,0,_binary '\0',1,1),(31,'徐州永路生物质能源有限公司',NULL,'/profile/2023/04/28/9e92208fc4e3eb2d349f6f9bbbe1440c.jpg','[]',0,2,'新材料','中国',NULL,'张帆','15380155878',NULL,'91320321MA1UTU3C3Y','丰县开发区高新技术产业园A栋D318',NULL,NULL,NULL,'0','已经办公','320321000199467','刘惠映','MA1UTU3C-3',NULL,'有限责任公司','2017-12-29 00:00:00','丰县行政审批局','1000',NULL,'丰县顺河镇建材产业园35号',NULL,'liqingsong','2023-04-29 00:00:22','',NULL,0,_binary '\0',1,1);
/*!40000 ALTER TABLE `dpo_customer` ENABLE KEYS */;
UNLOCK TABLES;

--
-- Table structure for table `dpo_customer_attachments`
--

DROP TABLE IF EXISTS `dpo_customer_attachments`;
/*!40101 SET @saved_cs_client     = @@character_set_client */;
/*!50503 SET character_set_client = utf8mb4 */;
CREATE TABLE `dpo_customer_attachments` (
  `id` int NOT NULL AUTO_INCREMENT,
  `name` varchar(255) NOT NULL COMMENT '文件名',
  `url` varchar(500) DEFAULT NULL COMMENT '文件地址',
  `customer_id` int DEFAULT NULL COMMENT '客户id',
  `create_by` varchar(64) DEFAULT '' COMMENT '创建者',
  `create_time` datetime DEFAULT NULL COMMENT '创建时间',
  `update_by` varchar(64) DEFAULT '' COMMENT '更新者',
  `update_time` datetime DEFAULT NULL COMMENT '更新时间',
  `version` int DEFAULT NULL COMMENT '版本',
  `delete_flag` bit(1) DEFAULT NULL COMMENT '删除标记',
  `tenant_id` int DEFAULT NULL COMMENT '租户ID',
  `park_id` int DEFAULT NULL COMMENT '园区ID',
  PRIMARY KEY (`id`)
) ENGINE=InnoDB AUTO_INCREMENT=4 DEFAULT CHARSET=utf8mb3 COMMENT='客户附件';
/*!40101 SET character_set_client = @saved_cs_client */;

--
-- Dumping data for table `dpo_customer_attachments`
--

LOCK TABLES `dpo_customer_attachments` WRITE;
/*!40000 ALTER TABLE `dpo_customer_attachments` DISABLE KEYS */;
INSERT INTO `dpo_customer_attachments` VALUES (3,'招商线索账单.xls','null/profile/dpo-storage/2024/10/23/0dafeb94d13718ca14e9b818c9a519e4.xls',27,'manager','2024-10-23 21:18:49','',NULL,0,_binary '\0',1,1);
/*!40000 ALTER TABLE `dpo_customer_attachments` ENABLE KEYS */;
UNLOCK TABLES;

--
-- Table structure for table `dpo_customer_contacts`
--

DROP TABLE IF EXISTS `dpo_customer_contacts`;
/*!40101 SET @saved_cs_client     = @@character_set_client */;
/*!50503 SET character_set_client = utf8mb4 */;
CREATE TABLE `dpo_customer_contacts` (
  `id` int NOT NULL AUTO_INCREMENT,
  `name` varchar(255) NOT NULL COMMENT '联系人',
  `phone` varchar(32) DEFAULT NULL COMMENT '联系电话',
  `remark` varchar(255) DEFAULT NULL COMMENT '备注',
  `customer_id` int DEFAULT NULL COMMENT '客户id',
  `create_by` varchar(64) DEFAULT '' COMMENT '创建者',
  `create_time` datetime DEFAULT NULL COMMENT '创建时间',
  `update_by` varchar(64) DEFAULT '' COMMENT '更新者',
  `update_time` datetime DEFAULT NULL COMMENT '更新时间',
  `version` int DEFAULT NULL COMMENT '版本',
  `delete_flag` bit(1) DEFAULT NULL COMMENT '删除标记',
  `tenant_id` int DEFAULT NULL COMMENT '租户ID',
  `park_id` int DEFAULT NULL COMMENT '部门ID',
  PRIMARY KEY (`id`)
) ENGINE=InnoDB AUTO_INCREMENT=5 DEFAULT CHARSET=utf8mb3 COMMENT='联系人';
/*!40101 SET character_set_client = @saved_cs_client */;

--
-- Dumping data for table `dpo_customer_contacts`
--

LOCK TABLES `dpo_customer_contacts` WRITE;
/*!40000 ALTER TABLE `dpo_customer_contacts` DISABLE KEYS */;
INSERT INTO `dpo_customer_contacts` VALUES (4,'淡然随风行','15295485050',NULL,27,'manager','2024-10-23 21:19:34','',NULL,0,_binary '\0',1,1);
/*!40000 ALTER TABLE `dpo_customer_contacts` ENABLE KEYS */;
UNLOCK TABLES;

--
-- Table structure for table `dpo_customer_contract`
--

DROP TABLE IF EXISTS `dpo_customer_contract`;
/*!40101 SET @saved_cs_client     = @@character_set_client */;
/*!50503 SET character_set_client = utf8mb4 */;
CREATE TABLE `dpo_customer_contract` (
  `id` int NOT NULL AUTO_INCREMENT,
  `customer_id` bigint NOT NULL COMMENT '客户id',
  `name` varchar(255) DEFAULT NULL COMMENT '合同名称',
  `sn` varchar(255) DEFAULT NULL COMMENT '合同编号',
  `pm_sn` varchar(255) DEFAULT NULL COMMENT '物管合同编号',
  `manage_sn` varchar(255) DEFAULT NULL COMMENT '管理编号',
  `status` int DEFAULT NULL COMMENT '合同状态',
  `type` int DEFAULT NULL COMMENT '合同类型（0-正式合同,1-意向合同）',
  `remark` varchar(255) DEFAULT NULL COMMENT '备注',
  `need_start_date` datetime DEFAULT NULL COMMENT '需求开始时间',
  `need_end_date` datetime DEFAULT NULL COMMENT '需求结束时间',
  `start_date` datetime DEFAULT NULL COMMENT '租赁开始期限',
  `end_date` datetime DEFAULT NULL COMMENT '租赁结束期限',
  `receive_rent_day` int DEFAULT NULL COMMENT '账单收款日',
  `total_months` int DEFAULT NULL COMMENT '租赁共几个月',
  `sign_date` datetime DEFAULT NULL COMMENT '签订日期',
  `lessor_type` int DEFAULT NULL COMMENT '租赁方 0：公司租赁 2：个人租赁',
  `customer_name` varchar(255) DEFAULT NULL COMMENT '客户名称（企业名称）',
  `customer_type` int DEFAULT NULL COMMENT '客户类型',
  `sector` varchar(255) DEFAULT NULL COMMENT '所属行业',
  `email` varchar(255) DEFAULT NULL COMMENT '公司邮箱',
  `credit_no` varchar(255) DEFAULT NULL COMMENT '统一信用代码',
  `oper_name` varchar(255) DEFAULT NULL COMMENT '法人',
  `channel_name` varchar(255) DEFAULT NULL COMMENT '渠道名称',
  `phone` varchar(64) DEFAULT NULL COMMENT '联系电话',
  `address` varchar(255) DEFAULT NULL COMMENT '地址',
  `intention_money` decimal(20,4) DEFAULT NULL COMMENT '意向金',
  `management_fee` decimal(20,4) DEFAULT NULL COMMENT '管理费单价',
  `management_fee_unit` char(1) DEFAULT NULL COMMENT '管理费单价单位(0-日计算，月计算)',
  `management_fee_increase_day` decimal(20,4) DEFAULT NULL COMMENT '日管理费',
  `management_fee_increase_month` decimal(20,4) DEFAULT NULL COMMENT '月管理费',
  `rent_price` decimal(20,4) DEFAULT NULL COMMENT '租金单价',
  `rent_price_unit` char(1) DEFAULT NULL COMMENT '租金单价单位(0-日计算，月计算)',
  `rent_increase_day` decimal(20,4) DEFAULT NULL COMMENT '日租金',
  `rent_increase_month` decimal(20,4) DEFAULT NULL COMMENT '月租金',
  `rent_increase_way` int DEFAULT NULL COMMENT '0-按固定租金，1-按实际天数',
  `payment_period` int DEFAULT NULL COMMENT '付款周期',
  `deposit` decimal(20,4) DEFAULT NULL COMMENT '押金',
  `deposit_period` int DEFAULT NULL COMMENT '押几月',
  `deposit_overdue_percent` decimal(10,4) DEFAULT NULL COMMENT '押金滞纳金比例',
  `rent_overdue_percent` decimal(10,4) DEFAULT NULL COMMENT '租金滞纳金比例',
  `post_code` varchar(64) DEFAULT NULL COMMENT '邮编',
  `create_by` varchar(64) DEFAULT '' COMMENT '创建者',
  `create_time` datetime DEFAULT NULL COMMENT '创建时间',
  `update_by` varchar(64) DEFAULT '' COMMENT '更新者',
  `update_time` datetime DEFAULT NULL COMMENT '更新时间',
  `version` int DEFAULT '0' COMMENT '版本',
  `delete_flag` bit(1) DEFAULT b'0' COMMENT '删除标记',
  `tenant_id` int DEFAULT '1' COMMENT '租户ID',
  `park_id` int DEFAULT '1' COMMENT '园区ID',
  PRIMARY KEY (`id`)
) ENGINE=InnoDB AUTO_INCREMENT=167 DEFAULT CHARSET=utf8mb3 COMMENT='客户合同表';
/*!40101 SET character_set_client = @saved_cs_client */;

--
-- Dumping data for table `dpo_customer_contract`
--

LOCK TABLES `dpo_customer_contract` WRITE;
/*!40000 ALTER TABLE `dpo_customer_contract` DISABLE KEYS */;
INSERT INTO `dpo_customer_contract` VALUES (82,27,'江苏双孝智能科技有限公司','fengxian-zujin-shuangxiaozhineng','fengxian-wuye-shuangxiaozhineng','CC202304292337560718',5,0,NULL,NULL,NULL,'2022-09-01 00:00:00','2023-08-31 00:00:00',NULL,NULL,'2022-07-21 00:00:00',0,'江苏双孝智能科技有限公司',NULL,'智能制造','江苏省徐州市丰县开发区高新技术产业园A栋G071','91320321MA272XHP0P','李立东',NULL,'15295485050','江苏省徐州市丰县开发区高新技术产业园A栋G071',NULL,0.0000,'1',0.0000,0.0000,5.0000,'1',12.9000,387.0000,0,2,1161.0000,3,NULL,NULL,NULL,'liqingsong','2023-04-29 23:37:56','','2023-04-30 00:18:05',0,_binary '\0',1,1),(83,28,'清测环保服务合同','fengxian-zujin-qingcehuanbao','fengxian-wuye-qingcehuanbao','CC202304292348559693',2,0,NULL,NULL,NULL,'2023-05-01 00:00:00','2024-04-30 00:00:00',NULL,NULL,'2023-04-24 00:00:00',0,'徐州清测环保科技有限公司',NULL,'环保行业','江苏省徐州市丰县开发区高新技术产业园A栋3楼308、310、311','91320322MA1YP1QC26','郭怀民',NULL,'15852112206','徐州市沛县东风西路北侧香江花城11号楼03号房',NULL,0.0000,'1',0.0000,0.0000,5.0000,'1',14.3300,430.0000,0,2,1290.0000,3,NULL,NULL,NULL,'liqingsong','2023-04-29 23:48:55','','2023-04-29 23:49:08',0,_binary '\0',1,1),(84,30,'中旺环保服务合同','丰县-租金-中旺环保合同','丰县-物业-中旺环保合同','CC202304292359303772',2,0,NULL,NULL,NULL,'2023-04-01 00:00:00','2024-03-31 00:00:00',NULL,NULL,'2023-03-29 00:00:00',0,'徐州中旺环保科技有限公司',NULL,'环保设备','丰县开发区高新技术产业园A栋D424','91320321MA1WWP4P0U','陈浩浩',NULL,'18168785888','丰县开发区高新技术产业园A栋D424',NULL,0.0000,'1',0.0000,0.0000,5.0000,'1',17.4000,522.0000,0,2,1566.0000,3,NULL,NULL,NULL,'liqingsong','2023-04-29 23:59:30','','2023-04-30 00:00:00',0,_binary '\0',1,1),(85,27,'江苏双孝智能科技有限公司','2023丰县-租金-双孝智能合同','2023丰县-物业-双孝智能合同','CC202304300018053916',2,0,NULL,NULL,NULL,'2023-09-01 00:00:00','2024-08-31 00:00:00',NULL,NULL,'2023-04-30 00:00:00',0,'江苏双孝智能科技有限公司',NULL,'智能制造','江苏省徐州市丰县开发区高新技术产业园A栋G071','91320321MA272XHP0P','李立东',NULL,'15295485050','江苏省徐州市丰县开发区高新技术产业园A栋G071',NULL,0.0000,'1',0.0000,0.0000,5.0000,'1',12.9000,387.0000,0,2,1161.0000,3,NULL,NULL,NULL,'liqingsong','2023-04-30 00:18:05','','2023-04-30 00:18:29',1,_binary '\0',1,1),(86,29,'利源科技服务合同','2023丰县-租金-利源科技合同','2023丰县-物业-利源科技合同','CC202304300023163842',2,0,NULL,NULL,NULL,'2023-08-01 00:00:00','2024-07-31 00:00:00',NULL,NULL,'2023-04-30 00:00:00',0,'徐州市利源科技有限公司',NULL,'环保运维','江苏省徐州市丰县开发区高新技术产业园A栋4楼414、415、416、417','9132030073069821XA','卞玄玄',NULL,'13605213212','徐州高新技术产业开发区漓江路南、银山路东、国家安全科技产业园A21-301室',NULL,0.0000,'1',0.0000,0.0000,5.0000,'1',20.3300,610.0000,0,2,1830.0000,3,NULL,NULL,NULL,'liqingsong','2023-04-30 00:23:17','','2023-04-30 00:23:40',0,_binary '\0',1,1),(87,31,'永路生物质服务合同','2023丰县-租金-永路生物质合同','2023丰县-物业-永路生物质合同','CC202304300028144357',2,0,NULL,NULL,NULL,'2023-10-01 00:00:00','2024-09-30 00:00:00',NULL,NULL,'2023-04-30 00:00:00',0,'徐州永路生物质能源有限公司',NULL,'新材料','丰县开发区高新技术产业园A栋D318','91320321MA1UTU3C3Y',NULL,NULL,'15380155878','丰县顺河镇建材产业园35号',NULL,0.0000,'1',0.0000,0.0000,5.0000,'1',15.6000,468.0000,0,2,1404.0000,3,NULL,NULL,NULL,'liqingsong','2023-04-30 00:28:15','','2023-04-30 00:28:23',0,_binary '\0',1,1),(165,27,'双孝智能',NULL,NULL,'CC202410251507335175',0,1,NULL,'2024-11-01 00:00:00','2025-10-25 00:00:00','2024-11-01 00:00:00','2025-10-31 00:00:00',NULL,NULL,'2024-10-25 00:00:00',0,'江苏双孝智能科技有限公司',NULL,'智能制造','江苏省徐州市丰县开发区高新技术产业园A栋G071','91320321MA272XHP0P','李立东',NULL,'15295485050','江苏省徐州市丰县开发区高新技术产业园A栋G071',500.0000,3.0000,'1',9.3600,280.8000,1.0000,'1',3.1200,93.6000,0,2,93.6000,1,NULL,NULL,NULL,'manager','2024-10-25 15:07:34','',NULL,0,_binary '\0',1,1),(166,28,'环保科','00011123123','wg1111','CC202410251511456862',2,0,NULL,NULL,NULL,'2024-11-01 00:00:00','2025-10-31 00:00:00',NULL,NULL,'2024-10-26 00:00:00',0,'徐州清测环保科技有限公司',NULL,'环保行业','江苏省徐州市丰县开发区高新技术产业园A栋3楼308、310、311','91320322MA1YP1QC26','郭怀民',NULL,'15852112206','徐州市沛县东风西路北侧香江花城11号楼03号房',NULL,3.0000,'1',2.5000,75.0000,22.0000,'1',18.3300,550.0000,0,2,550.0000,1,NULL,NULL,NULL,'manager','2024-10-25 15:11:46','','2024-10-25 15:14:24',0,_binary '\0',1,1);
/*!40000 ALTER TABLE `dpo_customer_contract` ENABLE KEYS */;
UNLOCK TABLES;

--
-- Table structure for table `dpo_customer_contract_bill`
--

DROP TABLE IF EXISTS `dpo_customer_contract_bill`;
/*!40101 SET @saved_cs_client     = @@character_set_client */;
/*!50503 SET character_set_client = utf8mb4 */;
CREATE TABLE `dpo_customer_contract_bill` (
  `id` int NOT NULL AUTO_INCREMENT,
  `customer_id` int DEFAULT NULL COMMENT '客户id',
  `contract_id` int NOT NULL COMMENT '合同id',
  `name` varchar(255) DEFAULT NULL COMMENT '账单名称',
  `sn` varchar(255) DEFAULT NULL COMMENT '账单编号',
  `manage_sn` varchar(255) DEFAULT NULL COMMENT '管理编号',
  `status` int DEFAULT NULL COMMENT '账单状态',
  `type` int DEFAULT NULL COMMENT '合同类型（0-正式合同,1-意向合同）',
  `remark` varchar(255) DEFAULT NULL COMMENT '备注',
  `end_date` datetime DEFAULT NULL COMMENT '收款截止日',
  `receive_rent_date` datetime DEFAULT NULL COMMENT '账单收款日',
  `bill_date` varchar(255) DEFAULT NULL COMMENT '账期',
  `bill_start_date` datetime DEFAULT NULL COMMENT '账单开始日期',
  `bill_end_date` datetime DEFAULT NULL COMMENT '账单结束日期',
  `rent_increase_way` int DEFAULT NULL COMMENT '0-按固定租金，1-按实际天数',
  `invoice_type` char(1) DEFAULT NULL COMMENT '0-普通发票，1-专用发票',
  `receive_rent` decimal(20,4) DEFAULT NULL COMMENT '收到金额',
  `management_total_fee` decimal(20,4) DEFAULT NULL COMMENT '物业管理费',
  `rent` decimal(20,4) DEFAULT NULL COMMENT '租金',
  `rent_overdue` decimal(20,4) DEFAULT NULL COMMENT '租金滞纳金',
  `deposit` decimal(20,4) DEFAULT NULL COMMENT '押金',
  `deposit_overdue` decimal(20,4) DEFAULT NULL COMMENT '押金滞纳金',
  `power_fee` decimal(20,4) DEFAULT NULL COMMENT '电费',
  `receive_power_fee` decimal(20,4) DEFAULT NULL COMMENT '已收电费',
  `water_fee` decimal(20,4) DEFAULT NULL COMMENT '水费',
  `receive_water_fee` decimal(20,4) DEFAULT NULL COMMENT '已收水费',
  `receive_management_total_fee` decimal(20,4) DEFAULT NULL COMMENT '已收物业管理费',
  `other_fee` decimal(20,4) DEFAULT NULL COMMENT '其他费用',
  `refund_fee` decimal(20,4) DEFAULT NULL COMMENT '应退款',
  `create_by` varchar(64) DEFAULT '' COMMENT '创建者',
  `create_time` datetime DEFAULT NULL COMMENT '创建时间',
  `update_by` varchar(64) DEFAULT '' COMMENT '更新者',
  `update_time` datetime DEFAULT NULL COMMENT '更新时间',
  `version` int DEFAULT NULL COMMENT '版本',
  `delete_flag` bit(1) DEFAULT NULL COMMENT '删除标记',
  `tenant_id` int DEFAULT NULL COMMENT '租户ID',
  `park_id` int DEFAULT NULL COMMENT '园区ID',
  `bill_type` int DEFAULT NULL COMMENT '账单类型:1-固定账单,2-其他账单',
  `receive_other_fee` decimal(20,4) DEFAULT NULL COMMENT '已收其他费用',
  `payment_cycle` int DEFAULT NULL COMMENT '付款周期:1-年付,2-月付,3-半年付,4-季付,5-其他',
  PRIMARY KEY (`id`)
) ENGINE=InnoDB AUTO_INCREMENT=1499 DEFAULT CHARSET=utf8mb3 COMMENT='客户合同账单';
/*!40101 SET character_set_client = @saved_cs_client */;

--
-- Dumping data for table `dpo_customer_contract_bill`
--

LOCK TABLES `dpo_customer_contract_bill` WRITE;
/*!40000 ALTER TABLE `dpo_customer_contract_bill` DISABLE KEYS */;
INSERT INTO `dpo_customer_contract_bill` VALUES (1478,27,82,NULL,'AR202304292340144750','BM202304292340149539',2,0,NULL,NULL,'2022-08-20 00:00:00','2022-09-01 ~ 2023-08-31','2022-09-01 00:00:00','2023-08-31 00:00:00',NULL,NULL,4644.0000,0.0000,4644.0000,0.0000,1161.0000,0.0000,0.0000,0.0000,0.0000,0.0000,0.0000,0.0000,0.0000,'liqingsong','2023-04-29 23:40:15','liqingsong','2023-04-29 23:41:43',NULL,_binary '',1,1,1,0.0000,1),(1479,27,82,'物业费','AR202304292340149004','BM202304292340149539',3,0,NULL,NULL,'2022-09-01 00:00:00','2022-09-01 ~ 2023-08-31','2022-09-01 00:00:00','2023-08-31 00:00:00',NULL,NULL,0.0000,0.0000,0.0000,0.0000,0.0000,0.0000,0.0000,0.0000,0.0000,0.0000,0.0000,4644.0000,0.0000,'liqingsong','2023-04-29 23:40:15','',NULL,0,_binary '',1,1,2,0.0000,5),(1480,28,83,NULL,'AR202304292350444870','BM202304292350443807',2,0,NULL,NULL,'2023-04-20 00:00:00','2023-05-01 ~ 2024-04-30','2023-05-01 00:00:00','2024-04-30 00:00:00',NULL,NULL,0.0000,0.0000,0.0000,0.0000,1290.0000,0.0000,0.0000,0.0000,0.0000,0.0000,0.0000,0.0000,0.0000,'liqingsong','2023-04-29 23:50:45','liqingsong','2023-04-29 23:51:32',NULL,_binary '',1,1,1,0.0000,1),(1481,28,83,'物业费','AR202304292350445644','BM202304292350443807',0,0,NULL,NULL,'2023-05-01 00:00:00','2023-05-01 ~ 2024-04-30','2023-05-01 00:00:00','2024-04-30 00:00:00',NULL,NULL,0.0000,0.0000,0.0000,0.0000,0.0000,0.0000,0.0000,0.0000,0.0000,0.0000,0.0000,5160.0000,0.0000,'liqingsong','2023-04-29 23:50:45','liqingsong','2023-04-29 23:51:40',NULL,_binary '',1,1,2,5160.0000,5),(1482,27,82,NULL,'AR202304292355212165','BM202304292355218507',3,0,NULL,NULL,'2022-08-20 00:00:00','2022-09-01 ~ 2023-08-31','2022-09-01 00:00:00','2023-08-31 00:00:00',NULL,NULL,0.0000,0.0000,0.0000,0.0000,1161.0000,0.0000,0.0000,0.0000,0.0000,0.0000,0.0000,0.0000,0.0000,'liqingsong','2023-04-29 23:55:21','',NULL,0,_binary '',1,1,1,0.0000,1),(1483,27,82,'物业费','AR202304292355217768','BM202304292355218507',3,0,NULL,NULL,'2022-09-01 00:00:00','2022-09-01 ~ 2023-08-31','2022-09-01 00:00:00','2023-08-31 00:00:00',NULL,NULL,0.0000,0.0000,0.0000,0.0000,0.0000,0.0000,0.0000,0.0000,0.0000,0.0000,0.0000,4644.0000,0.0000,'liqingsong','2023-04-29 23:55:21','liqingsong','2023-04-29 23:55:47',NULL,_binary '',1,1,2,4644.0000,5),(1484,30,84,NULL,'AR202304300003141848','BM202304300003148781',0,0,NULL,NULL,'2023-03-20 00:00:00','2023-04-01 ~ 2024-03-31','2023-04-01 00:00:00','2023-06-30 00:00:00',NULL,NULL,0.0000,0.0000,1566.0000,0.0000,1566.0000,0.0000,0.0000,0.0000,0.0000,0.0000,0.0000,0.0000,0.0000,'liqingsong','2023-04-30 00:03:15','',NULL,0,_binary '\0',1,1,1,0.0000,4),(1485,30,84,NULL,'AR202304300003141316','BM202304300003148781',0,0,NULL,NULL,'2023-06-20 00:00:00','2023-04-01 ~ 2024-03-31','2023-07-01 00:00:00','2023-09-30 00:00:00',NULL,NULL,0.0000,0.0000,1566.0000,0.0000,0.0000,0.0000,0.0000,0.0000,0.0000,0.0000,0.0000,0.0000,0.0000,'liqingsong','2023-04-30 00:03:15','',NULL,0,_binary '\0',1,1,1,0.0000,4),(1486,30,84,NULL,'AR202304300003144199','BM202304300003148781',0,0,NULL,NULL,'2023-09-20 00:00:00','2023-04-01 ~ 2024-03-31','2023-10-01 00:00:00','2023-12-31 00:00:00',NULL,NULL,0.0000,0.0000,1566.0000,0.0000,0.0000,0.0000,0.0000,0.0000,0.0000,0.0000,0.0000,0.0000,0.0000,'liqingsong','2023-04-30 00:03:15','',NULL,0,_binary '\0',1,1,1,0.0000,4),(1487,30,84,NULL,'AR202304300003143412','BM202304300003148781',0,0,NULL,NULL,'2023-12-20 00:00:00','2023-04-01 ~ 2024-03-31','2024-01-01 00:00:00','2024-03-31 00:00:00',NULL,NULL,0.0000,0.0000,1566.0000,0.0000,0.0000,0.0000,0.0000,0.0000,0.0000,0.0000,0.0000,0.0000,0.0000,'liqingsong','2023-04-30 00:03:15','',NULL,0,_binary '\0',1,1,1,0.0000,4),(1488,30,84,'物业费','AR202304300003143026','BM202304300003148781',0,0,NULL,NULL,'2023-04-01 00:00:00','2023-04-01 ~ 2024-03-31','2023-04-01 00:00:00','2024-03-31 00:00:00',NULL,NULL,0.0000,0.0000,0.0000,0.0000,0.0000,0.0000,0.0000,0.0000,0.0000,0.0000,0.0000,6264.0000,0.0000,'liqingsong','2023-04-30 00:03:15','',NULL,0,_binary '\0',1,1,2,0.0000,5),(1489,28,83,NULL,'AR202304300006320713','BM202304300006323312',0,0,NULL,NULL,'2023-04-20 00:00:00','2023-05-01 ~ 2024-04-30','2023-05-01 00:00:00','2024-04-30 00:00:00',NULL,NULL,0.0000,0.0000,5160.0000,0.0000,1290.0000,0.0000,0.0000,0.0000,0.0000,0.0000,0.0000,0.0000,0.0000,'liqingsong','2023-04-30 00:06:33','',NULL,0,_binary '\0',1,1,1,0.0000,1),(1490,28,83,'物业费','AR202304300006326008','BM202304300006323312',0,0,NULL,NULL,'2023-05-01 00:00:00','2023-05-01 ~ 2024-04-30','2023-05-01 00:00:00','2024-04-30 00:00:00',NULL,NULL,0.0000,0.0000,0.0000,0.0000,0.0000,0.0000,0.0000,0.0000,0.0000,0.0000,0.0000,5160.0000,0.0000,'liqingsong','2023-04-30 00:06:33','',NULL,0,_binary '\0',1,1,2,0.0000,5),(1491,27,82,NULL,'AR202304300009349664','BM202304300009343350',2,0,NULL,NULL,'2022-08-20 00:00:00','2022-09-01 ~ 2023-08-31','2022-09-01 00:00:00','2023-08-31 00:00:00',NULL,NULL,4644.0000,0.0000,4644.0000,0.0000,1161.0000,0.0000,0.0000,0.0000,0.0000,0.0000,0.0000,0.0000,0.0000,'liqingsong','2023-04-30 00:09:35','liqingsong','2023-04-30 00:10:33',NULL,_binary '',1,1,1,0.0000,1),(1492,27,82,'物业费','AR202304300009342333','BM202304300009343350',3,0,NULL,NULL,'2022-09-01 00:00:00','2022-09-01 ~ 2023-08-31','2022-09-01 00:00:00','2023-08-31 00:00:00',NULL,NULL,0.0000,0.0000,0.0000,0.0000,0.0000,0.0000,0.0000,0.0000,0.0000,0.0000,0.0000,4644.0000,0.0000,'liqingsong','2023-04-30 00:09:35','',NULL,0,_binary '\0',1,1,2,0.0000,5),(1493,27,85,NULL,'AR202304300019573965','BM202304300019577429',0,0,NULL,NULL,'2023-08-20 00:00:00','2023-09-01 ~ 2024-08-31','2023-09-01 00:00:00','2024-08-31 00:00:00',NULL,NULL,0.0000,0.0000,4644.0000,0.0000,1161.0000,0.0000,0.0000,0.0000,0.0000,0.0000,0.0000,0.0000,0.0000,'liqingsong','2023-04-30 00:19:57','',NULL,0,_binary '\0',1,1,1,0.0000,1),(1494,27,85,'物业费','AR202304300019579880','BM202304300019577429',0,0,NULL,NULL,'2023-09-01 00:00:00','2023-09-01 ~ 2023-08-31','2023-09-01 00:00:00','2023-08-31 00:00:00',NULL,NULL,0.0000,0.0000,0.0000,0.0000,0.0000,0.0000,0.0000,0.0000,0.0000,0.0000,0.0000,4644.0000,0.0000,'liqingsong','2023-04-30 00:19:57','',NULL,0,_binary '\0',1,1,2,0.0000,5),(1495,29,86,NULL,'AR202304300025139278','BM202304300025137986',0,0,NULL,NULL,'2023-07-20 00:00:00','2023-08-01 ~ 2024-07-31','2023-08-01 00:00:00','2024-07-31 00:00:00',NULL,NULL,0.0000,0.0000,7320.0000,0.0000,1830.0000,0.0000,0.0000,0.0000,0.0000,0.0000,0.0000,0.0000,0.0000,'liqingsong','2023-04-30 00:25:13','',NULL,0,_binary '\0',1,1,1,0.0000,1),(1496,29,86,'物业费','AR202304300025133708','BM202304300025137986',0,0,NULL,NULL,'2023-08-01 00:00:00','2023-08-01 ~ 2024-07-31','2023-08-01 00:00:00','2024-07-31 00:00:00',NULL,NULL,0.0000,0.0000,0.0000,0.0000,0.0000,0.0000,0.0000,0.0000,0.0000,0.0000,0.0000,7320.0000,0.0000,'liqingsong','2023-04-30 00:25:13','',NULL,0,_binary '\0',1,1,2,0.0000,5),(1497,31,87,NULL,'AR202304300029598032','BM202304300029591180',0,0,NULL,NULL,'2023-09-20 00:00:00','2023-10-01 ~ 2024-09-30','2023-10-01 00:00:00','2024-09-30 00:00:00',NULL,NULL,0.0000,0.0000,5616.0000,0.0000,1404.0000,0.0000,0.0000,0.0000,0.0000,0.0000,0.0000,0.0000,0.0000,'liqingsong','2023-04-30 00:29:59','',NULL,0,_binary '\0',1,1,1,0.0000,1),(1498,31,87,'物业费','AR202304300029596144','BM202304300029591180',0,0,NULL,NULL,'2023-10-01 00:00:00','2023-10-01 ~ 2024-09-30','2023-10-01 00:00:00','2024-09-30 00:00:00',NULL,NULL,0.0000,0.0000,0.0000,0.0000,0.0000,0.0000,0.0000,0.0000,0.0000,0.0000,0.0000,5616.0000,0.0000,'liqingsong','2023-04-30 00:29:59','',NULL,0,_binary '\0',1,1,2,0.0000,5);
/*!40000 ALTER TABLE `dpo_customer_contract_bill` ENABLE KEYS */;
UNLOCK TABLES;

--
-- Table structure for table `dpo_customer_contract_expenses`
--

DROP TABLE IF EXISTS `dpo_customer_contract_expenses`;
/*!40101 SET @saved_cs_client     = @@character_set_client */;
/*!50503 SET character_set_client = utf8mb4 */;
CREATE TABLE `dpo_customer_contract_expenses` (
  `id` int NOT NULL AUTO_INCREMENT,
  `bill_id` int DEFAULT NULL COMMENT '账单id',
  `expense_name` varchar(256) DEFAULT NULL COMMENT '费用名称',
  `amount` decimal(20,4) DEFAULT NULL COMMENT '金额',
  `expense_type` int DEFAULT NULL COMMENT '费用类型(0-收费，1-退费)',
  `remark` varchar(256) DEFAULT NULL COMMENT '备注',
  `create_by` varchar(64) DEFAULT '' COMMENT '创建者',
  `create_time` datetime DEFAULT NULL COMMENT '创建时间',
  `update_by` varchar(64) DEFAULT '' COMMENT '更新者',
  `update_time` datetime DEFAULT NULL COMMENT '更新时间',
  `version` int DEFAULT NULL COMMENT '版本',
  `delete_flag` bit(1) DEFAULT NULL COMMENT '删除标记',
  `tenant_id` int DEFAULT NULL COMMENT '租户ID',
  `park_id` int DEFAULT NULL COMMENT '园区ID',
  PRIMARY KEY (`id`)
) ENGINE=InnoDB DEFAULT CHARSET=utf8mb3 COMMENT='客户合同费用';
/*!40101 SET character_set_client = @saved_cs_client */;

--
-- Dumping data for table `dpo_customer_contract_expenses`
--

LOCK TABLES `dpo_customer_contract_expenses` WRITE;
/*!40000 ALTER TABLE `dpo_customer_contract_expenses` DISABLE KEYS */;
/*!40000 ALTER TABLE `dpo_customer_contract_expenses` ENABLE KEYS */;
UNLOCK TABLES;

--
-- Table structure for table `dpo_customer_contract_log`
--

DROP TABLE IF EXISTS `dpo_customer_contract_log`;
/*!40101 SET @saved_cs_client     = @@character_set_client */;
/*!50503 SET character_set_client = utf8mb4 */;
CREATE TABLE `dpo_customer_contract_log` (
  `id` int NOT NULL AUTO_INCREMENT,
  `contract_id` int NOT NULL COMMENT '合同id',
  `status` int DEFAULT NULL COMMENT '合同状态',
  `remark` varchar(255) DEFAULT NULL COMMENT '备注',
  `create_by` varchar(64) DEFAULT '' COMMENT '创建者',
  `create_time` datetime DEFAULT NULL COMMENT '创建时间',
  `update_by` varchar(64) DEFAULT '' COMMENT '更新者',
  `update_time` datetime DEFAULT NULL COMMENT '更新时间',
  `version` int DEFAULT NULL COMMENT '版本',
  `delete_flag` bit(1) DEFAULT NULL COMMENT '删除标记',
  `tenant_id` int DEFAULT NULL COMMENT '租户ID',
  `park_id` int DEFAULT NULL COMMENT '园区ID',
  PRIMARY KEY (`id`)
) ENGINE=InnoDB AUTO_INCREMENT=154 DEFAULT CHARSET=utf8mb3 COMMENT='合同操作日志';
/*!40101 SET character_set_client = @saved_cs_client */;

--
-- Dumping data for table `dpo_customer_contract_log`
--

LOCK TABLES `dpo_customer_contract_log` WRITE;
/*!40000 ALTER TABLE `dpo_customer_contract_log` DISABLE KEYS */;
INSERT INTO `dpo_customer_contract_log` VALUES (72,82,2,'','liqingsong','2023-04-29 23:38:18','',NULL,0,_binary '\0',1,1),(73,83,2,'','liqingsong','2023-04-29 23:49:08','',NULL,0,_binary '\0',1,1),(74,84,2,'','liqingsong','2023-04-30 00:00:01','',NULL,0,_binary '\0',1,1),(75,85,2,'','liqingsong','2023-04-30 00:18:29','',NULL,0,_binary '\0',1,1),(76,85,2,'','liqingsong','2023-04-30 00:18:29','',NULL,0,_binary '\0',1,1),(77,86,2,'','liqingsong','2023-04-30 00:23:40','',NULL,0,_binary '\0',1,1),(78,87,2,'','liqingsong','2023-04-30 00:28:24','',NULL,0,_binary '\0',1,1),(153,166,2,'','manager','2024-10-25 15:14:24','',NULL,0,_binary '\0',1,1);
/*!40000 ALTER TABLE `dpo_customer_contract_log` ENABLE KEYS */;
UNLOCK TABLES;

--
-- Table structure for table `dpo_customer_contract_other`
--

DROP TABLE IF EXISTS `dpo_customer_contract_other`;
/*!40101 SET @saved_cs_client     = @@character_set_client */;
/*!50503 SET character_set_client = utf8mb4 */;
CREATE TABLE `dpo_customer_contract_other` (
  `id` int NOT NULL AUTO_INCREMENT,
  `contract_id` int DEFAULT NULL COMMENT '合同id',
  `expense_settings_id` int DEFAULT NULL COMMENT '费项id',
  `other_fee` decimal(20,4) DEFAULT NULL COMMENT '金额',
  `expense_type` int DEFAULT NULL COMMENT '费项类型id',
  `start_date` datetime DEFAULT NULL COMMENT '开始日期',
  `end_date` datetime DEFAULT NULL COMMENT '结束日期',
  `remark` varchar(256) DEFAULT NULL COMMENT '备注',
  `create_by` varchar(64) DEFAULT '' COMMENT '创建者',
  `create_time` datetime DEFAULT NULL COMMENT '创建时间',
  `update_by` varchar(64) DEFAULT '' COMMENT '更新者',
  `update_time` datetime DEFAULT NULL COMMENT '更新时间',
  `version` int DEFAULT NULL COMMENT '版本',
  `delete_flag` bit(1) DEFAULT NULL COMMENT '删除标记',
  `tenant_id` int DEFAULT NULL COMMENT '租户ID',
  `park_id` int DEFAULT NULL COMMENT '园区ID',
  PRIMARY KEY (`id`)
) ENGINE=InnoDB AUTO_INCREMENT=6 DEFAULT CHARSET=utf8mb3 COMMENT='客户合同其他费用';
/*!40101 SET character_set_client = @saved_cs_client */;

--
-- Dumping data for table `dpo_customer_contract_other`
--

LOCK TABLES `dpo_customer_contract_other` WRITE;
/*!40000 ALTER TABLE `dpo_customer_contract_other` DISABLE KEYS */;
/*!40000 ALTER TABLE `dpo_customer_contract_other` ENABLE KEYS */;
UNLOCK TABLES;

--
-- Table structure for table `dpo_customer_contract_refund`
--

DROP TABLE IF EXISTS `dpo_customer_contract_refund`;
/*!40101 SET @saved_cs_client     = @@character_set_client */;
/*!50503 SET character_set_client = utf8mb4 */;
CREATE TABLE `dpo_customer_contract_refund` (
  `id` int NOT NULL AUTO_INCREMENT,
  `customer_id` bigint DEFAULT NULL COMMENT '客户id',
  `contract_id` bigint DEFAULT NULL COMMENT '合同id',
  `sn` varchar(255) DEFAULT NULL COMMENT '退租单号',
  `refund_date` datetime DEFAULT NULL COMMENT '退租时间',
  `receive_fee` decimal(20,4) DEFAULT NULL COMMENT '应收费用',
  `refund_fee` decimal(20,4) DEFAULT NULL COMMENT '应退费用',
  `total_fee` decimal(20,4) DEFAULT NULL COMMENT '合计费用',
  `status` tinyint(1) DEFAULT NULL COMMENT '退租状态',
  `refund_reason` int DEFAULT NULL COMMENT '退款原因（1.正常到租，2.协商提前退租，3.违约退租，4.其他）',
  `remark` varchar(255) DEFAULT NULL COMMENT '备注',
  `archive_image_list` varchar(4000) DEFAULT NULL COMMENT '存档图片',
  `version` int DEFAULT NULL COMMENT '版本',
  `delete_flag` bit(1) DEFAULT NULL COMMENT '删除标记',
  `create_by` varchar(64) DEFAULT '' COMMENT '创建者',
  `create_time` datetime DEFAULT NULL COMMENT '创建时间',
  `update_by` varchar(64) DEFAULT '' COMMENT '更新者',
  `update_time` datetime DEFAULT NULL COMMENT '更新时间',
  `tenant_id` int DEFAULT NULL COMMENT '租户ID',
  `park_id` int DEFAULT NULL COMMENT '园区id',
  PRIMARY KEY (`id`)
) ENGINE=InnoDB AUTO_INCREMENT=17 DEFAULT CHARSET=utf8mb3 COMMENT='客户合同退租表';
/*!40101 SET character_set_client = @saved_cs_client */;

--
-- Dumping data for table `dpo_customer_contract_refund`
--

LOCK TABLES `dpo_customer_contract_refund` WRITE;
/*!40000 ALTER TABLE `dpo_customer_contract_refund` DISABLE KEYS */;
INSERT INTO `dpo_customer_contract_refund` VALUES (16,28,166,'TZ202410251516539805','2024-11-02 00:00:00',2222.0000,222.0000,2000.0000,0,3,NULL,'[]',0,_binary '\0','manager','2024-10-25 15:16:54','',NULL,1,1);
/*!40000 ALTER TABLE `dpo_customer_contract_refund` ENABLE KEYS */;
UNLOCK TABLES;

--
-- Table structure for table `dpo_customer_contract_refund_room`
--

DROP TABLE IF EXISTS `dpo_customer_contract_refund_room`;
/*!40101 SET @saved_cs_client     = @@character_set_client */;
/*!50503 SET character_set_client = utf8mb4 */;
CREATE TABLE `dpo_customer_contract_refund_room` (
  `refund_id` int DEFAULT NULL COMMENT '退租id',
  `room_id` int DEFAULT NULL COMMENT '房间id'
) ENGINE=InnoDB DEFAULT CHARSET=utf8mb3 COMMENT='退租房间关联表';
/*!40101 SET character_set_client = @saved_cs_client */;

--
-- Dumping data for table `dpo_customer_contract_refund_room`
--

LOCK TABLES `dpo_customer_contract_refund_room` WRITE;
/*!40000 ALTER TABLE `dpo_customer_contract_refund_room` DISABLE KEYS */;
INSERT INTO `dpo_customer_contract_refund_room` VALUES (2,14),(2,14),(5,1),(5,1),(12,12),(20,14),(20,13),(23,31),(31,39),(12,12),(58,36),(58,36),(12,12),(69,42),(72,43),(72,35),(73,44),(166,71);
/*!40000 ALTER TABLE `dpo_customer_contract_refund_room` ENABLE KEYS */;
UNLOCK TABLES;

--
-- Table structure for table `dpo_customer_contract_room`
--

DROP TABLE IF EXISTS `dpo_customer_contract_room`;
/*!40101 SET @saved_cs_client     = @@character_set_client */;
/*!50503 SET character_set_client = utf8mb4 */;
CREATE TABLE `dpo_customer_contract_room` (
  `contract_id` int NOT NULL COMMENT '合同id',
  `room_id` int DEFAULT NULL COMMENT '房间id'
) ENGINE=InnoDB DEFAULT CHARSET=utf8mb3 COMMENT='合同房间关联表';
/*!40101 SET character_set_client = @saved_cs_client */;

--
-- Dumping data for table `dpo_customer_contract_room`
--

LOCK TABLES `dpo_customer_contract_room` WRITE;
/*!40000 ALTER TABLE `dpo_customer_contract_room` DISABLE KEYS */;
INSERT INTO `dpo_customer_contract_room` VALUES (126,127),(127,126),(127,124),(128,117),(129,102),(130,100),(131,92),(132,91),(133,73),(134,49),(135,60),(135,48),(135,47),(136,42),(136,41),(136,40),(137,39),(138,38),(139,37),(139,36),(139,35),(139,34),(139,33),(140,27),(140,26),(141,23),(141,22),(142,20),(143,38),(144,44),(144,43),(145,44),(145,43),(146,44),(146,43),(147,196),(148,30),(149,50),(150,32),(151,197),(152,198),(153,30),(155,200),(156,50),(157,198),(159,198),(160,200),(161,205),(154,31),(163,30),(158,31),(158,29),(162,31),(164,31),(1,9),(2,14),(3,16),(4,16),(5,1),(6,13),(8,9),(7,2),(9,9),(10,17),(11,17),(12,12),(13,25),(14,26),(17,28),(18,22),(18,20),(16,27),(19,1),(20,14),(20,13),(15,27),(21,29),(22,32),(23,31),(24,32),(28,26),(29,25),(30,39),(26,39),(31,39),(33,38),(33,37),(34,36),(25,36),(27,37),(35,41),(36,36),(37,41),(32,35),(40,36),(39,37),(41,39),(41,38),(42,39),(44,35),(45,26),(46,39),(46,38),(47,37),(43,39),(49,32),(50,35),(51,37),(53,36),(54,36),(48,26),(55,35),(56,38),(57,35),(38,36),(58,36),(61,37),(62,37),(63,37),(64,36),(65,42),(66,35),(67,36),(69,42),(70,35),(68,43),(72,43),(72,35),(73,44),(74,45),(75,46),(76,47),(77,46),(59,37),(52,41),(52,39),(60,37),(71,35),(78,49),(79,51),(79,50),(80,51),(80,50),(81,53),(82,78),(83,65),(83,64),(83,62),(84,84),(84,83),(85,78),(86,82),(86,81),(86,80),(86,79),(87,72),(165,77),(166,71);
/*!40000 ALTER TABLE `dpo_customer_contract_room` ENABLE KEYS */;
UNLOCK TABLES;

--
-- Table structure for table `dpo_dj`
--

DROP TABLE IF EXISTS `dpo_dj`;
/*!40101 SET @saved_cs_client     = @@character_set_client */;
/*!50503 SET character_set_client = utf8mb4 */;
CREATE TABLE `dpo_dj` (
  `id` int NOT NULL AUTO_INCREMENT,
  `dj_name` varchar(255) DEFAULT NULL COMMENT '党建名称',
  `content` text COMMENT '上传详情',
  `is_marketable` bit(1) DEFAULT NULL COMMENT '是否上架',
  `marketable_time` datetime DEFAULT NULL COMMENT '上架时间',
  `version` int DEFAULT NULL COMMENT '版本',
  `delete_flag` bit(1) DEFAULT NULL COMMENT '删除标记',
  `create_by` varchar(64) DEFAULT '' COMMENT '创建者',
  `create_time` datetime DEFAULT NULL COMMENT '创建时间',
  `update_by` varchar(64) DEFAULT '' COMMENT '更新者',
  `update_time` datetime DEFAULT NULL COMMENT '更新时间',
  `tenant_id` int DEFAULT NULL COMMENT '租户ID',
  `park_id` int DEFAULT NULL COMMENT '园区id',
  PRIMARY KEY (`id`) USING BTREE
) ENGINE=InnoDB AUTO_INCREMENT=8 DEFAULT CHARSET=utf8mb3 COMMENT='党建管理';
/*!40101 SET character_set_client = @saved_cs_client */;

--
-- Dumping data for table `dpo_dj`
--

LOCK TABLES `dpo_dj` WRITE;
/*!40000 ALTER TABLE `dpo_dj` DISABLE KEYS */;
INSERT INTO `dpo_dj` VALUES (1,'关于组织开展孵化器企业年度评审的公告','<p>1、2019年度省级科技企业孵化器的评审工作按《通知》要求由扬州市科技局组织开展，经专家评审和实地核查，对公示无异议符合条件的科技企业孵化器报省科技厅审核。各县（市、区）、功能区科技部门负责辖区内省级科技企业孵化器的申报推荐工作。<br><br>2、地方推荐上报的科技企业孵化器须符合《江苏省科技企业孵化器管理办法》（苏科技规〔2019〕206号）和《通知》规定的条件，并按照《通知》和本通知要求准备申报材料。<br><br>3、申报省级科技企业孵化器的单位，向所在地科技部门提出申请，并承担申报主体责任，确保申报材料的真实性、有效性和完整性，提交申报单位信用承诺书（见附件2）。<br><br>4、各县（市、区）、功能区科技部门组织对辖区内省级科技企业孵化器申报单位提交的申报材料进行审核，并进行实地核查，确保上报数据和材料的真实、准确、完整，严禁审核走过场、流于形式。在审核无误的基础上，出具主管部门信用承诺书（见附件3）。<br><br>5、各县（市、区）、功能区科技部门对辖区内省级科技企业孵化器申报材料审核时，要认真落实中央八项规定精神，严格执行科技管理系统“六项承诺”和“八个严禁”规定，把党风廉政建设和省级科技企业孵化器申报工作同部署、同落实、同考核，切实加强关键环节和重点岗位的廉政风险防控，积极主动做好省级科技企业孵化器申报的各项服务工作，进一步提高服务质量和办事效率。</p>',_binary '','2023-04-30 00:43:25',NULL,_binary '\0','liqingsong','2023-04-30 00:43:22','liqingsong','2023-04-30 00:43:25',1,1);
/*!40000 ALTER TABLE `dpo_dj` ENABLE KEYS */;
UNLOCK TABLES;

--
-- Table structure for table `dpo_dj_banner`
--

DROP TABLE IF EXISTS `dpo_dj_banner`;
/*!40101 SET @saved_cs_client     = @@character_set_client */;
/*!50503 SET character_set_client = utf8mb4 */;
CREATE TABLE `dpo_dj_banner` (
  `id` int NOT NULL AUTO_INCREMENT,
  `banner_name` varchar(255) DEFAULT NULL COMMENT 'banner名称',
  `banner_desc` text COMMENT 'banner简介（可选）',
  `banner_img` varchar(255) DEFAULT NULL COMMENT '上传banner图标',
  `url` varchar(255) DEFAULT NULL,
  `hits` int DEFAULT NULL COMMENT '点击次数',
  `is_marketable` bit(1) DEFAULT NULL COMMENT '是否上架',
  `marketable_time` datetime DEFAULT NULL COMMENT '上架时间',
  `is_top` int DEFAULT NULL COMMENT '是否置顶',
  `version` int DEFAULT NULL COMMENT '版本',
  `delete_flag` bit(1) DEFAULT NULL COMMENT '删除标记',
  `create_by` varchar(64) DEFAULT '' COMMENT '创建者',
  `create_time` datetime DEFAULT NULL COMMENT '创建时间',
  `update_by` varchar(64) DEFAULT '' COMMENT '更新者',
  `update_time` datetime DEFAULT NULL COMMENT '更新时间',
  `tenant_id` int DEFAULT NULL COMMENT '租户ID',
  `park_id` int DEFAULT NULL COMMENT '园区id',
  PRIMARY KEY (`id`) USING BTREE
) ENGINE=InnoDB AUTO_INCREMENT=16 DEFAULT CHARSET=utf8mb3 COMMENT='党建banner';
/*!40101 SET character_set_client = @saved_cs_client */;

--
-- Dumping data for table `dpo_dj_banner`
--

LOCK TABLES `dpo_dj_banner` WRITE;
/*!40000 ALTER TABLE `dpo_dj_banner` DISABLE KEYS */;
INSERT INTO `dpo_dj_banner` VALUES (15,'公告','园区公告','/profile/2023/04/30/837ce9afa18f624fa94b0ca9efda40ad.png','https://mp.weixin.qq.com/s/9a67KPjBdodzhpMZ-Mix1g',6,_binary '','2023-04-30 00:37:40',NULL,NULL,_binary '\0','liqingsong','2023-04-30 00:37:37','15861808897','2023-04-30 08:01:02',1,1);
/*!40000 ALTER TABLE `dpo_dj_banner` ENABLE KEYS */;
UNLOCK TABLES;

--
-- Table structure for table `dpo_expense_settings`
--

DROP TABLE IF EXISTS `dpo_expense_settings`;
/*!40101 SET @saved_cs_client     = @@character_set_client */;
/*!50503 SET character_set_client = utf8mb4 */;
CREATE TABLE `dpo_expense_settings` (
  `id` int NOT NULL AUTO_INCREMENT,
  `name` varchar(255) DEFAULT NULL COMMENT '费项名称',
  `type` int DEFAULT NULL COMMENT '费项类型（0-系统费项，1-周期性费项，2-一次性费项）',
  `units_code` varchar(32) DEFAULT NULL COMMENT '计量单位（度，平方米，吨，立方米，千克）',
  `tax_fee` decimal(20,4) DEFAULT NULL COMMENT '税率%',
  `memo` varchar(255) DEFAULT NULL COMMENT '备注',
  `is_enabled` bit(1) DEFAULT NULL COMMENT '是否启用',
  `version` int DEFAULT NULL COMMENT '版本',
  `delete_flag` bit(1) DEFAULT NULL COMMENT '删除标记',
  `create_by` varchar(64) DEFAULT '' COMMENT '创建者',
  `create_time` datetime DEFAULT NULL COMMENT '创建时间',
  `update_by` varchar(64) DEFAULT '' COMMENT '更新者',
  `update_time` datetime DEFAULT NULL COMMENT '更新时间',
  `tenant_id` int DEFAULT NULL COMMENT '租户ID',
  `park_id` int DEFAULT NULL COMMENT '园区id',
  PRIMARY KEY (`id`)
) ENGINE=InnoDB AUTO_INCREMENT=47 DEFAULT CHARSET=utf8mb3 COMMENT='费项配置';
/*!40101 SET character_set_client = @saved_cs_client */;

--
-- Dumping data for table `dpo_expense_settings`
--

LOCK TABLES `dpo_expense_settings` WRITE;
/*!40000 ALTER TABLE `dpo_expense_settings` DISABLE KEYS */;
INSERT INTO `dpo_expense_settings` VALUES (45,'电费',0,'5',NULL,NULL,_binary '',NULL,_binary '','liqingsong','2023-04-29 23:14:56','liqingsong','2023-04-29 23:17:36',1,1),(46,'物业费',1,'5',NULL,NULL,_binary '',NULL,_binary '\0','liqingsong','2023-04-29 23:15:56','liqingsong','2023-04-29 23:17:39',1,1);
/*!40000 ALTER TABLE `dpo_expense_settings` ENABLE KEYS */;
UNLOCK TABLES;

--
-- Table structure for table `dpo_park`
--

DROP TABLE IF EXISTS `dpo_park`;
/*!40101 SET @saved_cs_client     = @@character_set_client */;
/*!50503 SET character_set_client = utf8mb4 */;
CREATE TABLE `dpo_park` (
  `id` int NOT NULL AUTO_INCREMENT COMMENT '园区ID',
  `name` varchar(30) DEFAULT NULL COMMENT '园区名称',
  `area` int DEFAULT NULL COMMENT '园区总面积',
  `lat` decimal(10,6) DEFAULT NULL COMMENT '纬度',
  `lng` decimal(10,6) DEFAULT NULL COMMENT '经度',
  `room_numbers` int DEFAULT NULL COMMENT '园区总房间数',
  `small_pic` varchar(255) DEFAULT NULL COMMENT '上传园区小图',
  `banner_images` varchar(4000) DEFAULT NULL COMMENT '上传园区banner图',
  `brief_intro` varchar(100) DEFAULT NULL COMMENT '园区简介（可选）',
  `low_rent` int DEFAULT NULL COMMENT '租金范围(起)',
  `high_rent` int DEFAULT NULL COMMENT '租金范围(始)',
  `rent_type` char(1) DEFAULT NULL COMMENT '租金类型',
  `city` varchar(255) DEFAULT NULL COMMENT '城市Id',
  `city_name` varchar(255) DEFAULT NULL COMMENT '城市名称',
  `address` varchar(100) DEFAULT NULL COMMENT '地址',
  `facilities` varchar(100) DEFAULT NULL COMMENT '配套服务（设施）',
  `traffic` varchar(100) DEFAULT NULL COMMENT '交通',
  `parking_fee` decimal(10,0) DEFAULT NULL COMMENT '停车费（元/小时）',
  `introduction` varchar(4000) DEFAULT NULL COMMENT '园区图文介绍',
  `is_marketable` bit(1) DEFAULT NULL COMMENT '是否上架',
  `marketable_time` datetime DEFAULT NULL COMMENT '上架时间',
  `version` int DEFAULT NULL COMMENT '版本',
  `delete_flag` bit(1) DEFAULT NULL COMMENT '删除标记',
  `create_by` varchar(64) DEFAULT '' COMMENT '创建者',
  `create_time` datetime DEFAULT NULL COMMENT '创建时间',
  `update_by` varchar(64) DEFAULT '' COMMENT '更新者',
  `update_time` datetime DEFAULT NULL COMMENT '更新时间',
  `tenant_id` int DEFAULT NULL COMMENT '租户ID',
  PRIMARY KEY (`id`)
) ENGINE=InnoDB AUTO_INCREMENT=13 DEFAULT CHARSET=utf8mb3 COMMENT='园区管理';
/*!40101 SET character_set_client = @saved_cs_client */;

--
-- Dumping data for table `dpo_park`
--

LOCK TABLES `dpo_park` WRITE;
/*!40000 ALTER TABLE `dpo_park` DISABLE KEYS */;
INSERT INTO `dpo_park` VALUES (1,'紫竹高新区',100000,34.708889,116.694412,500,'/profile/2023/04/29/842e20d06a6ae8d8b042905b347ce4ed.png','[{\"uid\":0,\"name\":\"/profile/dpo-storage/2024/10/24/bca530b6ab6f6faf2016fc4a01de2e14.png\",\"url\":\"/profile/dpo-storage/2024/10/24/bca530b6ab6f6faf2016fc4a01de2e14.png\"},{\"uid\":1,\"name\":\"/profile/dpo-storage/2024/10/24/b5a3dda87aecad47bff2032f17c65ca9.jpg\",\"url\":\"/profile/dpo-storage/2024/10/24/b5a3dda87aecad47bff2032f17c65ca9.jpg\"}]','紫竹高新区位于上海市闵行区东南部，交通便利。规划面积13平方公里，由大学校区、研发基地和紫竹配套区组成。2002年6月奠基，2011年6月升级为“国家高新技术产业开发区”。\n\n',1,5,'2','[31,3101,310112]',NULL,'上海市闵行区江川东路18号','高新区打造紫竹半岛、紫竹基础教育园区、兰香湖酒店、健康产业港、科技金融港等，拥有住宅房产、教育培训、医疗服务、健康养老、休闲旅游、商业机构等全方位的配套服务与设施，推动产城融合，铸就“一生之城”。\n\n',NULL,NULL,NULL,_binary '','2023-04-29 07:53:10',NULL,_binary '\0','liqingsong','2023-04-29 07:53:04','manager','2024-10-24 19:09:38',1);
/*!40000 ALTER TABLE `dpo_park` ENABLE KEYS */;
UNLOCK TABLES;

--
-- Table structure for table `dpo_policy`
--

DROP TABLE IF EXISTS `dpo_policy`;
/*!40101 SET @saved_cs_client     = @@character_set_client */;
/*!50503 SET character_set_client = utf8mb4 */;
CREATE TABLE `dpo_policy` (
  `id` int NOT NULL AUTO_INCREMENT COMMENT '政策ID',
  `name` varchar(255) DEFAULT NULL COMMENT '政策名称',
  `content` longtext COMMENT '上传详情',
  `is_marketable` bit(1) DEFAULT NULL COMMENT '是否上架',
  `marketable_time` datetime DEFAULT NULL COMMENT '上架时间',
  `version` int DEFAULT NULL COMMENT '版本',
  `delete_flag` bit(1) DEFAULT NULL COMMENT '删除标记',
  `create_by` varchar(64) DEFAULT '' COMMENT '创建者',
  `create_time` datetime DEFAULT NULL COMMENT '创建时间',
  `update_by` varchar(64) DEFAULT '' COMMENT '更新者',
  `update_time` datetime DEFAULT NULL COMMENT '更新时间',
  `tenant_id` int DEFAULT NULL COMMENT '租户ID',
  `park_id` int DEFAULT NULL COMMENT '园区id',
  PRIMARY KEY (`id`)
) ENGINE=InnoDB AUTO_INCREMENT=11 DEFAULT CHARSET=utf8mb3 COMMENT='政策管理';
/*!40101 SET character_set_client = @saved_cs_client */;

--
-- Dumping data for table `dpo_policy`
--

LOCK TABLES `dpo_policy` WRITE;
/*!40000 ALTER TABLE `dpo_policy` DISABLE KEYS */;
INSERT INTO `dpo_policy` VALUES (9,'招商引资政策','<p>一、财税金融政策<br><br>1.对年度入库地方税收形成的可用财力首次突破200万元的，奖励20万元；首次突破500万元的，奖励50万元；首次突破1000万元的，奖励100万元。对当年实现地方税收形成的可用财力达到1000万元的企业，另外按照其实现地方税收形成的可用财力的1%奖励，最高不超过100万元。（丰政发〔2017〕4号）<br><br>2.对在沪深股市及海外上市的企业（指上市主体在我县的企业），成功上市后一次性奖励300万元；在“新三板”挂牌成功的，一次性奖励30万元。（丰政发〔2017〕4号）</p>',_binary '','2023-04-30 00:32:31',NULL,_binary '\0','liqingsong','2023-04-30 00:32:28','manager','2024-10-24 19:34:30',1,1),(10,'育强政策','<p>1.对企业应税销售收入5000万元以上（含5000万元，但不包括关联交易金额）且增幅达到15%以上（含），在上一年度基础上，每新增1000万元奖励5万元，最高不超过20万元。对首次达到10亿元、20亿元、50亿元、100亿元的，分别奖励10万元、20万元、50万元、100万元。每新增1家列统工业企业，一次性奖励企业1万元。（丰政发〔2017〕4号）<br><br></p><p>2.企业首次进入全国制造业500强，奖励50万元，同时以企业首次进入全国制造业500强排名为基点，每前进5位，再奖励20万元；企业首次进入国内同行业50强，奖励20万元，同时以企业已进入国内同行业50强排名为基点，每前进10位，再奖励5万元。对首次进入国内同行业第一的企业，奖励50万元，资金与首次进入国内同行业50强奖励不重复计算。对企业既首次进入全国制造业500强，又进入国内同行业50强的，按照前者奖励标准执行，不再重复奖励。（丰政发〔2017〕4号）<br><br></p><p>3.企业参加境内各类省级以上专业展销会、订货会、博览会等，且参会前在县发改委、商务局报备，会后提供合同、发票及参展相关资料证明，按照参展展位费超出10万元的部分给予50%补助，补助金额最高10万元。（丰政发〔2017〕4号）<br><br></p><p>4.对经过县项目会审委员会会审的产业项目，根据当年实际完成投资额予以分档补助。其中：总投资在10亿元以上（含10亿元）的项目，给予100万元的补助；总投资在5-10亿元（含5亿元）的项目，给予50万元的补助；总投资在1-5亿元（含1亿元）的项目，给予10万元的补助；总投资在0.5亿元-1亿元（含0.5亿元）的项目，给予5万元的补助。（丰政发〔2017〕4号）<br><br></p><p>5.对新列入国家级、省级首台（套）重大装备及关键部件认定范围的企业，分别奖励30万元、10万元；对新列入省重点推广应用的新技术新产品目录的企业，奖励10万元；对新通过国家级、省级鉴定的新产品新技术，分别奖励10万元、5万元。（丰政发〔2017〕4号）<br><br></p><p>6.对新获中国驰名商标、中国名牌产品的生产型企业，奖励30万元；对获批地理标志产品的企业，奖励10万元；对新获国家免检产品、江苏名牌产品或江苏著名商标企业，奖励10万；对新获境外商标的企业，奖励5万元。（丰政发〔2017〕4号）<br><br></p><p>7.对列入全国标准化技术专业委员会以及分技术委员会的单位，分别奖励30万元、10万元；对提出国际标准组织标准研制项目、国家标准研制项目并作为标准主要起草成员的单位，分别奖励30万元、10万元；对提出行业标准研制项目、省级地方标准或技术规范研制项目并作为标准主要起草成员的单位，分别奖励10万元、5万元；对创建标准化达到国家4A级、国家3A级、省4A级的企业，分别奖励30万元、10万元、5万元。（丰政发〔2017〕4号）<br><br></p><p>8.对新获全国质量奖、江苏省质量奖的企业，分别奖励30万元、10万元。（丰政发〔2017〕4号）<br><br></p><p>9.对与省级以上研发力量较强、拥有专利技术的科研院所重组合作，或对与拥有自主核心技术、专利产品的高层次人才及团队联合、参股、管理企业，双方确定占股比例、完成工商变更登记、实现新产品新技术（经省级以上部门认定）投产达效的，一次性奖励20万元。鼓励本土企业为提高综合竞争力组建企业集团，对经过注册的国家级、省级企业集团，分别一次性奖励30万元、10万元。（丰政发〔2017〕4号）</p>',_binary '','2023-04-30 00:36:35',NULL,_binary '\0','liqingsong','2023-04-30 00:36:31','manager','2024-10-24 19:34:34',1,1);
/*!40000 ALTER TABLE `dpo_policy` ENABLE KEYS */;
UNLOCK TABLES;

--
-- Table structure for table `dpo_policy_banner`
--

DROP TABLE IF EXISTS `dpo_policy_banner`;
/*!40101 SET @saved_cs_client     = @@character_set_client */;
/*!50503 SET character_set_client = utf8mb4 */;
CREATE TABLE `dpo_policy_banner` (
  `id` int NOT NULL AUTO_INCREMENT COMMENT 'ID',
  `name` varchar(255) DEFAULT NULL COMMENT 'banner名称',
  `banner_desc` text COMMENT 'banner简介（可选）',
  `banner_img` varchar(255) DEFAULT NULL COMMENT 'banner图路径',
  `hits` int DEFAULT NULL COMMENT '点击次数',
  `is_marketable` bit(1) DEFAULT NULL COMMENT '是否上架',
  `marketable_time` datetime DEFAULT NULL COMMENT '上架时间',
  `uri` varchar(255) DEFAULT NULL COMMENT '落地页URI',
  `version` int DEFAULT NULL COMMENT '版本',
  `delete_flag` bit(1) DEFAULT NULL COMMENT '删除标记',
  `create_by` varchar(64) DEFAULT '' COMMENT '创建者',
  `create_time` datetime DEFAULT NULL COMMENT '创建时间',
  `update_by` varchar(64) DEFAULT '' COMMENT '更新者',
  `update_time` datetime DEFAULT NULL COMMENT '更新时间',
  `tenant_id` int DEFAULT NULL COMMENT '租户ID',
  `park_id` int DEFAULT NULL COMMENT '园区id',
  PRIMARY KEY (`id`)
) ENGINE=InnoDB AUTO_INCREMENT=8 DEFAULT CHARSET=utf8mb3 COMMENT='政策banner';
/*!40101 SET character_set_client = @saved_cs_client */;

--
-- Dumping data for table `dpo_policy_banner`
--

LOCK TABLES `dpo_policy_banner` WRITE;
/*!40000 ALTER TABLE `dpo_policy_banner` DISABLE KEYS */;
INSERT INTO `dpo_policy_banner` VALUES (7,'入驻流程','入驻流程\n','/profile/dpo-storage/2024/10/24/6f5892e59751806b5213596096bbd95f.png',3,_binary '','2023-04-30 00:31:11','https://www.zizhupark.com/innovation#Incubation-process',NULL,_binary '\0','liqingsong','2023-04-30 00:31:08','manager','2024-10-24 19:34:22',1,1);
/*!40000 ALTER TABLE `dpo_policy_banner` ENABLE KEYS */;
UNLOCK TABLES;

--
-- Table structure for table `dpo_repair`
--

DROP TABLE IF EXISTS `dpo_repair`;
/*!40101 SET @saved_cs_client     = @@character_set_client */;
/*!50503 SET character_set_client = utf8mb4 */;
CREATE TABLE `dpo_repair` (
  `id` int NOT NULL AUTO_INCREMENT COMMENT 'Id',
  `sn` varchar(64) DEFAULT NULL COMMENT '报修单号',
  `name` varchar(64) DEFAULT NULL COMMENT '报修人',
  `phone` varchar(64) DEFAULT NULL COMMENT '联系电话',
  `area` varchar(255) DEFAULT NULL COMMENT '报修区域',
  `status` int DEFAULT NULL COMMENT '状态:待分配,待评估,处理中,已处理, 已处理,待评价,已评价',
  `content` varchar(255) DEFAULT NULL COMMENT '描述',
  `repair_time` datetime DEFAULT NULL COMMENT '报修时间',
  `repair_images` varchar(4000) DEFAULT NULL COMMENT '报修图片',
  `repair_fee` decimal(10,0) DEFAULT NULL COMMENT '维修费',
  `repair_score` int DEFAULT NULL COMMENT '评价',
  `repair_materiel` varchar(255) DEFAULT NULL COMMENT '维修材料',
  `begin_date` datetime DEFAULT NULL COMMENT '开始时间',
  `end_date` datetime DEFAULT NULL COMMENT '结束时间',
  `remark` varchar(255) DEFAULT NULL COMMENT '意见建议',
  `worker_score` int DEFAULT NULL COMMENT '评价工人',
  `worker_id` int DEFAULT NULL COMMENT '维修工人',
  `customer_id` int DEFAULT NULL COMMENT '公司ID',
  `version` int DEFAULT NULL COMMENT '版本',
  `delete_flag` bit(1) DEFAULT NULL COMMENT '删除标记',
  `create_by` varchar(64) DEFAULT '' COMMENT '创建者',
  `create_time` datetime DEFAULT NULL COMMENT '创建时间',
  `update_by` varchar(64) DEFAULT '' COMMENT '更新者',
  `update_time` datetime DEFAULT NULL COMMENT '更新时间',
  `tenant_id` int DEFAULT NULL COMMENT '租户ID',
  `park_id` int DEFAULT NULL COMMENT '园区id',
  PRIMARY KEY (`id`)
) ENGINE=InnoDB AUTO_INCREMENT=28 DEFAULT CHARSET=utf8mb3 COMMENT='工单管理';
/*!40101 SET character_set_client = @saved_cs_client */;

--
-- Dumping data for table `dpo_repair`
--

LOCK TABLES `dpo_repair` WRITE;
/*!40000 ALTER TABLE `dpo_repair` DISABLE KEYS */;
INSERT INTO `dpo_repair` VALUES (25,'2023040423634','李青松','15861808897','4楼漏雨',1,'407，422下雨漏雨','2023-04-04 20:50:40','[]',NULL,NULL,'防水材料','2023-04-10 23:33:37','2023-04-14 23:33:37',NULL,NULL,1,NULL,NULL,_binary '\0','15861808897','2023-04-04 20:50:40','admin','2023-04-04 23:33:53',1,1),(26,'2023040423635','李青松','15861808897','318',2,'墙皮脱落严重，需要修复','2023-04-04 20:52:48','[]',NULL,NULL,'装修','2023-04-01 23:33:37','2023-04-08 23:33:37',NULL,NULL,1,NULL,NULL,_binary '\0','15861808897','2023-04-04 20:52:48','admin','2023-04-04 23:34:39',1,1),(27,'2023051920200','111','1111','111',0,'11111','2023-05-19 14:59:57','[]',NULL,NULL,NULL,NULL,NULL,NULL,NULL,NULL,NULL,0,_binary '\0','90486374908','2023-05-19 14:59:57','',NULL,1,1);
/*!40000 ALTER TABLE `dpo_repair` ENABLE KEYS */;
UNLOCK TABLES;

--
-- Table structure for table `dpo_repair_log`
--

DROP TABLE IF EXISTS `dpo_repair_log`;
/*!40101 SET @saved_cs_client     = @@character_set_client */;
/*!50503 SET character_set_client = utf8mb4 */;
CREATE TABLE `dpo_repair_log` (
  `id` int NOT NULL AUTO_INCREMENT COMMENT 'ID',
  `type` int NOT NULL COMMENT '类型',
  `detail` varchar(255) DEFAULT NULL COMMENT '详情',
  `repair_id` int NOT NULL COMMENT '报修单',
  `version` int DEFAULT NULL COMMENT '版本',
  `delete_flag` bit(1) DEFAULT NULL COMMENT '删除标记',
  `create_by` varchar(64) DEFAULT '' COMMENT '创建者',
  `create_time` datetime DEFAULT NULL COMMENT '创建时间',
  `update_by` varchar(64) DEFAULT '' COMMENT '更新者',
  `update_time` datetime DEFAULT NULL COMMENT '更新时间',
  `park_id` int DEFAULT NULL COMMENT '园区id',
  `tenant_id` int DEFAULT NULL COMMENT '租户ID',
  PRIMARY KEY (`id`)
) ENGINE=InnoDB AUTO_INCREMENT=110 DEFAULT CHARSET=utf8mb3 COMMENT='报修记录';
/*!40101 SET character_set_client = @saved_cs_client */;

--
-- Dumping data for table `dpo_repair_log`
--

LOCK TABLES `dpo_repair_log` WRITE;
/*!40000 ALTER TABLE `dpo_repair_log` DISABLE KEYS */;
INSERT INTO `dpo_repair_log` VALUES (57,0,'工单号：2023040423634,已收到报修',25,0,_binary '\0','15861808897','2023-04-04 20:50:40','15861808897','2023-04-04 20:50:40',1,1),(58,0,'工单号：2023040423635,已收到报修',26,0,_binary '\0','15861808897','2023-04-04 20:52:48','15861808897','2023-04-04 20:52:48',1,1),(59,1,'待处理',25,0,_binary '\0','admin','2023-04-04 23:33:53','','2023-04-04 23:33:53',1,1),(60,1,'待处理',26,0,_binary '\0','admin','2023-04-04 23:34:36','','2023-04-04 23:34:36',1,1),(61,2,'已完成',26,0,_binary '\0','admin','2023-04-04 23:34:39','admin','2023-04-04 23:34:39',1,1),(109,0,'工单号：2023051920200,已收到报修',27,0,_binary '\0','90486374908','2023-05-19 14:59:57','90486374908','2023-05-19 14:59:57',1,1);
/*!40000 ALTER TABLE `dpo_repair_log` ENABLE KEYS */;
UNLOCK TABLES;

--
-- Table structure for table `dpo_room`
--

DROP TABLE IF EXISTS `dpo_room`;
/*!40101 SET @saved_cs_client     = @@character_set_client */;
/*!50503 SET character_set_client = utf8mb4 */;
CREATE TABLE `dpo_room` (
  `id` int NOT NULL AUTO_INCREMENT COMMENT '房间ID',
  `building_id` int DEFAULT NULL COMMENT '楼宇id',
  `building_detail_id` int DEFAULT NULL COMMENT '楼层id',
  `name` varchar(255) DEFAULT NULL COMMENT '房间名称',
  `status` int DEFAULT '0' COMMENT '租赁状态(0-未租，1-已租)',
  `update_status_time` datetime DEFAULT NULL COMMENT '更新租赁状态时间',
  `rent` decimal(10,4) DEFAULT NULL COMMENT '租金',
  `rent_type` char(1) DEFAULT NULL COMMENT '租金类型:元/㎡/天,元/㎡/月,元/天,元/月',
  `management_fee` decimal(10,4) DEFAULT NULL COMMENT '物业费',
  `management_fee_type` char(1) DEFAULT NULL COMMENT '物业费类型:元/㎡/天,元/㎡/月,元/天,元/月',
  `area` decimal(10,4) DEFAULT NULL COMMENT '面积(平方米)',
  `rent_area` decimal(10,4) DEFAULT NULL COMMENT '收租面积(平方米)',
  `common_area` decimal(10,4) DEFAULT NULL COMMENT '公摊面积(平方米)',
  `can_be_divided` bit(1) DEFAULT NULL COMMENT '可分割',
  `layout` int DEFAULT NULL COMMENT '房型:loft,平层,商业,其他',
  `floor_height` decimal(10,4) DEFAULT NULL COMMENT '层高(米)',
  `available_from` datetime DEFAULT NULL COMMENT '可入住日期',
  `decoration_type` int DEFAULT NULL COMMENT '装修类型:简装,精装,毛坯房',
  `bonus` decimal(10,4) DEFAULT NULL COMMENT '奖金',
  `banner_images` varchar(4000) DEFAULT NULL COMMENT '上传园区banner图',
  `small_pic` varchar(255) DEFAULT NULL COMMENT '上传房间小图',
  `brief_intro` varchar(4000) DEFAULT NULL COMMENT '房间简介（选填）',
  `is_marketable` bit(1) DEFAULT NULL COMMENT '是否上架',
  `marketable_time` datetime DEFAULT NULL COMMENT '上架时间',
  `create_by` varchar(64) DEFAULT '' COMMENT '创建者',
  `create_time` datetime DEFAULT NULL COMMENT '创建时间',
  `update_by` varchar(64) DEFAULT '' COMMENT '更新者',
  `update_time` datetime DEFAULT NULL COMMENT '更新时间',
  `version` int DEFAULT NULL COMMENT '版本',
  `delete_flag` bit(1) DEFAULT NULL COMMENT '删除标记',
  `tenant_id` int DEFAULT NULL COMMENT '租户ID',
  `park_id` int DEFAULT NULL COMMENT '园区ID',
  PRIMARY KEY (`id`)
) ENGINE=InnoDB AUTO_INCREMENT=206 DEFAULT CHARSET=utf8mb3 COMMENT='房间管理';
/*!40101 SET character_set_client = @saved_cs_client */;

--
-- Dumping data for table `dpo_room`
--

LOCK TABLES `dpo_room` WRITE;
/*!40000 ALTER TABLE `dpo_room` DISABLE KEYS */;
INSERT INTO `dpo_room` VALUES (54,158,145,'301',0,NULL,0.0000,'2',5.0000,'2',32.0000,32.0000,0.0000,NULL,2,4.0000,'2023-04-01 00:00:00',0,1.0000,'[{\"uid\":0,\"name\":\"/profile/2023/04/04/9b306623b812c8b3f12ccae5925386c7.jpg\",\"url\":\"/profile/2023/04/04/9b306623b812c8b3f12ccae5925386c7.jpg\"},{\"uid\":1,\"name\":\"/profile/2023/04/04/33b557ddf34dd6c48c083ad21754b05b.jpg\",\"url\":\"/profile/2023/04/04/33b557ddf34dd6c48c083ad21754b05b.jpg\"}]','/profile/2023/04/04/793b81bc9a4c9ec5abc563cf5c4ae79b.jpg','32平方，桌椅自购',_binary '','2023-04-04 20:53:12','admin2','2023-04-04 20:47:30','admin2','2023-04-04 23:29:55',NULL,_binary '\0',1,1),(55,158,145,'302',0,NULL,0.0000,'2',5.0000,'2',27.0000,27.0000,0.0000,NULL,2,4.0000,'2023-05-01 00:00:00',0,NULL,'[]','/profile/2023/04/28/cd630485b6b14d377b5ca88ded861d98.jpg',NULL,_binary '','2023-04-28 10:19:30','admin2','2023-04-28 10:15:58','admin','2023-04-28 10:19:30',NULL,_binary '\0',1,1),(56,158,145,'303',0,NULL,0.0000,'2',5.0000,'2',27.0000,27.0000,0.0000,NULL,2,4.0000,'2023-05-01 00:00:00',0,NULL,'[]','/profile/2023/04/28/315880926808d623dc9688a4bf859c25.jpg',NULL,_binary '','2023-04-28 10:19:32','admin2','2023-04-28 10:16:33','admin','2023-04-28 10:19:32',NULL,_binary '\0',1,1),(57,158,145,'304',0,NULL,0.0000,'2',5.0000,'2',27.0000,27.0000,0.0000,NULL,2,NULL,'2023-05-01 00:00:00',0,NULL,'[]','/profile/2023/04/28/afe652ef66ce6dbdb81b95b37b999640.jpg',NULL,_binary '','2023-04-28 10:19:34','admin2','2023-04-28 10:17:18','admin','2023-04-28 22:57:43',NULL,_binary '\0',1,1),(59,158,145,'305',0,NULL,0.0000,'2',5.0000,'2',27.0000,27.0000,0.0000,NULL,2,4.0000,'2023-05-01 00:00:00',0,NULL,'[]',NULL,NULL,_binary '','2023-04-28 23:24:27','admin2','2023-04-28 23:01:21','admin2','2023-04-28 23:24:27',NULL,_binary '\0',1,1),(60,158,145,'306',0,NULL,0.0000,'2',5.0000,'4',27.0000,27.0000,0.0000,NULL,2,4.0000,'2023-05-01 00:00:00',0,NULL,'[]',NULL,NULL,_binary '','2023-04-28 23:24:38','admin2','2023-04-28 23:04:53','admin2','2023-04-28 23:24:38',NULL,_binary '\0',1,1),(61,158,145,'307',0,NULL,0.0000,'2',5.0000,'2',27.0000,27.0000,0.0000,NULL,2,4.0000,'2023-05-01 00:00:00',0,NULL,'[]',NULL,NULL,_binary '','2023-04-28 23:25:39','admin2','2023-04-28 23:05:30','admin2','2023-04-28 23:25:39',NULL,_binary '\0',1,1),(62,158,145,'308',1,'2023-04-29 23:49:02',0.0000,'2',5.0000,'2',32.0000,32.0000,0.0000,NULL,2,4.0000,'2023-05-01 00:00:00',0,NULL,'[]',NULL,NULL,_binary '','2023-04-28 23:25:29','admin2','2023-04-28 23:06:06','liqingsong','2023-04-29 23:46:03',NULL,_binary '\0',1,1),(63,158,145,'309',0,NULL,0.0000,'2',5.0000,'2',27.0000,27.0000,0.0000,NULL,2,4.0000,'2023-05-01 00:00:00',0,NULL,'[]',NULL,NULL,_binary '','2023-04-28 23:25:20','admin2','2023-04-28 23:06:45','admin2','2023-04-28 23:25:20',NULL,_binary '\0',1,1),(64,158,145,'310',1,'2023-04-29 23:49:02',0.0000,'2',5.0000,'2',27.0000,27.0000,0.0000,NULL,2,4.0000,'2023-05-01 00:00:00',0,NULL,'[]',NULL,NULL,_binary '','2023-04-28 23:25:12','admin2','2023-04-28 23:07:22','admin2','2023-04-28 23:25:12',NULL,_binary '\0',1,1),(65,158,145,'311',1,'2023-04-29 23:49:02',0.0000,'2',5.0000,'2',27.0000,27.0000,0.0000,NULL,2,4.0000,'2023-05-01 00:00:00',0,NULL,'[]',NULL,NULL,_binary '','2023-04-28 23:25:04','admin2','2023-04-28 23:07:54','admin2','2023-04-28 23:25:04',NULL,_binary '\0',1,1),(66,158,145,'312',0,NULL,0.0000,'2',5.0000,'2',27.0000,27.0000,0.0000,NULL,2,4.0000,'2023-05-01 00:00:00',0,NULL,'[]',NULL,NULL,_binary '','2023-04-28 23:24:55','admin2','2023-04-28 23:08:28','admin2','2023-04-28 23:24:55',NULL,_binary '\0',1,1),(67,158,145,'313',0,NULL,0.0000,'2',5.0000,'2',27.0000,27.0000,0.0000,NULL,2,4.0000,'2023-05-01 00:00:00',0,NULL,'[]',NULL,NULL,_binary '','2023-04-28 23:24:17','admin2','2023-04-28 23:09:07','admin2','2023-04-28 23:24:17',NULL,_binary '\0',1,1),(68,158,145,'314',0,NULL,0.0000,'2',5.0000,'2',27.0000,27.0000,0.0000,NULL,2,4.0000,'2023-05-01 00:00:00',0,NULL,'[]',NULL,NULL,_binary '','2023-04-28 23:24:08','admin2','2023-04-28 23:09:41','admin2','2023-04-28 23:24:08',NULL,_binary '\0',1,1),(69,158,145,'315',0,NULL,0.0000,'2',5.0000,'2',50.0000,50.0000,0.0000,NULL,2,4.0000,'2023-05-01 00:00:00',0,NULL,'[]',NULL,NULL,_binary '','2023-04-28 23:24:05','admin2','2023-04-28 23:10:15','admin2','2023-04-28 23:24:05',NULL,_binary '\0',1,1),(70,158,145,'316',0,NULL,0.0000,'2',5.0000,'2',20.0000,20.0000,0.0000,NULL,2,4.0000,'2023-05-01 00:00:00',0,NULL,'[]',NULL,NULL,_binary '','2023-04-28 23:24:02','admin2','2023-04-28 23:11:20','admin2','2023-04-28 23:24:02',NULL,_binary '\0',1,1),(71,158,145,'317',1,'2024-10-25 15:13:18',0.0000,'2',5.0000,'2',25.0000,25.0000,0.0000,NULL,2,4.0000,'2023-05-01 00:00:00',0,NULL,'[]',NULL,NULL,_binary '','2023-04-28 23:23:58','admin2','2023-04-28 23:12:09','admin2','2023-04-28 23:23:58',NULL,_binary '\0',1,1),(72,158,145,'318',1,'2023-04-30 00:28:17',0.0000,'2',5.0000,'2',93.6000,93.6000,0.0000,NULL,2,4.0000,'2023-05-01 00:00:00',0,NULL,'[]',NULL,NULL,_binary '','2023-04-28 23:23:56','admin2','2023-04-28 23:13:10','admin2','2023-04-28 23:23:56',NULL,_binary '\0',1,1),(73,158,145,'319',0,NULL,0.0000,'2',5.0000,'2',93.6000,93.6000,0.0000,NULL,2,4.0000,'2023-05-01 00:00:00',0,NULL,'[]','/profile/2023/04/28/f089620ca274bd3a4202091500a428b1.jpg',NULL,_binary '','2023-04-28 23:23:52','admin2','2023-04-28 23:19:16','admin','2023-04-28 23:28:21',NULL,_binary '\0',1,1),(74,158,145,'320',0,NULL,0.0000,'2',5.0000,'2',93.6000,93.6000,0.0000,NULL,2,4.0000,'2023-05-01 00:00:00',0,NULL,'[]','/profile/2023/04/28/d1357a740260739645807ec5ac79b8bf.jpg',NULL,_binary '','2023-04-28 23:23:49','admin2','2023-04-28 23:19:55','admin','2023-04-28 23:28:33',NULL,_binary '\0',1,1),(75,158,145,'321',0,NULL,0.0000,'2',93.6000,'2',93.6000,93.6000,0.0000,NULL,2,4.0000,'2023-05-01 00:00:00',0,NULL,'[]','/profile/2023/04/28/43ed09f97c852311cd3825067dd87c7e.jpg',NULL,_binary '','2023-04-28 23:23:47','admin2','2023-04-28 23:20:46','admin','2023-04-28 23:28:10',NULL,_binary '\0',1,1),(76,158,145,'322',0,NULL,0.0000,'2',5.0000,'2',93.6000,93.6000,0.0000,NULL,2,4.0000,'2023-05-01 00:00:00',0,NULL,'[]','/profile/2023/04/28/b6d678268d3a13ec2de4089ae8e386f4.jpg',NULL,_binary '','2023-04-28 23:23:44','admin2','2023-04-28 23:22:17','admin','2023-04-28 23:27:59',NULL,_binary '\0',1,1),(77,158,145,'323',0,NULL,0.0000,'2',5.0000,'2',93.6000,93.6000,0.0000,NULL,2,4.0000,'2023-05-01 00:00:00',0,NULL,'[]','/profile/2023/04/28/ce08b560ce8416c4764274c49829d2e0.jpg',NULL,_binary '','2023-04-28 23:23:40','admin2','2023-04-28 23:23:02','admin','2023-04-28 23:27:39',NULL,_binary '\0',1,1),(78,158,146,'423',1,'2023-04-30 00:18:20',0.0000,'2',5.0000,'2',77.4000,77.4000,0.0000,NULL,2,4.0000,'2023-05-01 00:00:00',0,NULL,'[]','/profile/2023/04/29/a81dd278c87205cc0809014d286dfc1e.jpg',NULL,_binary '','2023-04-29 00:02:28','liqingsong','2023-04-29 00:02:22','liqingsong','2023-04-29 00:02:28',NULL,_binary '\0',1,1),(79,158,146,'414',1,'2023-04-30 00:23:22',0.0000,'2',5.0000,'2',27.0000,27.0000,0.0000,NULL,2,4.0000,'2023-05-01 00:00:00',0,NULL,'[]','/profile/2023/04/29/5a10d9bb96034f55fee33224f123da34.jpg',NULL,_binary '','2023-04-29 00:06:04','liqingsong','2023-04-29 00:05:58','liqingsong','2023-04-29 00:06:04',NULL,_binary '\0',1,1),(80,158,146,'415',1,'2023-04-30 00:23:22',0.0000,'2',5.0000,'2',50.0000,50.0000,0.0000,NULL,2,4.0000,'2023-05-01 00:00:00',0,NULL,'[]','/profile/2023/04/29/4e2a3956c21501adf94ddc87afcb3c11.jpg',NULL,_binary '','2023-04-29 00:07:43','liqingsong','2023-04-29 00:07:39','liqingsong','2023-04-29 00:07:43',NULL,_binary '\0',1,1),(81,158,146,'416',1,'2023-04-30 00:23:22',0.0000,'2',5.0000,'2',20.0000,20.0000,0.0000,NULL,2,4.0000,'2023-05-01 00:00:00',0,NULL,'[]','/profile/2023/04/29/faede6f562d7b7ec36ef08d74a318f86.jpg',NULL,_binary '','2023-04-29 00:08:31','liqingsong','2023-04-29 00:08:24','liqingsong','2023-04-29 00:08:31',NULL,_binary '\0',1,1),(82,158,146,'417',1,'2023-04-30 00:23:22',0.0000,'2',5.0000,'2',25.0000,25.0000,0.0000,NULL,2,4.0000,'2023-05-01 00:00:00',0,NULL,'[]','/profile/2023/04/29/66d3c68a3cf46538d849401301aeb043.jpg',NULL,_binary '','2023-04-29 00:09:28','liqingsong','2023-04-29 00:09:23','liqingsong','2023-04-29 00:09:28',NULL,_binary '\0',1,1),(83,158,146,'403',1,'2023-04-29 23:59:38',0.0000,'2',5.0000,'2',27.0000,27.0000,0.0000,NULL,2,4.0000,'2023-05-01 00:00:00',0,NULL,'[]','/profile/2023/04/29/05afee9bc91c115645bfa26af5977748.jpg',NULL,_binary '','2023-04-29 00:10:34','liqingsong','2023-04-29 00:10:29','liqingsong','2023-04-29 00:10:34',NULL,_binary '\0',1,1),(84,158,146,'424',1,'2023-04-29 23:59:38',0.0000,'2',5.0000,'2',77.4000,77.4000,0.0000,NULL,2,4.0000,'2023-05-01 00:00:00',0,NULL,'[]','/profile/2023/04/29/08699c72eaa3193a699fceaa8ed3acb8.jpg',NULL,_binary '','2023-04-29 00:11:27','liqingsong','2023-04-29 00:11:23','liqingsong','2023-04-29 00:11:27',NULL,_binary '\0',1,1),(85,158,144,'209',0,NULL,2.0000,'2',8.0000,'2',100.0000,100.0000,0.0000,NULL,2,4.0000,'2023-05-01 00:00:00',1,NULL,'[{\"uid\":0,\"name\":\"/profile/2023/04/29/e30bfa2b97992a0b157e908bbe0ab84b.png\",\"url\":\"/profile/2023/04/29/e30bfa2b97992a0b157e908bbe0ab84b.png\"}]','/profile/2023/04/29/910ffda25cf408fc9fa60bf105ee3e2e.png',NULL,_binary '','2024-10-23 21:10:00','liqingsong','2023-04-29 23:22:51','manager','2024-10-23 21:12:37',NULL,_binary '\0',1,1);
/*!40000 ALTER TABLE `dpo_room` ENABLE KEYS */;
UNLOCK TABLES;

--
-- Table structure for table `dpo_service_banner`
--

DROP TABLE IF EXISTS `dpo_service_banner`;
/*!40101 SET @saved_cs_client     = @@character_set_client */;
/*!50503 SET character_set_client = utf8mb4 */;
CREATE TABLE `dpo_service_banner` (
  `id` int NOT NULL AUTO_INCREMENT COMMENT 'Id',
  `banner_name` varchar(255) DEFAULT NULL COMMENT 'banner名称',
  `banner_desc` varchar(255) DEFAULT NULL COMMENT 'banner简介（可选）',
  `banner_img` varchar(255) DEFAULT NULL COMMENT '上传banner图标',
  `uri` varchar(255) DEFAULT NULL COMMENT '落地页URI',
  `is_marketable` bit(1) DEFAULT b'0' COMMENT '是否上架',
  `marketable_time` datetime DEFAULT NULL COMMENT '上架时间',
  `is_top` bit(1) DEFAULT b'0' COMMENT '是否置顶',
  `hits` int DEFAULT NULL COMMENT '点击数',
  `version` int DEFAULT NULL COMMENT '版本',
  `delete_flag` bit(1) DEFAULT NULL COMMENT '删除标记',
  `create_by` varchar(64) DEFAULT '' COMMENT '创建者',
  `create_time` datetime DEFAULT NULL COMMENT '创建时间',
  `update_by` varchar(64) DEFAULT '' COMMENT '更新者',
  `update_time` datetime DEFAULT NULL COMMENT '更新时间',
  `tenant_id` int DEFAULT NULL COMMENT '租户ID',
  `park_id` int DEFAULT NULL COMMENT '园区id',
  PRIMARY KEY (`id`)
) ENGINE=InnoDB AUTO_INCREMENT=7 DEFAULT CHARSET=utf8mb3 COMMENT='企业服务-banner管理';
/*!40101 SET character_set_client = @saved_cs_client */;

--
-- Dumping data for table `dpo_service_banner`
--

LOCK TABLES `dpo_service_banner` WRITE;
/*!40000 ALTER TABLE `dpo_service_banner` DISABLE KEYS */;
INSERT INTO `dpo_service_banner` VALUES (5,'创业知识 | 如何撰写商业计划书？','一份商业计划书一般长度在20页左右最为合适，太长会让投资者失去耐心，太短又不能很好地阐释清楚','/profile/2023/05/06/a1b93a5bf4434936e4c63581ba39a822.png','https://mp.weixin.qq.com/s/9a67KPjBdodzhpMZ-Mix1g',_binary '','2023-04-29 07:47:08',_binary '\0',NULL,NULL,_binary '\0','liqingsong','2023-04-29 07:47:04','liqingsong','2023-05-06 13:50:42',1,1),(6,'创业知识 ',NULL,'/profile/2023/04/29/359fe2915c7c606f6e9212d931e57687.png','www.ruixuncloud.cn',_binary '','2023-04-29 07:48:28',_binary '\0',NULL,NULL,_binary '\0','liqingsong','2023-04-29 07:48:17','liqingsong','2023-04-29 07:48:28',1,1);
/*!40000 ALTER TABLE `dpo_service_banner` ENABLE KEYS */;
UNLOCK TABLES;

--
-- Table structure for table `dpo_service_manage`
--

DROP TABLE IF EXISTS `dpo_service_manage`;
/*!40101 SET @saved_cs_client     = @@character_set_client */;
/*!50503 SET character_set_client = utf8mb4 */;
CREATE TABLE `dpo_service_manage` (
  `id` int NOT NULL AUTO_INCREMENT COMMENT '服务ID',
  `service_name` varchar(255) DEFAULT NULL COMMENT '服务名称',
  `service_desc` varchar(255) DEFAULT NULL COMMENT '服务简介（可选）',
  `supplier_id` int DEFAULT NULL COMMENT '供应商名称',
  `menu_id` int DEFAULT NULL COMMENT '菜单选择',
  `price` decimal(10,0) DEFAULT NULL COMMENT '价格(元)',
  `price_unit` varchar(255) DEFAULT NULL COMMENT '价格单位',
  `contract` varchar(255) DEFAULT NULL COMMENT '咨询电话（可选）',
  `contract_time_start` time DEFAULT NULL COMMENT '咨询电话服务时段(开始)',
  `contract_time_end` time DEFAULT NULL COMMENT '咨询电话服务时段(结束)',
  `is_work_day` bit(1) DEFAULT NULL COMMENT '是否仅限工作日咨询',
  `service_content` text COMMENT '上传详情',
  `agreement_status` bit(1) DEFAULT NULL COMMENT '服务协议(可选)',
  `agreement_name` varchar(255) DEFAULT NULL COMMENT '服务协议名称',
  `agreement_content` varchar(255) DEFAULT NULL COMMENT '服务协议内容',
  `level_one_menu` varchar(255) DEFAULT NULL COMMENT '一级菜单',
  `level_two_menu` varchar(255) DEFAULT NULL COMMENT '二级菜单',
  `is_marketable` bit(1) DEFAULT NULL COMMENT '是否上架',
  `marketable_time` datetime DEFAULT NULL COMMENT '上架时间',
  `version` int DEFAULT NULL COMMENT '版本',
  `delete_flag` bit(1) DEFAULT NULL COMMENT '删除标记',
  `create_by` varchar(64) DEFAULT '' COMMENT '创建者',
  `create_time` datetime DEFAULT NULL COMMENT '创建时间',
  `update_by` varchar(64) DEFAULT '' COMMENT '更新者',
  `update_time` datetime DEFAULT NULL COMMENT '更新时间',
  `tenant_id` int DEFAULT NULL COMMENT '租户ID',
  `park_id` int DEFAULT NULL COMMENT '园区id',
  PRIMARY KEY (`id`)
) ENGINE=InnoDB AUTO_INCREMENT=10 DEFAULT CHARSET=utf8mb3 COMMENT='服务管理';
/*!40101 SET character_set_client = @saved_cs_client */;

--
-- Dumping data for table `dpo_service_manage`
--

LOCK TABLES `dpo_service_manage` WRITE;
/*!40000 ALTER TABLE `dpo_service_manage` DISABLE KEYS */;
INSERT INTO `dpo_service_manage` VALUES (8,'企业上云',NULL,12,98,NULL,'面议','15861808897',NULL,NULL,NULL,NULL,NULL,NULL,NULL,NULL,NULL,_binary '','2023-04-29 01:01:12',NULL,_binary '\0','liqingsong','2023-04-29 01:01:07','liqingsong','2023-04-29 01:01:12',1,1),(9,'代理记账',NULL,14,81,NULL,'面议','15861808897',NULL,NULL,NULL,NULL,_binary '\0',NULL,NULL,NULL,NULL,_binary '','2023-04-29 07:43:23',NULL,_binary '\0','liqingsong','2023-04-29 07:41:07','liqingsong','2023-04-29 07:43:23',1,1);
/*!40000 ALTER TABLE `dpo_service_manage` ENABLE KEYS */;
UNLOCK TABLES;

--
-- Table structure for table `dpo_service_menu`
--

DROP TABLE IF EXISTS `dpo_service_menu`;
/*!40101 SET @saved_cs_client     = @@character_set_client */;
/*!50503 SET character_set_client = utf8mb4 */;
CREATE TABLE `dpo_service_menu` (
  `id` int NOT NULL AUTO_INCREMENT COMMENT 'Id',
  `menu_name` varchar(255) DEFAULT NULL COMMENT '菜单名称',
  `menu_desc` varchar(255) DEFAULT NULL COMMENT '菜单简介（可选）',
  `menu_img` varchar(255) DEFAULT NULL COMMENT '上传菜单图标',
  `menu_level` int DEFAULT NULL COMMENT '菜单级别',
  `parent_id` int DEFAULT NULL COMMENT '父节点',
  `is_marketable` bit(1) DEFAULT NULL COMMENT '是否上架',
  `marketable_time` datetime DEFAULT NULL COMMENT '上架时间',
  `version` int DEFAULT NULL COMMENT '版本',
  `delete_flag` bit(1) DEFAULT NULL COMMENT '删除标记',
  `create_by` varchar(64) DEFAULT '' COMMENT '创建者',
  `create_time` datetime DEFAULT NULL COMMENT '创建时间',
  `update_by` varchar(64) DEFAULT '' COMMENT '更新者',
  `update_time` datetime DEFAULT NULL COMMENT '更新时间',
  `tenant_id` int DEFAULT NULL COMMENT '租户ID',
  `park_id` int DEFAULT NULL COMMENT '园区id',
  PRIMARY KEY (`id`)
) ENGINE=InnoDB AUTO_INCREMENT=108 DEFAULT CHARSET=utf8mb3 COMMENT='企业服务-菜单管理';
/*!40101 SET character_set_client = @saved_cs_client */;

--
-- Dumping data for table `dpo_service_menu`
--

LOCK TABLES `dpo_service_menu` WRITE;
/*!40000 ALTER TABLE `dpo_service_menu` DISABLE KEYS */;
INSERT INTO `dpo_service_menu` VALUES (56,'工商财税',NULL,'/profile/2023/04/29/50eb44ca6f7dd364dffdd064c3ffb9eb.png',NULL,0,_binary '','2023-04-29 00:38:22',NULL,_binary '\0','liqingsong','2023-04-29 00:16:12','liqingsong','2023-04-29 00:38:22',1,1),(57,'知识产权',NULL,'/profile/2023/04/29/620bb8138e3f957dd27ce6bbfa40bbae.png',NULL,0,_binary '','2023-04-29 00:38:23',NULL,_binary '\0','liqingsong','2023-04-29 00:16:56','liqingsong','2023-04-29 00:38:23',1,1),(58,'政府项目',NULL,'/profile/2023/04/29/8b2dae18fbe0b2a4a52dfa2ba75c90d5.png',NULL,0,_binary '','2023-04-29 00:18:36',NULL,_binary '\0','liqingsong','2023-04-29 00:17:19','liqingsong','2023-04-29 00:25:31',1,1),(59,'人力资源',NULL,'/profile/2023/04/29/17e5caae59cba88d59dd9b1921ed4b04.png',NULL,0,_binary '','2023-04-29 00:18:38',NULL,_binary '\0','liqingsong','2023-04-29 00:17:38','liqingsong','2023-04-29 00:25:41',1,1),(60,'法律服务',NULL,'/profile/2023/04/29/1277ed2f0bf6d610ac558c0cd20d535f.png',NULL,0,_binary '','2023-04-29 00:18:39',NULL,_binary '\0','liqingsong','2023-04-29 00:17:53','liqingsong','2023-04-29 00:25:51',1,1),(61,'技术服务',NULL,'/profile/2023/04/29/80f042e5a1402c5ea4ad6e53f4e55fd4.png',NULL,0,_binary '','2023-04-29 00:18:41',NULL,_binary '\0','liqingsong','2023-04-29 00:18:32','liqingsong','2023-04-29 00:26:00',1,1),(62,'品牌设计',NULL,'/profile/2023/04/29/2ae7f3f902538397568fa28fbef9ed50.png',NULL,0,_binary '','2023-04-29 00:20:34',NULL,_binary '\0','liqingsong','2023-04-29 00:20:31','liqingsong','2023-04-29 00:26:18',1,1),(63,'营销推广',NULL,'/profile/2023/04/29/71818ef91894daed432a30d902039b4c.png',NULL,0,_binary '','2023-04-29 00:21:43',NULL,_binary '','liqingsong','2023-04-29 00:21:39','liqingsong','2023-04-29 00:26:30',1,1),(64,'投融资服务',NULL,'/profile/2023/04/29/2a552ae3575bba5949eea10bdce60594.png',NULL,0,_binary '','2023-04-29 00:23:57',NULL,_binary '\0','liqingsong','2023-04-29 00:22:33','liqingsong','2023-04-29 00:26:41',1,1),(65,'人力资源',NULL,'/profile/2023/04/29/df31773f6581084b3a7308ae18b4e43d.png',NULL,0,_binary '','2023-04-29 00:23:59',NULL,_binary '','liqingsong','2023-04-29 00:23:42','liqingsong','2023-04-29 00:23:59',1,1),(66,'创客大赛',NULL,'/profile/2023/04/29/fabcbcb05699f1c4781690984afa573c.png',NULL,0,_binary '','2023-04-29 00:24:01',NULL,_binary '\0','liqingsong','2023-04-29 00:23:54','liqingsong','2023-04-29 00:24:01',1,1),(67,'工商注册',NULL,'/profile/2023/04/29/7039b32316c17df53f36d89332481556.png',NULL,56,_binary '\0','2023-04-29 00:35:05',NULL,_binary '','liqingsong','2023-04-29 00:27:29','liqingsong','2023-04-29 00:36:56',1,1),(68,'税收筹划',NULL,'/profile/2023/04/29/3638b1e8e3f6b785e4f44850adb68a94.png',NULL,56,_binary '\0','2023-04-29 00:35:07',NULL,_binary '','liqingsong','2023-04-29 00:27:48','liqingsong','2023-04-29 00:35:07',1,1),(69,'财税咨询',NULL,'/profile/2023/04/29/9066ad25153ce2b15f37cd5cdb256c80.png',NULL,56,_binary '\0','2023-04-29 00:35:08',NULL,_binary '','liqingsong','2023-04-29 00:28:08','liqingsong','2023-04-29 00:35:08',1,1),(70,'代理记账',NULL,'/profile/2023/04/29/45967ef8e60cb2babf38231b9572b614.png',NULL,56,_binary '\0','2023-04-29 00:35:11',NULL,_binary '','liqingsong','2023-04-29 00:28:23','liqingsong','2023-04-29 00:35:11',1,1),(71,'企业变更',NULL,'/profile/2023/04/29/3198454155ec31073906c3f400cf24e3.png',NULL,56,_binary '\0','2023-04-29 00:35:13',NULL,_binary '','liqingsong','2023-04-29 00:28:44','liqingsong','2023-04-29 00:35:13',1,1),(72,'企业注销',NULL,'/profile/2023/04/29/cdee82dfcaf33f9b01b816b27dfd0f54.png',NULL,56,_binary '\0','2023-04-29 00:35:15',NULL,_binary '','liqingsong','2023-04-29 00:29:02','liqingsong','2023-04-29 00:35:15',1,1),(73,'社保和公积金代理',NULL,'/profile/2023/04/29/c2f129593b0e1d226ecdb664e6a9e1dd.png',NULL,56,_binary '\0','2023-04-29 00:35:17',NULL,_binary '','liqingsong','2023-04-29 00:29:22','liqingsong','2023-04-29 00:35:17',1,1),(74,'软著业务',NULL,'/profile/2023/04/29/2592098d782bbb4550d42ef1d518164c.png',NULL,57,_binary '\0','2023-04-29 00:35:25',NULL,_binary '','liqingsong','2023-04-29 00:30:31','liqingsong','2023-04-29 00:35:25',1,1),(75,'专利申请',NULL,'/profile/2023/04/29/33325d991f7dc30f4fc361e90594bb65.png',NULL,57,_binary '\0','2023-04-29 00:35:28',NULL,_binary '','liqingsong','2023-04-29 00:31:03','liqingsong','2023-04-29 00:35:28',1,1),(76,'商标咨询',NULL,'/profile/2023/04/29/ea77ad0c5ed486d7eebe873855415200.png',NULL,57,_binary '\0','2023-04-29 00:35:30',NULL,_binary '','liqingsong','2023-04-29 00:31:20','liqingsong','2023-04-29 00:35:30',1,1),(77,'项目申报',NULL,'/profile/2023/04/29/e08e65aed1dbabc2f4efaa7de7cdaebc.png',NULL,0,NULL,NULL,0,_binary '','liqingsong','2023-04-29 00:31:49','',NULL,1,1),(78,'管理规范、贯标',NULL,'/profile/2023/04/29/1eec620dd431b83820fea3ced32fa2cd.png',NULL,57,_binary '\0','2023-04-29 00:35:32',NULL,_binary '','liqingsong','2023-04-29 00:32:54','liqingsong','2023-04-29 00:35:32',1,1),(79,'工商注册',NULL,'/profile/2023/04/29/03903dda18739240d1ce6a639c73d5b4.png',NULL,56,NULL,NULL,0,_binary '\0','liqingsong','2023-04-29 00:39:15','',NULL,1,1),(80,'税收筹划',NULL,'/profile/2023/04/29/f124fc0970901a7a227407c7452a66ec.png',NULL,56,NULL,NULL,0,_binary '\0','liqingsong','2023-04-29 00:40:45','',NULL,1,1),(81,'代理记账',NULL,'/profile/2023/04/29/ccb4c5a7410b75a1bafc951275ecaf17.png',NULL,56,NULL,NULL,0,_binary '\0','liqingsong','2023-04-29 00:41:09','',NULL,1,1),(82,'企业注销',NULL,'/profile/2023/04/29/248038ea2196a347b969e57a211a1938.png',NULL,56,NULL,NULL,0,_binary '\0','liqingsong','2023-04-29 00:41:35','',NULL,1,1),(83,'软著业务',NULL,'/profile/2023/04/29/2af794d525e5bb375fc330d6c674a26b.png',NULL,57,NULL,NULL,0,_binary '\0','liqingsong','2023-04-29 00:42:02','',NULL,1,1),(84,'专利申请',NULL,'/profile/2023/04/29/3fdfe55a452317843537e66bbad2da22.png',NULL,57,NULL,NULL,0,_binary '\0','liqingsong','2023-04-29 00:42:23','',NULL,1,1),(85,'商标申请',NULL,'/profile/2023/04/29/e6952f0d06283fdd1d3f58164dd15b45.png',NULL,57,NULL,NULL,0,_binary '\0','liqingsong','2023-04-29 00:42:39','',NULL,1,1),(86,'高企辅导',NULL,'/profile/2023/04/29/4a6580c0d51b6eec6492c880db24764a.png',NULL,58,NULL,NULL,NULL,_binary '\0','liqingsong','2023-04-29 00:43:05','liqingsong','2023-04-29 00:54:41',1,1),(87,'科小申报',NULL,'/profile/2023/04/29/6d86137aef664a518d05944d26051dc2.png',NULL,58,NULL,NULL,NULL,_binary '\0','liqingsong','2023-04-29 00:43:25','liqingsong','2023-04-29 00:54:52',1,1),(88,'人才项目',NULL,'/profile/2023/04/29/1fcd17785d7f949d632770eb3f23925e.png',NULL,58,NULL,NULL,NULL,_binary '\0','liqingsong','2023-04-29 00:44:20','liqingsong','2023-04-29 00:55:02',1,1),(89,'劳务派遣',NULL,'/profile/2023/04/29/86bde6d74644936c37110b21e771ca59.png',NULL,59,NULL,NULL,0,_binary '\0','liqingsong','2023-04-29 00:44:41','',NULL,1,1),(90,'服务外包',NULL,'/profile/2023/04/29/891293cddecfdf9ba217ea8a74f962bd.png',NULL,59,NULL,NULL,0,_binary '\0','liqingsong','2023-04-29 00:44:59','',NULL,1,1),(91,'灵活用工',NULL,'/profile/2023/04/29/94e93b27626f6d0c10fcf8ca36823658.png',NULL,59,NULL,NULL,0,_binary '\0','liqingsong','2023-04-29 00:45:21','',NULL,1,1),(92,'人才招聘',NULL,'/profile/2023/04/29/58fffb110b694ad77c380ea51e8dd6c1.png',NULL,59,NULL,NULL,0,_binary '\0','liqingsong','2023-04-29 00:45:43','',NULL,1,1),(93,'培训服务',NULL,'/profile/2023/04/29/7c80e84b0f6359942192248aa5bc6442.png',NULL,59,NULL,NULL,0,_binary '\0','liqingsong','2023-04-29 00:46:01','',NULL,1,1),(94,'风险评测',NULL,'/profile/2023/04/29/ac94f65f923272fa0c0172fb5c925bca.png',NULL,60,NULL,NULL,0,_binary '\0','liqingsong','2023-04-29 00:47:00','',NULL,1,1),(95,'合同审查',NULL,'/profile/2023/04/29/8bc3b7c8063cd4554e8563360150484f.png',NULL,60,NULL,NULL,0,_binary '\0','liqingsong','2023-04-29 00:47:40','',NULL,1,1),(96,'法律咨询',NULL,'/profile/2023/04/29/4623c18e40c1f093d5937ffaeb0b63a2.png',NULL,60,NULL,NULL,0,_binary '\0','liqingsong','2023-04-29 00:48:00','',NULL,1,1),(97,'微信小程序',NULL,'/profile/2023/04/29/a944d5ae9143e7eb4325e2acd257a77c.png',NULL,61,NULL,NULL,0,_binary '\0','liqingsong','2023-04-29 00:48:28','',NULL,1,1),(98,'企业上云',NULL,'/profile/2023/04/29/0d0baf0174e3f83e2f7062a872c3a473.png',NULL,61,NULL,NULL,0,_binary '\0','liqingsong','2023-04-29 00:48:53','',NULL,1,1),(99,'技术开发服务',NULL,'/profile/2023/04/29/3e178a0c1c2ab8e6549fcf4e3f9bcc69.png',NULL,61,NULL,NULL,0,_binary '\0','liqingsong','2023-04-29 00:49:31','',NULL,1,1),(100,'宣传册制作',NULL,'/profile/2023/04/29/78b4f6c1c7c0202900a246f933d31e07.png',NULL,62,NULL,NULL,0,_binary '\0','liqingsong','2023-04-29 00:50:09','',NULL,1,1),(101,'LOGO设计',NULL,'/profile/2023/04/29/0ea075033d9c8cec9cda12850b6464ed.png',NULL,62,NULL,NULL,0,_binary '\0','liqingsong','2023-04-29 00:50:21','',NULL,1,1),(102,'广告制作',NULL,'/profile/2023/04/29/b0859e5f61f012a7314443a2bd1d7a64.png',NULL,62,NULL,NULL,0,_binary '\0','liqingsong','2023-04-29 00:50:53','',NULL,1,1),(103,'快印服务',NULL,'/profile/2023/04/29/145704f3bb7eb7d140e60368a97adae7.png',NULL,62,NULL,NULL,0,_binary '\0','liqingsong','2023-04-29 00:51:14','',NULL,1,1),(104,'代写商业计划书',NULL,'/profile/2023/04/29/1ddfbf3e18ae48de3eae8b35eb83899a.png',NULL,64,NULL,NULL,0,_binary '\0','liqingsong','2023-04-29 00:52:43','',NULL,1,1),(105,'导师服务',NULL,'/profile/2023/04/29/eafa14f0168581de962e4ae6b35b060b.png',NULL,64,NULL,NULL,0,_binary '\0','liqingsong','2023-04-29 00:52:58','',NULL,1,1),(106,'风险投资',NULL,'/profile/2023/04/29/08b59e747b7c741c0ec5d5d309c1995d.png',NULL,64,NULL,NULL,0,_binary '\0','liqingsong','2023-04-29 00:53:22','',NULL,1,1),(107,'银行贷款',NULL,'/profile/2023/04/29/7c0abca12a2d1915dc16ceb2305d05cc.png',NULL,64,NULL,NULL,0,_binary '\0','liqingsong','2023-04-29 00:53:37','',NULL,1,1);
/*!40000 ALTER TABLE `dpo_service_menu` ENABLE KEYS */;
UNLOCK TABLES;

--
-- Table structure for table `dpo_service_order`
--

DROP TABLE IF EXISTS `dpo_service_order`;
/*!40101 SET @saved_cs_client     = @@character_set_client */;
/*!50503 SET character_set_client = utf8mb4 */;
CREATE TABLE `dpo_service_order` (
  `id` int NOT NULL AUTO_INCREMENT COMMENT 'Id',
  `name` varchar(255) DEFAULT NULL COMMENT '申请人',
  `mobile` varchar(64) DEFAULT NULL COMMENT '手机',
  `member_id` int DEFAULT NULL COMMENT '申请人',
  `supplier_id` int DEFAULT NULL COMMENT '供应商Id',
  `service_id` int DEFAULT NULL COMMENT '服务ID',
  `remark` varchar(255) DEFAULT NULL COMMENT '备注',
  `remark_list` varchar(255) DEFAULT NULL COMMENT '跟进备注',
  `version` int DEFAULT NULL COMMENT '版本',
  `delete_flag` bit(1) DEFAULT NULL COMMENT '删除标记',
  `create_by` varchar(64) DEFAULT '' COMMENT '创建者',
  `create_time` datetime DEFAULT NULL COMMENT '创建时间',
  `update_by` varchar(64) DEFAULT '' COMMENT '更新者',
  `update_time` datetime DEFAULT NULL COMMENT '更新时间',
  `tenant_id` int DEFAULT NULL COMMENT '租户ID',
  `park_id` int DEFAULT NULL COMMENT '园区id',
  PRIMARY KEY (`id`)
) ENGINE=InnoDB AUTO_INCREMENT=3 DEFAULT CHARSET=utf8mb3 COMMENT='服务订单';
/*!40101 SET character_set_client = @saved_cs_client */;

--
-- Dumping data for table `dpo_service_order`
--

LOCK TABLES `dpo_service_order` WRITE;
/*!40000 ALTER TABLE `dpo_service_order` DISABLE KEYS */;
INSERT INTO `dpo_service_order` VALUES (1,'15861808897','15861808897',654,12,8,NULL,NULL,0,_binary '\0','15861808897','2023-04-29 07:44:12','',NULL,1,1),(2,'15861808897','15861808897',654,14,9,NULL,NULL,0,_binary '\0','15861808897','2023-04-29 07:46:00','',NULL,1,1);
/*!40000 ALTER TABLE `dpo_service_order` ENABLE KEYS */;
UNLOCK TABLES;

--
-- Table structure for table `dpo_service_supplier`
--

DROP TABLE IF EXISTS `dpo_service_supplier`;
/*!40101 SET @saved_cs_client     = @@character_set_client */;
/*!50503 SET character_set_client = utf8mb4 */;
CREATE TABLE `dpo_service_supplier` (
  `id` int NOT NULL AUTO_INCREMENT COMMENT '供应商ID',
  `supplier_name` varchar(255) DEFAULT NULL COMMENT '供应商名称',
  `supplier_desc` varchar(255) DEFAULT NULL COMMENT '供应商简介（选填）',
  `supplier_img` varchar(4000) DEFAULT NULL COMMENT '上传供应商图标',
  `supplier_address` varchar(255) DEFAULT NULL COMMENT '供应商地址',
  `supplier_industry` varchar(255) DEFAULT NULL COMMENT '供应商行业（选填）',
  `supplier_content` text COMMENT '上传详情',
  `qualification_img` varchar(4000) DEFAULT NULL COMMENT '上传供应商资质（选填）',
  `service_num` int DEFAULT NULL COMMENT '服务数',
  `sign_num` int DEFAULT NULL COMMENT '申请次数',
  `version` int DEFAULT NULL COMMENT '版本',
  `delete_flag` bit(1) DEFAULT NULL COMMENT '删除标记',
  `create_by` varchar(64) DEFAULT '' COMMENT '创建者',
  `create_time` datetime DEFAULT NULL COMMENT '创建时间',
  `update_by` varchar(64) DEFAULT '' COMMENT '更新者',
  `update_time` datetime DEFAULT NULL COMMENT '更新时间',
  `tenant_id` int DEFAULT NULL COMMENT '租户ID',
  `park_id` int DEFAULT NULL COMMENT '园区id',
  PRIMARY KEY (`id`)
) ENGINE=InnoDB AUTO_INCREMENT=15 DEFAULT CHARSET=utf8mb3 COMMENT='供应商管理';
/*!40101 SET character_set_client = @saved_cs_client */;

--
-- Dumping data for table `dpo_service_supplier`
--

LOCK TABLES `dpo_service_supplier` WRITE;
/*!40000 ALTER TABLE `dpo_service_supplier` DISABLE KEYS */;
INSERT INTO `dpo_service_supplier` VALUES (12,'徐州锐讯云信息科技有限公司',NULL,'/profile/2023/04/29/93dc47b81a22283cd08145870dae0dee.jpg','徐州市丰县开发区高新技术产业园A栋D209','信息化',NULL,'[]',NULL,NULL,0,_binary '\0','liqingsong','2023-04-29 00:12:56','',NULL,1,1),(13,'徐州时通信息技术有限公司',NULL,'/profile/2023/04/29/5a9bc4e719e349aac74d425bdc461c85.jpg','徐州市丰县开发区高新技术产业园A栋D209','投融资',NULL,'[]',NULL,NULL,0,_binary '\0','liqingsong','2023-04-29 00:13:36','',NULL,1,1),(14,'财帐通（江苏）企业管理有限公司',NULL,'/profile/2023/04/29/a9155777d1ddf7cb291c6b17ada440dc.png','丰县中阳大道','工商财税',NULL,'[]',NULL,NULL,0,_binary '\0','liqingsong','2023-04-29 07:40:00','',NULL,1,1);
/*!40000 ALTER TABLE `dpo_service_supplier` ENABLE KEYS */;
UNLOCK TABLES;

--
-- Table structure for table `dpo_suggestion`
--

DROP TABLE IF EXISTS `dpo_suggestion`;
/*!40101 SET @saved_cs_client     = @@character_set_client */;
/*!50503 SET character_set_client = utf8mb4 */;
CREATE TABLE `dpo_suggestion` (
  `id` int NOT NULL AUTO_INCREMENT COMMENT '投诉建议ID',
  `sn` varchar(64) DEFAULT NULL COMMENT '投诉单号',
  `content` longtext COMMENT '问题意见描述',
  `status` int DEFAULT NULL COMMENT '状态',
  `images` varchar(4000) DEFAULT NULL COMMENT '图片(限三张)',
  `is_anonymous` bit(1) DEFAULT NULL COMMENT '是否匿名:0-否,1-是',
  `user_id` int DEFAULT NULL COMMENT '指派员工id',
  `processing_time` datetime DEFAULT NULL COMMENT '处理时间',
  `version` int DEFAULT NULL COMMENT '版本',
  `delete_flag` bit(1) DEFAULT NULL COMMENT '删除标记',
  `create_by` varchar(64) DEFAULT '' COMMENT '创建者',
  `create_time` datetime DEFAULT NULL COMMENT '创建时间',
  `update_by` varchar(64) DEFAULT '' COMMENT '更新者',
  `update_time` datetime DEFAULT NULL COMMENT '更新时间',
  `tenant_id` int DEFAULT NULL COMMENT '租户ID',
  `park_id` int DEFAULT NULL COMMENT '园区id',
  `create_user_id` int DEFAULT NULL COMMENT '创建者id',
  PRIMARY KEY (`id`)
) ENGINE=InnoDB AUTO_INCREMENT=9 DEFAULT CHARSET=utf8mb3 COMMENT='投诉建议';
/*!40101 SET character_set_client = @saved_cs_client */;

--
-- Dumping data for table `dpo_suggestion`
--

LOCK TABLES `dpo_suggestion` WRITE;
/*!40000 ALTER TABLE `dpo_suggestion` DISABLE KEYS */;
INSERT INTO `dpo_suggestion` VALUES (8,'TS202304042356547004','需要部署一台跑步机',3,'[]',_binary '\0',1,'2023-04-04 23:57:11',NULL,_binary '\0','15861808897','2023-04-04 23:56:54','admin','2023-04-04 23:57:27',1,1,654);
/*!40000 ALTER TABLE `dpo_suggestion` ENABLE KEYS */;
UNLOCK TABLES;

--
-- Table structure for table `gen_table`
--

DROP TABLE IF EXISTS `gen_table`;
/*!40101 SET @saved_cs_client     = @@character_set_client */;
/*!50503 SET character_set_client = utf8mb4 */;
CREATE TABLE `gen_table` (
  `id` int NOT NULL AUTO_INCREMENT COMMENT '编号',
  `table_name` varchar(200) DEFAULT '' COMMENT '表名称',
  `table_comment` varchar(500) DEFAULT '' COMMENT '表描述',
  `class_name` varchar(100) DEFAULT '' COMMENT '实体类名称',
  `tpl_category` varchar(200) DEFAULT 'crud' COMMENT '使用的模板（crud单表操作 tree树表操作）',
  `package_name` varchar(100) DEFAULT NULL COMMENT '生成包路径',
  `module_name` varchar(30) DEFAULT NULL COMMENT '生成模块名',
  `business_name` varchar(30) DEFAULT NULL COMMENT '生成业务名',
  `function_name` varchar(50) DEFAULT NULL COMMENT '生成功能名',
  `function_author` varchar(50) DEFAULT NULL COMMENT '生成功能作者',
  `options` varchar(1000) DEFAULT NULL COMMENT '其它生成选项',
  `version` int DEFAULT NULL COMMENT '版本',
  `delete_flag` bit(1) DEFAULT NULL COMMENT '删除标记',
  `create_by` varchar(64) DEFAULT '' COMMENT '创建者',
  `create_time` datetime DEFAULT NULL COMMENT '创建时间',
  `update_by` varchar(64) DEFAULT '' COMMENT '更新者',
  `update_time` datetime DEFAULT NULL COMMENT '更新时间',
  `remark` varchar(500) DEFAULT NULL COMMENT '备注',
  `tenant_id` int DEFAULT NULL COMMENT '租户ID',
  PRIMARY KEY (`id`) USING BTREE
) ENGINE=InnoDB AUTO_INCREMENT=5 DEFAULT CHARSET=utf8mb3 ROW_FORMAT=DYNAMIC COMMENT='代码生成业务表';
/*!40101 SET character_set_client = @saved_cs_client */;

--
-- Dumping data for table `gen_table`
--

LOCK TABLES `gen_table` WRITE;
/*!40000 ALTER TABLE `gen_table` DISABLE KEYS */;
INSERT INTO `gen_table` VALUES (3,'dpo_activity','活动管理','Activity','crud','cn.dtransfer.admin','admin','activity','活动管理','dtransfer','{}',NULL,NULL,'manager','2024-10-23 02:10:07','','2024-10-23 02:10:47',NULL,NULL),(4,'dpo_activity_detail','活动报名详情','DpoActivityDetail','crud','cn.dtransfer.core','core','detail','活动报名详情','dtransfer',NULL,NULL,NULL,'manager','2024-10-25 16:13:23','',NULL,NULL,NULL);
/*!40000 ALTER TABLE `gen_table` ENABLE KEYS */;
UNLOCK TABLES;

--
-- Table structure for table `gen_table_column`
--

DROP TABLE IF EXISTS `gen_table_column`;
/*!40101 SET @saved_cs_client     = @@character_set_client */;
/*!50503 SET character_set_client = utf8mb4 */;
CREATE TABLE `gen_table_column` (
  `id` int NOT NULL AUTO_INCREMENT COMMENT '编号',
  `table_id` varchar(64) DEFAULT NULL COMMENT '归属表编号',
  `column_name` varchar(200) DEFAULT NULL COMMENT '列名称',
  `column_comment` varchar(500) DEFAULT NULL COMMENT '列描述',
  `column_type` varchar(100) DEFAULT NULL COMMENT '列类型',
  `java_type` varchar(500) DEFAULT NULL COMMENT 'JAVA类型',
  `java_field` varchar(200) DEFAULT NULL COMMENT 'JAVA字段名',
  `is_pk` char(1) DEFAULT NULL COMMENT '是否主键（1是）',
  `is_increment` char(1) DEFAULT NULL COMMENT '是否自增（1是）',
  `is_required` char(1) DEFAULT NULL COMMENT '是否必填（1是）',
  `is_insert` char(1) DEFAULT NULL COMMENT '是否为插入字段（1是）',
  `is_edit` char(1) DEFAULT NULL COMMENT '是否编辑字段（1是）',
  `is_list` char(1) DEFAULT NULL COMMENT '是否列表字段（1是）',
  `is_query` char(1) DEFAULT NULL COMMENT '是否查询字段（1是）',
  `query_type` varchar(200) DEFAULT '=' COMMENT '查询方式（等于、不等于、大于、小于、范围）',
  `html_type` varchar(200) DEFAULT NULL COMMENT '显示类型（文本框、文本域、下拉框、复选框、单选框、日期控件）',
  `dict_type` varchar(200) DEFAULT '' COMMENT '字典类型',
  `sort` int DEFAULT NULL COMMENT '排序',
  `version` int DEFAULT NULL COMMENT '版本',
  `delete_flag` bit(1) DEFAULT NULL COMMENT '删除标记',
  `create_by` varchar(64) DEFAULT '' COMMENT '创建者',
  `create_time` datetime DEFAULT NULL COMMENT '创建时间',
  `update_by` varchar(64) DEFAULT '' COMMENT '更新者',
  `update_time` datetime DEFAULT NULL COMMENT '更新时间',
  `tenant_id` int DEFAULT NULL COMMENT '租户ID',
  PRIMARY KEY (`id`) USING BTREE
) ENGINE=InnoDB AUTO_INCREMENT=79 DEFAULT CHARSET=utf8mb3 ROW_FORMAT=DYNAMIC COMMENT='代码生成业务表字段';
/*!40101 SET character_set_client = @saved_cs_client */;

--
-- Dumping data for table `gen_table_column`
--

LOCK TABLES `gen_table_column` WRITE;
/*!40000 ALTER TABLE `gen_table_column` DISABLE KEYS */;
INSERT INTO `gen_table_column` VALUES (40,'3','id','Id','int','Long','id','1','1',NULL,'1',NULL,NULL,NULL,'=','input','',1,NULL,NULL,'manager','2024-10-23 02:10:07','','2024-10-23 02:10:47',NULL),(41,'3','name','活动名称','varchar(255)','String','name','0','0',NULL,'1','1','1','1','LIKE','input','',2,NULL,NULL,'manager','2024-10-23 02:10:07','','2024-10-23 02:10:47',NULL),(42,'3','sign_begin','报名开始时间','datetime','Date','signBegin','0','0',NULL,'1','1','1','1','=','datetime','',3,NULL,NULL,'manager','2024-10-23 02:10:07','','2024-10-23 02:10:48',NULL),(43,'3','sign_end','报名结止时间','datetime','Date','signEnd','0','0',NULL,'1','1','1','1','=','datetime','',4,NULL,NULL,'manager','2024-10-23 02:10:07','','2024-10-23 02:10:48',NULL),(44,'3','act_begin','活动开始时间','datetime','Date','actBegin','0','0',NULL,'1','1','1','1','=','datetime','',5,NULL,NULL,'manager','2024-10-23 02:10:07','','2024-10-23 02:10:48',NULL),(45,'3','act_end','活动结止时间','datetime','Date','actEnd','0','0',NULL,'1','1','1','1','=','datetime','',6,NULL,NULL,'manager','2024-10-23 02:10:07','','2024-10-23 02:10:48',NULL),(46,'3','location','活动地点','varchar(255)','String','location','0','0',NULL,'1','1','1','1','=','input','',7,NULL,NULL,'manager','2024-10-23 02:10:07','','2024-10-23 02:10:48',NULL),(47,'3','head_img','上传活动头图','varchar(255)','String','headImg','0','0',NULL,'1','1','1','1','=','input','',8,NULL,NULL,'manager','2024-10-23 02:10:08','','2024-10-23 02:10:48',NULL),(48,'3','small_img','上传活动小图','varchar(255)','String','smallImg','0','0',NULL,'1','1','1','1','=','input','',9,NULL,NULL,'manager','2024-10-23 02:10:08','','2024-10-23 02:10:48',NULL),(49,'3','content','上传详情','text','String','content','0','0',NULL,'1','1','1','1','=','input','',10,NULL,NULL,'manager','2024-10-23 02:10:08','','2024-10-23 02:10:48',NULL),(50,'3','contract','联系电话','varchar(32)','String','contract','0','0',NULL,'1','1','1','1','=','input','',11,NULL,NULL,'manager','2024-10-23 02:10:08','','2024-10-23 02:10:48',NULL),(51,'3','price','活动金额','decimal(10,0)','Long','price','0','0',NULL,'1','1','1','1','=','input','',12,NULL,NULL,'manager','2024-10-23 02:10:08','','2024-10-23 02:10:48',NULL),(52,'3','full_num','限制人数','int','Long','fullNum','0','0',NULL,'1','1','1','1','=','input','',13,NULL,NULL,'manager','2024-10-23 02:10:08','','2024-10-23 02:10:48',NULL),(53,'3','status','状态','int','Long','status','0','0',NULL,'1','1','1','1','=','radio','',14,NULL,NULL,'manager','2024-10-23 02:10:08','','2024-10-23 02:10:48',NULL),(54,'3','is_marketable','是否上架','bit(1)',NULL,'isMarketable','0','0',NULL,'1','1','1','1','=',NULL,'',15,NULL,NULL,'manager','2024-10-23 02:10:08','','2024-10-23 02:10:48',NULL),(55,'3','marketable_time','上架时间','datetime','Date','marketableTime','0','0',NULL,'1','1','1','1','=','datetime','',16,NULL,NULL,'manager','2024-10-23 02:10:08','','2024-10-23 02:10:48',NULL),(56,'3','version','版本','int','Long','version','0','0',NULL,'1',NULL,NULL,NULL,'=','input','',17,NULL,NULL,'manager','2024-10-23 02:10:08','','2024-10-23 02:10:48',NULL),(57,'3','delete_flag','删除标记','bit(1)',NULL,'deleteFlag','0','0',NULL,'1',NULL,NULL,NULL,'=',NULL,'',18,NULL,NULL,'manager','2024-10-23 02:10:08','','2024-10-23 02:10:48',NULL),(58,'3','create_by','创建者','varchar(64)','String','createBy','0','0',NULL,'1',NULL,NULL,NULL,'=','input','',19,NULL,NULL,'manager','2024-10-23 02:10:08','','2024-10-23 02:10:48',NULL),(59,'3','create_time','创建时间','datetime','Date','createTime','0','0',NULL,'1',NULL,NULL,NULL,'=','datetime','',20,NULL,NULL,'manager','2024-10-23 02:10:08','','2024-10-23 02:10:48',NULL),(60,'3','update_by','更新者','varchar(64)','String','updateBy','0','0',NULL,'1','1',NULL,NULL,'=','input','',21,NULL,NULL,'manager','2024-10-23 02:10:08','','2024-10-23 02:10:48',NULL),(61,'3','update_time','更新时间','datetime','Date','updateTime','0','0',NULL,'1','1',NULL,NULL,'=','datetime','',22,NULL,NULL,'manager','2024-10-23 02:10:08','','2024-10-23 02:10:48',NULL),(62,'3','tenant_id','租户ID','int','Long','tenantId','0','0',NULL,'1',NULL,NULL,NULL,'=','input','',23,NULL,NULL,'manager','2024-10-23 02:10:08','','2024-10-23 02:10:48',NULL),(63,'3','park_id','园区id','int','Long','parkId','0','0',NULL,'1','1','1','1','=','input','',24,NULL,NULL,'manager','2024-10-23 02:10:08','','2024-10-23 02:10:48',NULL),(64,'4','id','Id','int','Long','id','1','1',NULL,'1',NULL,NULL,NULL,'=','input','',1,NULL,NULL,'manager','2024-10-25 16:13:23','',NULL,NULL),(65,'4','user_name','用户名','varchar(255)','String','userName','0','0',NULL,'1','1','1','1','LIKE','input','',2,NULL,NULL,'manager','2024-10-25 16:13:23','',NULL,NULL),(66,'4','sex','用户性别','char(1)','String','sex','0','0',NULL,'1','1','1','1','=','select','',3,NULL,NULL,'manager','2024-10-25 16:13:23','',NULL,NULL),(67,'4','phone','手机号','varchar(64)','String','phone','0','0',NULL,'1','1','1','1','=','input','',4,NULL,NULL,'manager','2024-10-25 16:13:23','',NULL,NULL),(68,'4','sign_date','报名时间','datetime','Date','signDate','0','0',NULL,'1','1','1','1','=','datetime','',5,NULL,NULL,'manager','2024-10-25 16:13:23','',NULL,NULL),(69,'4','user_id','用户表id','int','Long','userId','0','0',NULL,'1','1','1','1','=','input','',6,NULL,NULL,'manager','2024-10-25 16:13:24','',NULL,NULL),(70,'4','park_id','园区id','int','Long','parkId','0','0',NULL,'1','1','1','1','=','input','',7,NULL,NULL,'manager','2024-10-25 16:13:24','',NULL,NULL),(71,'4','act_id','活动id','int','Long','actId','0','0',NULL,'1','1','1','1','=','input','',8,NULL,NULL,'manager','2024-10-25 16:13:24','',NULL,NULL),(72,'4','version','版本','int','Long','version','0','0',NULL,'1',NULL,NULL,NULL,'=','input','',9,NULL,NULL,'manager','2024-10-25 16:13:24','',NULL,NULL),(73,'4','delete_flag','删除标记','bit(1)',NULL,'deleteFlag','0','0',NULL,'1',NULL,NULL,NULL,'=',NULL,'',10,NULL,NULL,'manager','2024-10-25 16:13:24','',NULL,NULL),(74,'4','create_by','创建者','varchar(64)','String','createBy','0','0',NULL,'1',NULL,NULL,NULL,'=','input','',11,NULL,NULL,'manager','2024-10-25 16:13:24','',NULL,NULL),(75,'4','create_time','创建时间','datetime','Date','createTime','0','0',NULL,'1',NULL,NULL,NULL,'=','datetime','',12,NULL,NULL,'manager','2024-10-25 16:13:24','',NULL,NULL),(76,'4','update_by','更新者','varchar(64)','String','updateBy','0','0',NULL,'1','1',NULL,NULL,'=','input','',13,NULL,NULL,'manager','2024-10-25 16:13:24','',NULL,NULL),(77,'4','update_time','更新时间','datetime','Date','updateTime','0','0',NULL,'1','1',NULL,NULL,'=','datetime','',14,NULL,NULL,'manager','2024-10-25 16:13:24','',NULL,NULL),(78,'4','tenant_id','租户ID','int','Long','tenantId','0','0',NULL,'1',NULL,NULL,NULL,'=','input','',15,NULL,NULL,'manager','2024-10-25 16:13:24','',NULL,NULL);
/*!40000 ALTER TABLE `gen_table_column` ENABLE KEYS */;
UNLOCK TABLES;

--
-- Table structure for table `qrtz_blob_triggers`
--

DROP TABLE IF EXISTS `qrtz_blob_triggers`;
/*!40101 SET @saved_cs_client     = @@character_set_client */;
/*!50503 SET character_set_client = utf8mb4 */;
CREATE TABLE `qrtz_blob_triggers` (
  `sched_name` varchar(120) NOT NULL,
  `trigger_name` varchar(200) NOT NULL,
  `trigger_group` varchar(200) NOT NULL,
  `blob_data` blob,
  PRIMARY KEY (`sched_name`,`trigger_name`,`trigger_group`),
  CONSTRAINT `qrtz_blob_triggers_ibfk_1` FOREIGN KEY (`sched_name`, `trigger_name`, `trigger_group`) REFERENCES `qrtz_triggers` (`sched_name`, `trigger_name`, `trigger_group`)
) ENGINE=InnoDB DEFAULT CHARSET=utf8mb3;
/*!40101 SET character_set_client = @saved_cs_client */;

--
-- Dumping data for table `qrtz_blob_triggers`
--

LOCK TABLES `qrtz_blob_triggers` WRITE;
/*!40000 ALTER TABLE `qrtz_blob_triggers` DISABLE KEYS */;
/*!40000 ALTER TABLE `qrtz_blob_triggers` ENABLE KEYS */;
UNLOCK TABLES;

--
-- Table structure for table `qrtz_calendars`
--

DROP TABLE IF EXISTS `qrtz_calendars`;
/*!40101 SET @saved_cs_client     = @@character_set_client */;
/*!50503 SET character_set_client = utf8mb4 */;
CREATE TABLE `qrtz_calendars` (
  `sched_name` varchar(120) NOT NULL,
  `calendar_name` varchar(200) NOT NULL,
  `calendar` blob NOT NULL,
  PRIMARY KEY (`sched_name`,`calendar_name`)
) ENGINE=InnoDB DEFAULT CHARSET=utf8mb3;
/*!40101 SET character_set_client = @saved_cs_client */;

--
-- Dumping data for table `qrtz_calendars`
--

LOCK TABLES `qrtz_calendars` WRITE;
/*!40000 ALTER TABLE `qrtz_calendars` DISABLE KEYS */;
/*!40000 ALTER TABLE `qrtz_calendars` ENABLE KEYS */;
UNLOCK TABLES;

--
-- Table structure for table `qrtz_cron_triggers`
--

DROP TABLE IF EXISTS `qrtz_cron_triggers`;
/*!40101 SET @saved_cs_client     = @@character_set_client */;
/*!50503 SET character_set_client = utf8mb4 */;
CREATE TABLE `qrtz_cron_triggers` (
  `sched_name` varchar(120) NOT NULL,
  `trigger_name` varchar(200) NOT NULL,
  `trigger_group` varchar(200) NOT NULL,
  `cron_expression` varchar(200) NOT NULL,
  `time_zone_id` varchar(80) DEFAULT NULL,
  PRIMARY KEY (`sched_name`,`trigger_name`,`trigger_group`),
  CONSTRAINT `qrtz_cron_triggers_ibfk_1` FOREIGN KEY (`sched_name`, `trigger_name`, `trigger_group`) REFERENCES `qrtz_triggers` (`sched_name`, `trigger_name`, `trigger_group`)
) ENGINE=InnoDB DEFAULT CHARSET=utf8mb3;
/*!40101 SET character_set_client = @saved_cs_client */;

--
-- Dumping data for table `qrtz_cron_triggers`
--

LOCK TABLES `qrtz_cron_triggers` WRITE;
/*!40000 ALTER TABLE `qrtz_cron_triggers` DISABLE KEYS */;
INSERT INTO `qrtz_cron_triggers` VALUES ('IcsScheduler','TASK_CLASS_NAME1','DEFAULT','0/10 * * * * ?','Asia/Shanghai'),('IcsScheduler','TASK_CLASS_NAME2','DEFAULT','0/15 * * * * ?','Asia/Shanghai'),('IcsScheduler','TASK_CLASS_NAME3','DEFAULT','0/20 * * * * ?','Asia/Shanghai');
/*!40000 ALTER TABLE `qrtz_cron_triggers` ENABLE KEYS */;
UNLOCK TABLES;

--
-- Table structure for table `qrtz_fired_triggers`
--

DROP TABLE IF EXISTS `qrtz_fired_triggers`;
/*!40101 SET @saved_cs_client     = @@character_set_client */;
/*!50503 SET character_set_client = utf8mb4 */;
CREATE TABLE `qrtz_fired_triggers` (
  `sched_name` varchar(120) NOT NULL,
  `entry_id` varchar(95) NOT NULL,
  `trigger_name` varchar(200) NOT NULL,
  `trigger_group` varchar(200) NOT NULL,
  `instance_name` varchar(200) NOT NULL,
  `fired_time` bigint NOT NULL,
  `sched_time` bigint NOT NULL,
  `priority` int NOT NULL,
  `state` varchar(16) NOT NULL,
  `job_name` varchar(200) DEFAULT NULL,
  `job_group` varchar(200) DEFAULT NULL,
  `is_nonconcurrent` varchar(1) DEFAULT NULL,
  `requests_recovery` varchar(1) DEFAULT NULL,
  PRIMARY KEY (`sched_name`,`entry_id`)
) ENGINE=InnoDB DEFAULT CHARSET=utf8mb3;
/*!40101 SET character_set_client = @saved_cs_client */;

--
-- Dumping data for table `qrtz_fired_triggers`
--

LOCK TABLES `qrtz_fired_triggers` WRITE;
/*!40000 ALTER TABLE `qrtz_fired_triggers` DISABLE KEYS */;
/*!40000 ALTER TABLE `qrtz_fired_triggers` ENABLE KEYS */;
UNLOCK TABLES;

--
-- Table structure for table `qrtz_job_details`
--

DROP TABLE IF EXISTS `qrtz_job_details`;
/*!40101 SET @saved_cs_client     = @@character_set_client */;
/*!50503 SET character_set_client = utf8mb4 */;
CREATE TABLE `qrtz_job_details` (
  `sched_name` varchar(120) NOT NULL,
  `job_name` varchar(200) NOT NULL,
  `job_group` varchar(200) NOT NULL,
  `description` varchar(250) DEFAULT NULL,
  `job_class_name` varchar(250) NOT NULL,
  `is_durable` varchar(1) NOT NULL,
  `is_nonconcurrent` varchar(1) NOT NULL,
  `is_update_data` varchar(1) NOT NULL,
  `requests_recovery` varchar(1) NOT NULL,
  `job_data` blob,
  PRIMARY KEY (`sched_name`,`job_name`,`job_group`)
) ENGINE=InnoDB DEFAULT CHARSET=utf8mb3;
/*!40101 SET character_set_client = @saved_cs_client */;

--
-- Dumping data for table `qrtz_job_details`
--

LOCK TABLES `qrtz_job_details` WRITE;
/*!40000 ALTER TABLE `qrtz_job_details` DISABLE KEYS */;
INSERT INTO `qrtz_job_details` VALUES ('crud4jScheduler','TASK_CLASS_NAME1','DEFAULT',NULL,'com.crud4j.quartz.util.QuartzJobExecution','0','0','0','0',_binary '¬휰sr\0org.quartz.JobDataMap°迩°˂\0\0xr\0&org.quartz.utils.StringKeyDirtyFlagMap蜃ûŝ(\0Z\0allowsTransientDataxr\0org.quartz.utils.DirtyFlagMap殭(v\n΂\0Z\0dirtyL\0mapt\0Ljava/util/Map;xpsr\0java.util.HashMapځÖ`у\0F\0\nloadFactorI\0	thresholdxp?@\0\0\0\0\0w\0\0\0\0\0\0t\0TASK_PROPERTIESsr\0com.crud4j.quartz.domain.Job\0\0\0\0\0\0\0\0L\0\nconcurrentt\0Ljava/lang/String;L\0cronExpressionq\0~\0	L\0invokeTargetq\0~\0	L\0jobGroupq\0~\0	L\0jobNameq\0~\0	L\0\rmisfirePolicyq\0~\0	L\0remarkq\0~\0	L\0statusq\0~\0	xr\0(com.crud4j.common.core.domain.BaseEntity\0\0\0\0\0\0\0\0L\0	beginTimeq\0~\0	L\0createByq\0~\0	L\0\ncreateTimet\0Ljava/util/Date;L\0\ndeleteFlagt\0Ljava/lang/Integer;L\0endTimeq\0~\0	L\0idt\0Ljava/lang/Long;L\0paramsq\0~\0L\0searchValueq\0~\0	L\0tenantIdq\0~\0\rL\0updateByq\0~\0	L\0\nupdateTimeq\0~\0L\0versionq\0~\0xppt\0adminsr\0java.util.DatehjKYt\0\0xpw\0\0b,ީะpsr\0java.lang.Long;䐌#߂\0J\0valuexr\0java.lang.Number¬˂\0\0xp\0\0\0\0\0\0\0ppppppt\00t\00/10 * * * * ?t\0ryTask.ryNoParamst\0DEFAULTt\0系统默认（无参）t\01t\0\0t\01x\0'),('crud4jScheduler','TASK_CLASS_NAME2','DEFAULT',NULL,'com.crud4j.quartz.util.QuartzDisallowConcurrentExecution','0','1','0','0',_binary '¬휰sr\0org.quartz.JobDataMap°迩°˂\0\0xr\0&org.quartz.utils.StringKeyDirtyFlagMap蜃ûŝ(\0Z\0allowsTransientDataxr\0org.quartz.utils.DirtyFlagMap殭(v\n΂\0Z\0dirtyL\0mapt\0Ljava/util/Map;xpsr\0java.util.HashMapځÖ`у\0F\0\nloadFactorI\0	thresholdxp?@\0\0\0\0\0w\0\0\0\0\0\0t\0TASK_PROPERTIESsr\0com.crud4j.quartz.domain.Job\0\0\0\0\0\0\0\0L\0\nconcurrentt\0Ljava/lang/String;L\0cronExpressionq\0~\0	L\0invokeTargetq\0~\0	L\0jobGroupq\0~\0	L\0jobNameq\0~\0	L\0\rmisfirePolicyq\0~\0	L\0remarkq\0~\0	L\0statusq\0~\0	xr\0(com.crud4j.common.core.domain.BaseEntity\0\0\0\0\0\0\0\0L\0	beginTimeq\0~\0	L\0createByq\0~\0	L\0\ncreateTimet\0Ljava/util/Date;L\0\ndeleteFlagt\0Ljava/lang/Integer;L\0endTimeq\0~\0	L\0idt\0Ljava/lang/Long;L\0paramsq\0~\0L\0searchValueq\0~\0	L\0tenantIdq\0~\0\rL\0updateByq\0~\0	L\0\nupdateTimeq\0~\0L\0versionq\0~\0xppt\0adminsr\0java.util.DatehjKYt\0\0xpw\0\0b,ީะpsr\0java.lang.Long;䐌#߂\0J\0valuexr\0java.lang.Number¬˂\0\0xp\0\0\0\0\0\0\0ppppppt\01t\00/15 * * * * ?t\0ryTask.ryParams(\'ry\')t\0DEFAULTt\0系统默认（有参）t\03t\0\0t\01x\0'),('crud4jScheduler','TASK_CLASS_NAME3','DEFAULT',NULL,'com.crud4j.quartz.util.QuartzDisallowConcurrentExecution','0','1','0','0',_binary '¬휰sr\0org.quartz.JobDataMap°迩°˂\0\0xr\0&org.quartz.utils.StringKeyDirtyFlagMap蜃ûŝ(\0Z\0allowsTransientDataxr\0org.quartz.utils.DirtyFlagMap殭(v\n΂\0Z\0dirtyL\0mapt\0Ljava/util/Map;xpsr\0java.util.HashMapځÖ`у\0F\0\nloadFactorI\0	thresholdxp?@\0\0\0\0\0w\0\0\0\0\0\0t\0TASK_PROPERTIESsr\0com.crud4j.quartz.domain.Job\0\0\0\0\0\0\0\0L\0\nconcurrentt\0Ljava/lang/String;L\0cronExpressionq\0~\0	L\0invokeTargetq\0~\0	L\0jobGroupq\0~\0	L\0jobNameq\0~\0	L\0\rmisfirePolicyq\0~\0	L\0remarkq\0~\0	L\0statusq\0~\0	xr\0(com.crud4j.common.core.domain.BaseEntity\0\0\0\0\0\0\0\0L\0	beginTimeq\0~\0	L\0createByq\0~\0	L\0\ncreateTimet\0Ljava/util/Date;L\0\ndeleteFlagt\0Ljava/lang/Integer;L\0endTimeq\0~\0	L\0idt\0Ljava/lang/Long;L\0paramsq\0~\0L\0searchValueq\0~\0	L\0tenantIdq\0~\0\rL\0updateByq\0~\0	L\0\nupdateTimeq\0~\0L\0versionq\0~\0xppt\0adminsr\0java.util.DatehjKYt\0\0xpw\0\0b,ީะpsr\0java.lang.Long;䐌#߂\0J\0valuexr\0java.lang.Number¬˂\0\0xp\0\0\0\0\0\0\0ppppppt\01t\00/20 * * * * ?t\08ryTask.ryMultipleParams(\'ry\', true, 2000L, 316.50D, 100)t\0DEFAULTt\0系统默认（多参）t\03t\0\0t\01x\0'),('crud4jScheduler','TASK_CLASS_NAME4','DEFAULT',NULL,'com.crud4j.quartz.util.QuartzDisallowConcurrentExecution','0','1','0','0',_binary '¬휰sr\0org.quartz.JobDataMap°迩°˂\0\0xr\0&org.quartz.utils.StringKeyDirtyFlagMap蜃ûŝ(\0Z\0allowsTransientDataxr\0org.quartz.utils.DirtyFlagMap殭(v\n΂\0Z\0dirtyL\0mapt\0Ljava/util/Map;xpsr\0java.util.HashMapځÖ`у\0F\0\nloadFactorI\0	thresholdxp?@\0\0\0\0\0w\0\0\0\0\0\0t\0TASK_PROPERTIESsr\0com.crud4j.quartz.domain.Job\0\0\0\0\0\0\0\0L\0\nconcurrentt\0Ljava/lang/String;L\0cronExpressionq\0~\0	L\0invokeTargetq\0~\0	L\0jobGroupq\0~\0	L\0jobNameq\0~\0	L\0\rmisfirePolicyq\0~\0	L\0remarkq\0~\0	L\0statusq\0~\0	xr\0(com.crud4j.common.core.domain.BaseEntity\0\0\0\0\0\0\0\0L\0	beginTimeq\0~\0	L\0createByq\0~\0	L\0\ncreateTimet\0Ljava/util/Date;L\0\ndeleteFlagt\0Ljava/lang/Integer;L\0endTimeq\0~\0	L\0idt\0Ljava/lang/Long;L\0paramsq\0~\0L\0searchValueq\0~\0	L\0tenantIdq\0~\0\rL\0updateByq\0~\0	L\0\nupdateTimeq\0~\0L\0versionq\0~\0xppt\0adminsr\0java.util.DatehjKYt\0\0xpw\0\0u¼jxppsr\0java.lang.Long;䐌#߂\0J\0valuexr\0java.lang.Number¬˂\0\0xp\0\0\0\0\0\0\0ppppppt\01t\00/10 * * * * ?t\0activityTask.updateStatust\0DEFAULTt\0活动状态(无参)t\01pt\01x\0'),('HisScheduler','TASK_CLASS_NAME1','DEFAULT',NULL,'com.ics.quartz.util.QuartzJobExecution','0','0','0','0',_binary '¬휰sr\0org.quartz.JobDataMap°迩°˂\0\0xr\0&org.quartz.utils.StringKeyDirtyFlagMap蜃ûŝ(\0Z\0allowsTransientDataxr\0org.quartz.utils.DirtyFlagMap殭(v\n΂\0Z\0dirtyL\0mapt\0Ljava/util/Map;xpsr\0java.util.HashMapځÖ`у\0F\0\nloadFactorI\0	thresholdxp?@\0\0\0\0\0w\0\0\0\0\0\0t\0TASK_PROPERTIESsr\0com.ics.quartz.domain.Job\0\0\0\0\0\0\0\0L\0\nconcurrentt\0Ljava/lang/String;L\0cronExpressionq\0~\0	L\0invokeTargetq\0~\0	L\0jobGroupq\0~\0	L\0jobNameq\0~\0	L\0\rmisfirePolicyq\0~\0	L\0remarkq\0~\0	L\0statusq\0~\0	xr\0%com.ics.common.core.domain.BaseEntity\0\0\0\0\0\0\0\0L\0	beginTimeq\0~\0	L\0createByq\0~\0	L\0\ncreateTimet\0Ljava/util/Date;L\0\ndeleteFlagt\0Ljava/lang/Integer;L\0endTimeq\0~\0	L\0idt\0Ljava/lang/Long;L\0paramsq\0~\0L\0searchValueq\0~\0	L\0tenantIdq\0~\0\rL\0updateByq\0~\0	L\0\nupdateTimeq\0~\0L\0versionq\0~\0xppt\0adminsr\0java.util.DatehjKYt\0\0xpw\0\0b,ީะpsr\0java.lang.Long;䐌#߂\0J\0valuexr\0java.lang.Number¬˂\0\0xp\0\0\0\0\0\0\0ppppppt\00t\00/10 * * * * ?t\0ryTask.ryNoParamst\0DEFAULTt\0系统默认（无参）t\01t\0\0t\01x\0'),('HisScheduler','TASK_CLASS_NAME2','DEFAULT',NULL,'com.ics.quartz.util.QuartzDisallowConcurrentExecution','0','1','0','0',_binary '¬휰sr\0org.quartz.JobDataMap°迩°˂\0\0xr\0&org.quartz.utils.StringKeyDirtyFlagMap蜃ûŝ(\0Z\0allowsTransientDataxr\0org.quartz.utils.DirtyFlagMap殭(v\n΂\0Z\0dirtyL\0mapt\0Ljava/util/Map;xpsr\0java.util.HashMapځÖ`у\0F\0\nloadFactorI\0	thresholdxp?@\0\0\0\0\0w\0\0\0\0\0\0t\0TASK_PROPERTIESsr\0com.ics.quartz.domain.Job\0\0\0\0\0\0\0\0L\0\nconcurrentt\0Ljava/lang/String;L\0cronExpressionq\0~\0	L\0invokeTargetq\0~\0	L\0jobGroupq\0~\0	L\0jobNameq\0~\0	L\0\rmisfirePolicyq\0~\0	L\0remarkq\0~\0	L\0statusq\0~\0	xr\0%com.ics.common.core.domain.BaseEntity\0\0\0\0\0\0\0\0L\0	beginTimeq\0~\0	L\0createByq\0~\0	L\0\ncreateTimet\0Ljava/util/Date;L\0\ndeleteFlagt\0Ljava/lang/Integer;L\0endTimeq\0~\0	L\0idt\0Ljava/lang/Long;L\0paramsq\0~\0L\0searchValueq\0~\0	L\0tenantIdq\0~\0\rL\0updateByq\0~\0	L\0\nupdateTimeq\0~\0L\0versionq\0~\0xppt\0adminsr\0java.util.DatehjKYt\0\0xpw\0\0b,ީะpsr\0java.lang.Long;䐌#߂\0J\0valuexr\0java.lang.Number¬˂\0\0xp\0\0\0\0\0\0\0ppppppt\01t\00/15 * * * * ?t\0ryTask.ryParams(\'ry\')t\0DEFAULTt\0系统默认（有参）t\03t\0\0t\01x\0'),('HisScheduler','TASK_CLASS_NAME3','DEFAULT',NULL,'com.ics.quartz.util.QuartzDisallowConcurrentExecution','0','1','0','0',_binary '¬휰sr\0org.quartz.JobDataMap°迩°˂\0\0xr\0&org.quartz.utils.StringKeyDirtyFlagMap蜃ûŝ(\0Z\0allowsTransientDataxr\0org.quartz.utils.DirtyFlagMap殭(v\n΂\0Z\0dirtyL\0mapt\0Ljava/util/Map;xpsr\0java.util.HashMapځÖ`у\0F\0\nloadFactorI\0	thresholdxp?@\0\0\0\0\0w\0\0\0\0\0\0t\0TASK_PROPERTIESsr\0com.ics.quartz.domain.Job\0\0\0\0\0\0\0\0L\0\nconcurrentt\0Ljava/lang/String;L\0cronExpressionq\0~\0	L\0invokeTargetq\0~\0	L\0jobGroupq\0~\0	L\0jobNameq\0~\0	L\0\rmisfirePolicyq\0~\0	L\0remarkq\0~\0	L\0statusq\0~\0	xr\0%com.ics.common.core.domain.BaseEntity\0\0\0\0\0\0\0\0L\0	beginTimeq\0~\0	L\0createByq\0~\0	L\0\ncreateTimet\0Ljava/util/Date;L\0\ndeleteFlagt\0Ljava/lang/Integer;L\0endTimeq\0~\0	L\0idt\0Ljava/lang/Long;L\0paramsq\0~\0L\0searchValueq\0~\0	L\0tenantIdq\0~\0\rL\0updateByq\0~\0	L\0\nupdateTimeq\0~\0L\0versionq\0~\0xppt\0adminsr\0java.util.DatehjKYt\0\0xpw\0\0b,ީะpsr\0java.lang.Long;䐌#߂\0J\0valuexr\0java.lang.Number¬˂\0\0xp\0\0\0\0\0\0\0ppppppt\01t\00/20 * * * * ?t\08ryTask.ryMultipleParams(\'ry\', true, 2000L, 316.50D, 100)t\0DEFAULTt\0系统默认（多参）t\03t\0\0t\01x\0'),('HisScheduler','TASK_CLASS_NAME4','DEFAULT',NULL,'com.ics.quartz.util.QuartzDisallowConcurrentExecution','0','1','0','0',_binary '¬휰sr\0org.quartz.JobDataMap°迩°˂\0\0xr\0&org.quartz.utils.StringKeyDirtyFlagMap蜃ûŝ(\0Z\0allowsTransientDataxr\0org.quartz.utils.DirtyFlagMap殭(v\n΂\0Z\0dirtyL\0mapt\0Ljava/util/Map;xpsr\0java.util.HashMapځÖ`у\0F\0\nloadFactorI\0	thresholdxp?@\0\0\0\0\0w\0\0\0\0\0\0t\0TASK_PROPERTIESsr\0com.ics.quartz.domain.Job\0\0\0\0\0\0\0\0L\0\nconcurrentt\0Ljava/lang/String;L\0cronExpressionq\0~\0	L\0invokeTargetq\0~\0	L\0jobGroupq\0~\0	L\0jobNameq\0~\0	L\0\rmisfirePolicyq\0~\0	L\0remarkq\0~\0	L\0statusq\0~\0	xr\0%com.ics.common.core.domain.BaseEntity\0\0\0\0\0\0\0\0L\0	beginTimeq\0~\0	L\0createByq\0~\0	L\0\ncreateTimet\0Ljava/util/Date;L\0\ndeleteFlagt\0Ljava/lang/Integer;L\0endTimeq\0~\0	L\0idt\0Ljava/lang/Long;L\0paramsq\0~\0L\0searchValueq\0~\0	L\0tenantIdq\0~\0\rL\0updateByq\0~\0	L\0\nupdateTimeq\0~\0L\0versionq\0~\0xppt\0adminsr\0java.util.DatehjKYt\0\0xpw\0\0u¼jxppsr\0java.lang.Long;䐌#߂\0J\0valuexr\0java.lang.Number¬˂\0\0xp\0\0\0\0\0\0\0ppppppt\01t\00/10 * * * * ?t\0activityTask.updateStatust\0DEFAULTt\0活动状态(无参)t\01pt\01x\0'),('IcsScheduler','TASK_CLASS_NAME1','DEFAULT',NULL,'cn.dtransfer.quartz.util.QuartzJobExecution','0','0','0','0',_binary '\\0sr\0org.quartz.JobDataMap迩\\0\0xr\0&org.quartz.utils.StringKeyDirtyFlagMap\\\](\0Z\0allowsTransientDataxr\0org.quartz.utils.DirtyFlagMap\.(v\n\\0Z\0dirtyL\0mapt\0Ljava/util/Map;xpsr\0java.util.HashMap\\`\\0F\0\nloadFactorI\0	thresholdxp?@\0\0\0\0\0w\0\0\0\0\0\0t\0TASK_PROPERTIESsr\0cn.dtransfer.quartz.domain.Job\0\0\0\0\0\0\0\0L\0\nconcurrentt\0Ljava/lang/String;L\0cronExpressionq\0~\0	L\0invokeTargetq\0~\0	L\0jobGroupq\0~\0	L\0jobNameq\0~\0	L\0\rmisfirePolicyq\0~\0	L\0remarkq\0~\0	L\0statusq\0~\0	xr\0*cn.dtransfer.common.core.domain.BaseEntity\0\0\0\0\0\0\0\0\rL\0	beginTimeq\0~\0	L\0createByq\0~\0	L\0\ncreateTimet\0Ljava/util/Date;L\0\ndeleteFlagt\0Ljava/lang/Integer;L\0endTimeq\0~\0	L\0idt\0Ljava/lang/Long;L\0paramsq\0~\0L\0parkIdq\0~\0\rL\0searchValueq\0~\0	L\0tenantIdq\0~\0\rL\0updateByq\0~\0	L\0\nupdateTimeq\0~\0L\0versionq\0~\0xppt\0adminsr\0java.util.DatehjKYt\0\0xpw\0\0b,\)\xppsr\0java.lang.Long;\̏#\\0J\0valuexr\0java.lang.Number\\0\0xp\0\0\0\0\0\0\0pppppppt\00t\00/10 * * * * ?t\0ryTask.ryNoParamst\0DEFAULTt\0系统默认（无参）t\01t\0\0t\01x\0'),('IcsScheduler','TASK_CLASS_NAME2','DEFAULT',NULL,'cn.dtransfer.quartz.util.QuartzDisallowConcurrentExecution','0','1','0','0',_binary '\\0sr\0org.quartz.JobDataMap迩\\0\0xr\0&org.quartz.utils.StringKeyDirtyFlagMap\\\](\0Z\0allowsTransientDataxr\0org.quartz.utils.DirtyFlagMap\.(v\n\\0Z\0dirtyL\0mapt\0Ljava/util/Map;xpsr\0java.util.HashMap\\`\\0F\0\nloadFactorI\0	thresholdxp?@\0\0\0\0\0w\0\0\0\0\0\0t\0TASK_PROPERTIESsr\0cn.dtransfer.quartz.domain.Job\0\0\0\0\0\0\0\0L\0\nconcurrentt\0Ljava/lang/String;L\0cronExpressionq\0~\0	L\0invokeTargetq\0~\0	L\0jobGroupq\0~\0	L\0jobNameq\0~\0	L\0\rmisfirePolicyq\0~\0	L\0remarkq\0~\0	L\0statusq\0~\0	xr\0*cn.dtransfer.common.core.domain.BaseEntity\0\0\0\0\0\0\0\0\rL\0	beginTimeq\0~\0	L\0createByq\0~\0	L\0\ncreateTimet\0Ljava/util/Date;L\0\ndeleteFlagt\0Ljava/lang/Integer;L\0endTimeq\0~\0	L\0idt\0Ljava/lang/Long;L\0paramsq\0~\0L\0parkIdq\0~\0\rL\0searchValueq\0~\0	L\0tenantIdq\0~\0\rL\0updateByq\0~\0	L\0\nupdateTimeq\0~\0L\0versionq\0~\0xppt\0adminsr\0java.util.DatehjKYt\0\0xpw\0\0b,\)\xppsr\0java.lang.Long;\̏#\\0J\0valuexr\0java.lang.Number\\0\0xp\0\0\0\0\0\0\0pppppppt\01t\00/15 * * * * ?t\0ryTask.ryParams(\'ry\')t\0DEFAULTt\0系统默认（有参）t\03t\0\0t\01x\0'),('IcsScheduler','TASK_CLASS_NAME3','DEFAULT',NULL,'cn.dtransfer.quartz.util.QuartzDisallowConcurrentExecution','0','1','0','0',_binary '\\0sr\0org.quartz.JobDataMap迩\\0\0xr\0&org.quartz.utils.StringKeyDirtyFlagMap\\\](\0Z\0allowsTransientDataxr\0org.quartz.utils.DirtyFlagMap\.(v\n\\0Z\0dirtyL\0mapt\0Ljava/util/Map;xpsr\0java.util.HashMap\\`\\0F\0\nloadFactorI\0	thresholdxp?@\0\0\0\0\0w\0\0\0\0\0\0t\0TASK_PROPERTIESsr\0cn.dtransfer.quartz.domain.Job\0\0\0\0\0\0\0\0L\0\nconcurrentt\0Ljava/lang/String;L\0cronExpressionq\0~\0	L\0invokeTargetq\0~\0	L\0jobGroupq\0~\0	L\0jobNameq\0~\0	L\0\rmisfirePolicyq\0~\0	L\0remarkq\0~\0	L\0statusq\0~\0	xr\0*cn.dtransfer.common.core.domain.BaseEntity\0\0\0\0\0\0\0\0\rL\0	beginTimeq\0~\0	L\0createByq\0~\0	L\0\ncreateTimet\0Ljava/util/Date;L\0\ndeleteFlagt\0Ljava/lang/Integer;L\0endTimeq\0~\0	L\0idt\0Ljava/lang/Long;L\0paramsq\0~\0L\0parkIdq\0~\0\rL\0searchValueq\0~\0	L\0tenantIdq\0~\0\rL\0updateByq\0~\0	L\0\nupdateTimeq\0~\0L\0versionq\0~\0xppt\0adminsr\0java.util.DatehjKYt\0\0xpw\0\0b,\)\xppsr\0java.lang.Long;\̏#\\0J\0valuexr\0java.lang.Number\\0\0xp\0\0\0\0\0\0\0pppppppt\01t\00/20 * * * * ?t\08ryTask.ryMultipleParams(\'ry\', true, 2000L, 316.50D, 100)t\0DEFAULTt\0系统默认（多参）t\03t\0\0t\01x\0'),('ShoprhScheduler','TASK_CLASS_NAME1','DEFAULT',NULL,'com.shoprh.quartz.util.QuartzJobExecution','0','0','0','0',_binary '¬휰sr\0org.quartz.JobDataMap°迩°˂\0\0xr\0&org.quartz.utils.StringKeyDirtyFlagMap蜃ûŝ(\0Z\0allowsTransientDataxr\0org.quartz.utils.DirtyFlagMap殭(v\n΂\0Z\0dirtyL\0mapt\0Ljava/util/Map;xpsr\0java.util.HashMapځÖ`у\0F\0\nloadFactorI\0	thresholdxp?@\0\0\0\0\0w\0\0\0\0\0\0t\0TASK_PROPERTIESsr\0com.shoprh.quartz.domain.Job\0\0\0\0\0\0\0\0L\0\nconcurrentt\0Ljava/lang/String;L\0cronExpressionq\0~\0	L\0invokeTargetq\0~\0	L\0jobGroupq\0~\0	L\0jobNameq\0~\0	L\0\rmisfirePolicyq\0~\0	L\0remarkq\0~\0	L\0statusq\0~\0	xr\0(com.shoprh.common.core.domain.BaseEntity\0\0\0\0\0\0\0\0L\0	beginTimeq\0~\0	L\0createByq\0~\0	L\0\ncreateTimet\0Ljava/util/Date;L\0\ndeleteFlagt\0Ljava/lang/Integer;L\0endTimeq\0~\0	L\0idt\0Ljava/lang/Long;L\0paramsq\0~\0L\0searchValueq\0~\0	L\0tenantIdq\0~\0\rL\0updateByq\0~\0	L\0\nupdateTimeq\0~\0L\0versionq\0~\0xppt\0adminsr\0java.util.DatehjKYt\0\0xpw\0\0b,ީะpsr\0java.lang.Long;䐌#߂\0J\0valuexr\0java.lang.Number¬˂\0\0xp\0\0\0\0\0\0\0ppppppt\00t\00/10 * * * * ?t\0ryTask.ryNoParamst\0DEFAULTt\0系统默认（无参）t\01t\0\0t\01x\0'),('ShoprhScheduler','TASK_CLASS_NAME2','DEFAULT',NULL,'com.shoprh.quartz.util.QuartzDisallowConcurrentExecution','0','1','0','0',_binary '¬휰sr\0org.quartz.JobDataMap°迩°˂\0\0xr\0&org.quartz.utils.StringKeyDirtyFlagMap蜃ûŝ(\0Z\0allowsTransientDataxr\0org.quartz.utils.DirtyFlagMap殭(v\n΂\0Z\0dirtyL\0mapt\0Ljava/util/Map;xpsr\0java.util.HashMapځÖ`у\0F\0\nloadFactorI\0	thresholdxp?@\0\0\0\0\0w\0\0\0\0\0\0t\0TASK_PROPERTIESsr\0com.shoprh.quartz.domain.Job\0\0\0\0\0\0\0\0L\0\nconcurrentt\0Ljava/lang/String;L\0cronExpressionq\0~\0	L\0invokeTargetq\0~\0	L\0jobGroupq\0~\0	L\0jobNameq\0~\0	L\0\rmisfirePolicyq\0~\0	L\0remarkq\0~\0	L\0statusq\0~\0	xr\0(com.shoprh.common.core.domain.BaseEntity\0\0\0\0\0\0\0\0L\0	beginTimeq\0~\0	L\0createByq\0~\0	L\0\ncreateTimet\0Ljava/util/Date;L\0\ndeleteFlagt\0Ljava/lang/Integer;L\0endTimeq\0~\0	L\0idt\0Ljava/lang/Long;L\0paramsq\0~\0L\0searchValueq\0~\0	L\0tenantIdq\0~\0\rL\0updateByq\0~\0	L\0\nupdateTimeq\0~\0L\0versionq\0~\0xppt\0adminsr\0java.util.DatehjKYt\0\0xpw\0\0b,ީะpsr\0java.lang.Long;䐌#߂\0J\0valuexr\0java.lang.Number¬˂\0\0xp\0\0\0\0\0\0\0ppppppt\01t\00/15 * * * * ?t\0ryTask.ryParams(\'ry\')t\0DEFAULTt\0系统默认（有参）t\03t\0\0t\01x\0'),('ShoprhScheduler','TASK_CLASS_NAME3','DEFAULT',NULL,'com.shoprh.quartz.util.QuartzDisallowConcurrentExecution','0','1','0','0',_binary '¬휰sr\0org.quartz.JobDataMap°迩°˂\0\0xr\0&org.quartz.utils.StringKeyDirtyFlagMap蜃ûŝ(\0Z\0allowsTransientDataxr\0org.quartz.utils.DirtyFlagMap殭(v\n΂\0Z\0dirtyL\0mapt\0Ljava/util/Map;xpsr\0java.util.HashMapځÖ`у\0F\0\nloadFactorI\0	thresholdxp?@\0\0\0\0\0w\0\0\0\0\0\0t\0TASK_PROPERTIESsr\0com.shoprh.quartz.domain.Job\0\0\0\0\0\0\0\0L\0\nconcurrentt\0Ljava/lang/String;L\0cronExpressionq\0~\0	L\0invokeTargetq\0~\0	L\0jobGroupq\0~\0	L\0jobNameq\0~\0	L\0\rmisfirePolicyq\0~\0	L\0remarkq\0~\0	L\0statusq\0~\0	xr\0(com.shoprh.common.core.domain.BaseEntity\0\0\0\0\0\0\0\0L\0	beginTimeq\0~\0	L\0createByq\0~\0	L\0\ncreateTimet\0Ljava/util/Date;L\0\ndeleteFlagt\0Ljava/lang/Integer;L\0endTimeq\0~\0	L\0idt\0Ljava/lang/Long;L\0paramsq\0~\0L\0searchValueq\0~\0	L\0tenantIdq\0~\0\rL\0updateByq\0~\0	L\0\nupdateTimeq\0~\0L\0versionq\0~\0xppt\0adminsr\0java.util.DatehjKYt\0\0xpw\0\0b,ީะpsr\0java.lang.Long;䐌#߂\0J\0valuexr\0java.lang.Number¬˂\0\0xp\0\0\0\0\0\0\0ppppppt\01t\00/20 * * * * ?t\08ryTask.ryMultipleParams(\'ry\', true, 2000L, 316.50D, 100)t\0DEFAULTt\0系统默认（多参）t\03t\0\0t\01x\0'),('ShoprhScheduler','TASK_CLASS_NAME4','DEFAULT',NULL,'com.shoprh.quartz.util.QuartzDisallowConcurrentExecution','0','1','0','0',_binary '¬휰sr\0org.quartz.JobDataMap°迩°˂\0\0xr\0&org.quartz.utils.StringKeyDirtyFlagMap蜃ûŝ(\0Z\0allowsTransientDataxr\0org.quartz.utils.DirtyFlagMap殭(v\n΂\0Z\0dirtyL\0mapt\0Ljava/util/Map;xpsr\0java.util.HashMapځÖ`у\0F\0\nloadFactorI\0	thresholdxp?@\0\0\0\0\0w\0\0\0\0\0\0t\0TASK_PROPERTIESsr\0com.shoprh.quartz.domain.Job\0\0\0\0\0\0\0\0L\0\nconcurrentt\0Ljava/lang/String;L\0cronExpressionq\0~\0	L\0invokeTargetq\0~\0	L\0jobGroupq\0~\0	L\0jobNameq\0~\0	L\0\rmisfirePolicyq\0~\0	L\0remarkq\0~\0	L\0statusq\0~\0	xr\0(com.shoprh.common.core.domain.BaseEntity\0\0\0\0\0\0\0\0L\0	beginTimeq\0~\0	L\0createByq\0~\0	L\0\ncreateTimet\0Ljava/util/Date;L\0\ndeleteFlagt\0Ljava/lang/Integer;L\0endTimeq\0~\0	L\0idt\0Ljava/lang/Long;L\0paramsq\0~\0L\0searchValueq\0~\0	L\0tenantIdq\0~\0\rL\0updateByq\0~\0	L\0\nupdateTimeq\0~\0L\0versionq\0~\0xppt\0adminsr\0java.util.DatehjKYt\0\0xpw\0\0u¼jxppsr\0java.lang.Long;䐌#߂\0J\0valuexr\0java.lang.Number¬˂\0\0xp\0\0\0\0\0\0\0ppppppt\01t\00/10 * * * * ?t\0activityTask.updateStatust\0DEFAULTt\0活动状态(无参)t\01pt\01x\0');
/*!40000 ALTER TABLE `qrtz_job_details` ENABLE KEYS */;
UNLOCK TABLES;

--
-- Table structure for table `qrtz_locks`
--

DROP TABLE IF EXISTS `qrtz_locks`;
/*!40101 SET @saved_cs_client     = @@character_set_client */;
/*!50503 SET character_set_client = utf8mb4 */;
CREATE TABLE `qrtz_locks` (
  `sched_name` varchar(120) NOT NULL,
  `lock_name` varchar(40) NOT NULL,
  PRIMARY KEY (`sched_name`,`lock_name`)
) ENGINE=InnoDB DEFAULT CHARSET=utf8mb3;
/*!40101 SET character_set_client = @saved_cs_client */;

--
-- Dumping data for table `qrtz_locks`
--

LOCK TABLES `qrtz_locks` WRITE;
/*!40000 ALTER TABLE `qrtz_locks` DISABLE KEYS */;
INSERT INTO `qrtz_locks` VALUES ('IcsScheduler','STATE_ACCESS'),('IcsScheduler','TRIGGER_ACCESS');
/*!40000 ALTER TABLE `qrtz_locks` ENABLE KEYS */;
UNLOCK TABLES;

--
-- Table structure for table `qrtz_paused_trigger_grps`
--

DROP TABLE IF EXISTS `qrtz_paused_trigger_grps`;
/*!40101 SET @saved_cs_client     = @@character_set_client */;
/*!50503 SET character_set_client = utf8mb4 */;
CREATE TABLE `qrtz_paused_trigger_grps` (
  `sched_name` varchar(120) NOT NULL,
  `trigger_group` varchar(200) NOT NULL,
  PRIMARY KEY (`sched_name`,`trigger_group`)
) ENGINE=InnoDB DEFAULT CHARSET=utf8mb3;
/*!40101 SET character_set_client = @saved_cs_client */;

--
-- Dumping data for table `qrtz_paused_trigger_grps`
--

LOCK TABLES `qrtz_paused_trigger_grps` WRITE;
/*!40000 ALTER TABLE `qrtz_paused_trigger_grps` DISABLE KEYS */;
/*!40000 ALTER TABLE `qrtz_paused_trigger_grps` ENABLE KEYS */;
UNLOCK TABLES;

--
-- Table structure for table `qrtz_scheduler_state`
--

DROP TABLE IF EXISTS `qrtz_scheduler_state`;
/*!40101 SET @saved_cs_client     = @@character_set_client */;
/*!50503 SET character_set_client = utf8mb4 */;
CREATE TABLE `qrtz_scheduler_state` (
  `sched_name` varchar(120) NOT NULL,
  `instance_name` varchar(200) NOT NULL,
  `last_checkin_time` bigint NOT NULL,
  `checkin_interval` bigint NOT NULL,
  PRIMARY KEY (`sched_name`,`instance_name`)
) ENGINE=InnoDB DEFAULT CHARSET=utf8mb3;
/*!40101 SET character_set_client = @saved_cs_client */;

--
-- Dumping data for table `qrtz_scheduler_state`
--

LOCK TABLES `qrtz_scheduler_state` WRITE;
/*!40000 ALTER TABLE `qrtz_scheduler_state` DISABLE KEYS */;
INSERT INTO `qrtz_scheduler_state` VALUES ('IcsScheduler','jifengzhangMacBook-Pro.local1729835668914',1729844072729,15000);
/*!40000 ALTER TABLE `qrtz_scheduler_state` ENABLE KEYS */;
UNLOCK TABLES;

--
-- Table structure for table `qrtz_simple_triggers`
--

DROP TABLE IF EXISTS `qrtz_simple_triggers`;
/*!40101 SET @saved_cs_client     = @@character_set_client */;
/*!50503 SET character_set_client = utf8mb4 */;
CREATE TABLE `qrtz_simple_triggers` (
  `sched_name` varchar(120) NOT NULL,
  `trigger_name` varchar(200) NOT NULL,
  `trigger_group` varchar(200) NOT NULL,
  `repeat_count` bigint NOT NULL,
  `repeat_interval` bigint NOT NULL,
  `times_triggered` bigint NOT NULL,
  PRIMARY KEY (`sched_name`,`trigger_name`,`trigger_group`),
  CONSTRAINT `qrtz_simple_triggers_ibfk_1` FOREIGN KEY (`sched_name`, `trigger_name`, `trigger_group`) REFERENCES `qrtz_triggers` (`sched_name`, `trigger_name`, `trigger_group`)
) ENGINE=InnoDB DEFAULT CHARSET=utf8mb3;
/*!40101 SET character_set_client = @saved_cs_client */;

--
-- Dumping data for table `qrtz_simple_triggers`
--

LOCK TABLES `qrtz_simple_triggers` WRITE;
/*!40000 ALTER TABLE `qrtz_simple_triggers` DISABLE KEYS */;
/*!40000 ALTER TABLE `qrtz_simple_triggers` ENABLE KEYS */;
UNLOCK TABLES;

--
-- Table structure for table `qrtz_simprop_triggers`
--

DROP TABLE IF EXISTS `qrtz_simprop_triggers`;
/*!40101 SET @saved_cs_client     = @@character_set_client */;
/*!50503 SET character_set_client = utf8mb4 */;
CREATE TABLE `qrtz_simprop_triggers` (
  `sched_name` varchar(120) NOT NULL,
  `trigger_name` varchar(200) NOT NULL,
  `trigger_group` varchar(200) NOT NULL,
  `str_prop_1` varchar(512) DEFAULT NULL,
  `str_prop_2` varchar(512) DEFAULT NULL,
  `str_prop_3` varchar(512) DEFAULT NULL,
  `int_prop_1` int DEFAULT NULL,
  `int_prop_2` int DEFAULT NULL,
  `long_prop_1` bigint DEFAULT NULL,
  `long_prop_2` bigint DEFAULT NULL,
  `dec_prop_1` decimal(13,4) DEFAULT NULL,
  `dec_prop_2` decimal(13,4) DEFAULT NULL,
  `bool_prop_1` varchar(1) DEFAULT NULL,
  `bool_prop_2` varchar(1) DEFAULT NULL,
  PRIMARY KEY (`sched_name`,`trigger_name`,`trigger_group`),
  CONSTRAINT `qrtz_simprop_triggers_ibfk_1` FOREIGN KEY (`sched_name`, `trigger_name`, `trigger_group`) REFERENCES `qrtz_triggers` (`sched_name`, `trigger_name`, `trigger_group`)
) ENGINE=InnoDB DEFAULT CHARSET=utf8mb3;
/*!40101 SET character_set_client = @saved_cs_client */;

--
-- Dumping data for table `qrtz_simprop_triggers`
--

LOCK TABLES `qrtz_simprop_triggers` WRITE;
/*!40000 ALTER TABLE `qrtz_simprop_triggers` DISABLE KEYS */;
/*!40000 ALTER TABLE `qrtz_simprop_triggers` ENABLE KEYS */;
UNLOCK TABLES;

--
-- Table structure for table `qrtz_triggers`
--

DROP TABLE IF EXISTS `qrtz_triggers`;
/*!40101 SET @saved_cs_client     = @@character_set_client */;
/*!50503 SET character_set_client = utf8mb4 */;
CREATE TABLE `qrtz_triggers` (
  `sched_name` varchar(120) NOT NULL,
  `trigger_name` varchar(200) NOT NULL,
  `trigger_group` varchar(200) NOT NULL,
  `job_name` varchar(200) NOT NULL,
  `job_group` varchar(200) NOT NULL,
  `description` varchar(250) DEFAULT NULL,
  `next_fire_time` bigint DEFAULT NULL,
  `prev_fire_time` bigint DEFAULT NULL,
  `priority` int DEFAULT NULL,
  `trigger_state` varchar(16) NOT NULL,
  `trigger_type` varchar(8) NOT NULL,
  `start_time` bigint NOT NULL,
  `end_time` bigint DEFAULT NULL,
  `calendar_name` varchar(200) DEFAULT NULL,
  `misfire_instr` smallint DEFAULT NULL,
  `job_data` blob,
  PRIMARY KEY (`sched_name`,`trigger_name`,`trigger_group`),
  KEY `sched_name` (`sched_name`,`job_name`,`job_group`),
  CONSTRAINT `qrtz_triggers_ibfk_1` FOREIGN KEY (`sched_name`, `job_name`, `job_group`) REFERENCES `qrtz_job_details` (`sched_name`, `job_name`, `job_group`)
) ENGINE=InnoDB DEFAULT CHARSET=utf8mb3;
/*!40101 SET character_set_client = @saved_cs_client */;

--
-- Dumping data for table `qrtz_triggers`
--

LOCK TABLES `qrtz_triggers` WRITE;
/*!40000 ALTER TABLE `qrtz_triggers` DISABLE KEYS */;
INSERT INTO `qrtz_triggers` VALUES ('IcsScheduler','TASK_CLASS_NAME1','DEFAULT','TASK_CLASS_NAME1','DEFAULT',NULL,1729835670000,-1,5,'PAUSED','CRON',1729835670000,0,NULL,-1,''),('IcsScheduler','TASK_CLASS_NAME2','DEFAULT','TASK_CLASS_NAME2','DEFAULT',NULL,1729835685000,-1,5,'PAUSED','CRON',1729835671000,0,NULL,2,''),('IcsScheduler','TASK_CLASS_NAME3','DEFAULT','TASK_CLASS_NAME3','DEFAULT',NULL,1729835680000,-1,5,'PAUSED','CRON',1729835671000,0,NULL,2,'');
/*!40000 ALTER TABLE `qrtz_triggers` ENABLE KEYS */;
UNLOCK TABLES;

--
-- Table structure for table `sys_config`
--

DROP TABLE IF EXISTS `sys_config`;
/*!40101 SET @saved_cs_client     = @@character_set_client */;
/*!50503 SET character_set_client = utf8mb4 */;
CREATE TABLE `sys_config` (
  `id` int NOT NULL AUTO_INCREMENT COMMENT '参数主键',
  `config_name` varchar(100) NOT NULL DEFAULT '' COMMENT '参数名称',
  `config_key` varchar(100) NOT NULL DEFAULT '' COMMENT '参数键名',
  `config_value` text NOT NULL COMMENT '参数键值',
  `config_type` char(1) NOT NULL DEFAULT 'N' COMMENT '系统内置（Y是 N否）',
  `version` int DEFAULT NULL COMMENT '版本',
  `delete_flag` bit(1) DEFAULT NULL COMMENT '删除标记',
  `create_by` varchar(64) DEFAULT '' COMMENT '创建者',
  `create_time` datetime DEFAULT NULL COMMENT '创建时间',
  `update_by` varchar(64) DEFAULT '' COMMENT '更新者',
  `update_time` datetime DEFAULT NULL COMMENT '更新时间',
  `remark` varchar(500) DEFAULT NULL COMMENT '备注',
  `tenant_id` int DEFAULT NULL COMMENT '租户ID',
  PRIMARY KEY (`id`) USING BTREE
) ENGINE=InnoDB AUTO_INCREMENT=102 DEFAULT CHARSET=utf8mb3 ROW_FORMAT=DYNAMIC COMMENT='参数配置表';
/*!40101 SET character_set_client = @saved_cs_client */;

--
-- Dumping data for table `sys_config`
--

LOCK TABLES `sys_config` WRITE;
/*!40000 ALTER TABLE `sys_config` DISABLE KEYS */;
INSERT INTO `sys_config` VALUES (99,'OSS存储配置','sys.oss.cloudStorage','{\r\n    \"type\": 2, \r\n    \"qiniuDomain\": \"\", \r\n    \"qiniuPrefix\": \"\", \r\n    \"qiniuAccessKey\": \"\", \r\n    \"qiniuSecretKey\": \"\", \r\n    \"qiniuBucketName\": \"\", \r\n    \"aliyunDomain\": \"park-shop\", \r\n    \"aliyunPrefix\": \"uploadPath\", \r\n    \"aliyunEndPoint\": \"\", \r\n    \"aliyunAccessKeyId\": \"LTAI5tC4yAxYWwEE2CYsvKfb\", \r\n    \"aliyunAccessKeySecret\": \"sMIwhC2pzxb621PRGcjvvLotBZulGd\", \r\n    \"aliyunBucketName\": \"\", \r\n    \"qcloudDomain\": \"\", \r\n    \"qcloudPrefix\": \"\", \r\n    \"qcloudSecretId\": \"\", \r\n    \"qcloudBucketName\": \"\", \r\n    \"qcloudRegion\": \"\"\r\n}','Y',0,_binary '\0','admin','2018-03-16 11:33:00','','2020-12-15 10:16:21','OSS存储配置',1),(100,'ICS站点地址','sys.setting.siteUrl','{\"siteUrl\":\"http://xxxxx/api/\"}','N',0,_binary '\0','','2020-11-16 17:15:43','manager','2024-10-23 22:02:57','ICS站点地址',1),(101,'APP私钥','sys.setting.appKey','{ \"appId\": \"dsss\", \"key\": \"sss\" }','N',0,_binary '\0','admin','2020-11-30 14:42:18','manager','2024-10-24 18:52:42','APP私钥',1);
/*!40000 ALTER TABLE `sys_config` ENABLE KEYS */;
UNLOCK TABLES;

--
-- Table structure for table `sys_dept`
--

DROP TABLE IF EXISTS `sys_dept`;
/*!40101 SET @saved_cs_client     = @@character_set_client */;
/*!50503 SET character_set_client = utf8mb4 */;
CREATE TABLE `sys_dept` (
  `id` int NOT NULL AUTO_INCREMENT COMMENT '部门id',
  `parent_id` int NOT NULL DEFAULT '0' COMMENT '父部门id',
  `ancestors` varchar(50) DEFAULT '0' COMMENT '祖级列表',
  `dept_name` varchar(30) NOT NULL DEFAULT '' COMMENT '部门名称',
  `area` decimal(10,6) DEFAULT NULL COMMENT '园区总面积',
  `lat` decimal(10,6) DEFAULT NULL COMMENT '纬度',
  `lng` decimal(10,6) DEFAULT NULL COMMENT '经度',
  `order_num` int DEFAULT '0' COMMENT '显示顺序',
  `leader` varchar(20) DEFAULT NULL COMMENT '负责人',
  `leader_id` int DEFAULT NULL COMMENT '负责人编号',
  `phone` varchar(11) DEFAULT NULL COMMENT '联系电话',
  `email` varchar(50) DEFAULT NULL COMMENT '邮箱',
  `status` char(1) DEFAULT '0' COMMENT '部门状态（0正常 1停用）',
  `is_default` bit(1) DEFAULT NULL COMMENT '是否默认',
  `version` int DEFAULT NULL COMMENT '版本',
  `delete_flag` bit(1) DEFAULT NULL COMMENT '删除标记',
  `create_by` varchar(64) DEFAULT '' COMMENT '创建者',
  `create_time` datetime DEFAULT NULL COMMENT '创建时间',
  `update_by` varchar(64) DEFAULT '' COMMENT '更新者',
  `update_time` datetime DEFAULT NULL COMMENT '更新时间',
  `tenant_id` int DEFAULT NULL COMMENT '租户ID',
  PRIMARY KEY (`id`) USING BTREE
) ENGINE=InnoDB AUTO_INCREMENT=180 DEFAULT CHARSET=utf8mb3 ROW_FORMAT=DYNAMIC COMMENT='部门表';
/*!40101 SET character_set_client = @saved_cs_client */;

--
-- Dumping data for table `sys_dept`
--

LOCK TABLES `sys_dept` WRITE;
/*!40000 ALTER TABLE `sys_dept` DISABLE KEYS */;
INSERT INTO `sys_dept` VALUES (173,177,'0,177','运营部',NULL,NULL,NULL,1,'黄思',NULL,'15924268857','18058997575@qq.com','0',_binary '\0',NULL,NULL,'admin','2021-09-15 10:40:09','super','2023-05-19 15:04:02',1),(174,177,'0,177','招商部',NULL,NULL,NULL,2,'黄思',NULL,'18058997575','18058997575@qq.com','0',_binary '\0',NULL,NULL,'admin','2021-09-15 10:41:01','super','2023-05-19 15:03:51',1),(177,0,'0','总裁办',NULL,NULL,NULL,5,'黄思',NULL,'18058997575','18058997575@qq.com','0',_binary '\0',NULL,NULL,'admin','2021-09-15 10:46:33','super','2023-05-19 15:04:02',1),(178,177,'0,177','总经办',NULL,NULL,NULL,1,'123',NULL,'123','123','0',_binary '\0',NULL,NULL,'','2022-05-26 16:52:51','',NULL,NULL);
/*!40000 ALTER TABLE `sys_dept` ENABLE KEYS */;
UNLOCK TABLES;

--
-- Table structure for table `sys_dict_data`
--

DROP TABLE IF EXISTS `sys_dict_data`;
/*!40101 SET @saved_cs_client     = @@character_set_client */;
/*!50503 SET character_set_client = utf8mb4 */;
CREATE TABLE `sys_dict_data` (
  `id` int NOT NULL AUTO_INCREMENT COMMENT '字典编码',
  `dict_sort` int NOT NULL DEFAULT '0' COMMENT '字典排序',
  `dict_label` varchar(100) NOT NULL DEFAULT '' COMMENT '字典标签',
  `dict_value` varchar(100) NOT NULL DEFAULT '' COMMENT '字典键值',
  `dict_type` varchar(100) NOT NULL DEFAULT '' COMMENT '字典类型',
  `css_class` varchar(100) DEFAULT NULL COMMENT '样式属性（其他样式扩展）',
  `list_class` varchar(100) DEFAULT NULL COMMENT '表格回显样式',
  `is_default` char(1) DEFAULT 'N' COMMENT '是否默认（Y是 N否）',
  `status` char(1) DEFAULT '0' COMMENT '状态（0正常 1停用）',
  `version` int DEFAULT NULL COMMENT '版本',
  `delete_flag` bit(1) DEFAULT NULL COMMENT '删除标记',
  `create_by` varchar(64) DEFAULT '' COMMENT '创建者',
  `create_time` datetime DEFAULT NULL COMMENT '创建时间',
  `update_by` varchar(64) DEFAULT '' COMMENT '更新者',
  `update_time` datetime DEFAULT NULL COMMENT '更新时间',
  `remark` varchar(500) DEFAULT NULL COMMENT '备注',
  `tenant_id` int DEFAULT NULL COMMENT '租户ID',
  PRIMARY KEY (`id`) USING BTREE
) ENGINE=InnoDB AUTO_INCREMENT=48 DEFAULT CHARSET=utf8mb3 ROW_FORMAT=DYNAMIC COMMENT='字典数据表';
/*!40101 SET character_set_client = @saved_cs_client */;

--
-- Dumping data for table `sys_dict_data`
--

LOCK TABLES `sys_dict_data` WRITE;
/*!40000 ALTER TABLE `sys_dict_data` DISABLE KEYS */;
INSERT INTO `sys_dict_data` VALUES (1,1,'男','0','sys_user_gender','','','Y','0',0,_binary '\0','admin','2018-03-16 11:33:00','ry','2018-03-16 11:33:00','性别男',1),(2,2,'女','1','sys_user_gender','','','N','0',0,_binary '\0','admin','2018-03-16 11:33:00','ry','2018-03-16 11:33:00','性别女',1),(3,3,'未知','2','sys_user_gender','','','N','0',0,_binary '\0','admin','2018-03-16 11:33:00','ry','2019-06-12 19:08:17','性别未知',1),(4,1,'显示','0','sys_show_hide','','primary','Y','0',0,_binary '\0','admin','2018-03-16 11:33:00','ry','2018-03-16 11:33:00','显示菜单',1),(5,2,'隐藏','1','sys_show_hide','','danger','N','0',0,_binary '\0','admin','2018-03-16 11:33:00','ry','2018-03-16 11:33:00','隐藏菜单',1),(6,1,'正常','0','sys_normal_disable','','primary','Y','0',0,_binary '\0','admin','2018-03-16 11:33:00','ry','2018-03-16 11:33:00','正常状态',1),(7,2,'停用','1','sys_normal_disable','','danger','N','0',0,_binary '\0','admin','2018-03-16 11:33:00','ry','2018-03-16 11:33:00','停用状态',1),(8,1,'正常','0','sys_job_status','','primary','Y','0',0,_binary '\0','admin','2018-03-16 11:33:00','ry','2018-03-16 11:33:00','正常状态',1),(9,2,'暂停','1','sys_job_status','','danger','N','0',0,_binary '\0','admin','2018-03-16 11:33:00','ry','2018-03-16 11:33:00','停用状态',1),(10,1,'是','Y','sys_yes_no','','primary','Y','0',0,_binary '\0','admin','2018-03-16 11:33:00','ry','2018-03-16 11:33:00','系统默认是',1),(11,2,'否','N','sys_yes_no','','danger','N','0',0,_binary '\0','admin','2018-03-16 11:33:00','ry','2018-03-16 11:33:00','系统默认否',1),(12,1,'通知','1','sys_notice_type','','warning','Y','0',0,_binary '\0','admin','2018-03-16 11:33:00','ry','2018-03-16 11:33:00','通知',1),(13,2,'公告','2','sys_notice_type','','success','N','0',0,_binary '\0','admin','2018-03-16 11:33:00','ry','2018-03-16 11:33:00','公告',1),(14,1,'正常','0','sys_notice_status','','primary','Y','0',0,_binary '\0','admin','2018-03-16 11:33:00','ry','2018-03-16 11:33:00','正常状态',1),(15,2,'关闭','1','sys_notice_status','','danger','N','0',0,_binary '\0','admin','2018-03-16 11:33:00','ry','2018-03-16 11:33:00','关闭状态',1),(16,1,'新增','1','sys_oper_type','','info','N','0',0,_binary '\0','admin','2018-03-16 11:33:00','ry','2018-03-16 11:33:00','新增操作',1),(17,2,'修改','2','sys_oper_type','','info','N','0',0,_binary '\0','admin','2018-03-16 11:33:00','ry','2018-03-16 11:33:00','修改操作',1),(18,3,'删除','3','sys_oper_type','','danger','N','0',0,_binary '\0','admin','2018-03-16 11:33:00','ry','2018-03-16 11:33:00','删除操作',1),(19,4,'授权','4','sys_oper_type','','primary','N','0',0,_binary '\0','admin','2018-03-16 11:33:00','ry','2018-03-16 11:33:00','授权操作',1),(20,5,'导出','5','sys_oper_type','','warning','N','0',0,_binary '\0','admin','2018-03-16 11:33:00','ry','2018-03-16 11:33:00','导出操作',1),(21,6,'导入','6','sys_oper_type','','warning','N','0',0,_binary '\0','admin','2018-03-16 11:33:00','ry','2018-03-16 11:33:00','导入操作',1),(22,7,'强退','7','sys_oper_type','','danger','N','0',0,_binary '\0','admin','2018-03-16 11:33:00','ry','2018-03-16 11:33:00','强退操作',1),(23,8,'生成代码','8','sys_oper_type','','warning','N','0',0,_binary '\0','admin','2018-03-16 11:33:00','ry','2018-03-16 11:33:00','生成操作',1),(24,8,'清空数据','9','sys_oper_type','','danger','N','0',0,_binary '\0','admin','2018-03-16 11:33:00','ry','2018-03-16 11:33:00','清空操作',1),(25,1,'成功','0','sys_common_status','','primary','N','0',0,_binary '\0','admin','2018-03-16 11:33:00','ry','2018-03-16 11:33:00','正常状态',1),(26,2,'失败','1','sys_common_status','','danger','N','0',0,_binary '\0','admin','2018-03-16 11:33:00','ry','2018-03-16 11:33:00','停用状态',1),(35,1,'年假','1','act_leave_type',NULL,NULL,'N','0',0,_binary '\0','','2020-01-07 14:06:17','',NULL,NULL,1),(36,2,'事假','2','act_leave_type',NULL,NULL,'N','0',0,_binary '\0','','2020-01-07 14:06:28','',NULL,NULL,1),(37,3,'病假','3','act_leave_type',NULL,NULL,'N','0',0,_binary '\0','','2020-01-07 14:06:35','',NULL,NULL,1),(38,4,'调休','4','act_leave_type',NULL,NULL,'N','0',0,_binary '\0','','2020-01-07 14:06:47','',NULL,NULL,1),(39,5,'产假','5','act_leave_type',NULL,NULL,'N','0',0,_binary '\0','','2020-01-07 14:07:01','',NULL,NULL,1),(40,6,'陪产假','6','act_leave_type',NULL,NULL,'N','0',0,_binary '\0','','2020-01-07 14:07:08','',NULL,NULL,1),(41,7,'婚假','7','act_leave_type',NULL,NULL,'N','0',0,_binary '\0','','2020-01-07 14:08:04','',NULL,NULL,1),(42,8,'例假','8','act_leave_type',NULL,NULL,'N','0',0,_binary '\0','','2020-01-07 14:08:15','',NULL,NULL,1),(43,9,'丧假','9','act_leave_type',NULL,NULL,'N','0',0,_binary '\0','','2020-01-07 14:08:24','',NULL,NULL,1),(45,11,'流产假','11','act_leave_type',NULL,NULL,'N','0',0,_binary '\0','','2020-01-07 14:08:48','',NULL,NULL,1),(46,1,'默认','DEFAULT','sys_job_group','','','Y','0',0,_binary '\0','admin','2018-03-16 11:33:00','ry','2018-03-16 11:33:00','默认分组',1),(47,2,'系统','SYSTEM','sys_job_group','','','N','0',0,_binary '\0','admin','2018-03-16 11:33:00','ry','2018-03-16 11:33:00','系统分组',1);
/*!40000 ALTER TABLE `sys_dict_data` ENABLE KEYS */;
UNLOCK TABLES;

--
-- Table structure for table `sys_dict_type`
--

DROP TABLE IF EXISTS `sys_dict_type`;
/*!40101 SET @saved_cs_client     = @@character_set_client */;
/*!50503 SET character_set_client = utf8mb4 */;
CREATE TABLE `sys_dict_type` (
  `id` int NOT NULL AUTO_INCREMENT COMMENT '字典主键',
  `dict_name` varchar(100) DEFAULT '' COMMENT '字典名称',
  `dict_type` varchar(100) DEFAULT '' COMMENT '字典类型',
  `status` char(1) DEFAULT '0' COMMENT '状态（0正常 1停用）',
  `version` int DEFAULT NULL COMMENT '版本',
  `delete_flag` bit(1) DEFAULT NULL COMMENT '删除标记',
  `create_by` varchar(64) DEFAULT '' COMMENT '创建者',
  `create_time` datetime DEFAULT NULL COMMENT '创建时间',
  `update_by` varchar(64) DEFAULT '' COMMENT '更新者',
  `update_time` datetime DEFAULT NULL COMMENT '更新时间',
  `remark` varchar(500) DEFAULT NULL COMMENT '备注',
  `tenant_id` int DEFAULT NULL COMMENT '租户ID',
  PRIMARY KEY (`id`) USING BTREE,
  UNIQUE KEY `dict_type` (`dict_type`) USING BTREE
) ENGINE=InnoDB AUTO_INCREMENT=12 DEFAULT CHARSET=utf8mb3 ROW_FORMAT=DYNAMIC COMMENT='字典类型表';
/*!40101 SET character_set_client = @saved_cs_client */;

--
-- Dumping data for table `sys_dict_type`
--

LOCK TABLES `sys_dict_type` WRITE;
/*!40000 ALTER TABLE `sys_dict_type` DISABLE KEYS */;
INSERT INTO `sys_dict_type` VALUES (1,'用户性别','sys_user_gender','0',0,_binary '\0','admin','2018-03-16 11:33:00','ry','2019-06-12 16:41:29','用户性别列表',1),(2,'菜单状态','sys_show_hide','0',0,_binary '\0','admin','2018-03-16 11:33:00','ry','2018-03-16 11:33:00','菜单状态列表',1),(3,'系统开关','sys_normal_disable','0',0,_binary '\0','admin','2018-03-16 11:33:00','ry','2018-03-16 11:33:00','系统开关列表',1),(4,'任务状态','sys_job_status','0',0,_binary '\0','admin','2018-03-16 11:33:00','ry','2018-03-16 11:33:00','任务状态列表',1),(5,'系统是否','sys_yes_no','0',0,_binary '\0','admin','2018-03-16 11:33:00','ry','2018-03-16 11:33:00','系统是否列表',1),(6,'通知类型','sys_notice_type','0',0,_binary '\0','admin','2018-03-16 11:33:00','ry','2018-03-16 11:33:00','通知类型列表',1),(7,'通知状态','sys_notice_status','0',0,_binary '\0','admin','2018-03-16 11:33:00','ry','2018-03-16 11:33:00','通知状态列表',1),(8,'操作类型','sys_oper_type','0',0,_binary '\0','admin','2018-03-16 11:33:00','ry','2018-03-16 11:33:00','操作类型列表',1),(9,'系统状态','sys_common_status','0',0,_binary '\0','admin','2018-03-16 11:33:00','ry','2018-03-16 11:33:00','登录状态列表',1),(10,'请假类型','act_leave_type','0',0,_binary '\0','admin','2020-01-07 14:05:42','ry','2020-09-21 17:43:55','请假类型',1),(11,'任务分组','sys_job_group','0',0,_binary '\0','admin','2018-03-16 11:33:00','ry','2018-03-16 11:33:00','任务分组列表',1);
/*!40000 ALTER TABLE `sys_dict_type` ENABLE KEYS */;
UNLOCK TABLES;

--
-- Table structure for table `sys_districts`
--

DROP TABLE IF EXISTS `sys_districts`;
/*!40101 SET @saved_cs_client     = @@character_set_client */;
/*!50503 SET character_set_client = utf8mb4 */;
CREATE TABLE `sys_districts` (
  `id` int unsigned NOT NULL AUTO_INCREMENT COMMENT '编号',
  `pid` int NOT NULL DEFAULT '0' COMMENT '上级编号',
  `deep` tinyint(1) NOT NULL DEFAULT '0' COMMENT '层级',
  `name` varchar(32) NOT NULL DEFAULT '' COMMENT '名称',
  `pinyin` varchar(64) DEFAULT NULL COMMENT '拼音',
  `pinyin_shor` varchar(64) DEFAULT '' COMMENT '拼音缩写',
  `ext_name` varchar(64) DEFAULT '' COMMENT '扩展名',
  `operator` varchar(32) DEFAULT '' COMMENT '操作人',
  `version` int DEFAULT NULL COMMENT '版本',
  `delete_flag` bit(1) DEFAULT NULL COMMENT '删除标记',
  `create_by` varchar(64) DEFAULT '' COMMENT '创建者',
  `create_time` datetime DEFAULT NULL COMMENT '创建时间',
  `update_by` varchar(64) DEFAULT '' COMMENT '更新者',
  `update_time` datetime DEFAULT NULL COMMENT '更新时间',
  `tenant_id` int DEFAULT NULL COMMENT '租户ID',
  PRIMARY KEY (`id`)
) ENGINE=InnoDB AUTO_INCREMENT=910101 DEFAULT CHARSET=utf8mb3 COMMENT='地区';
/*!40101 SET character_set_client = @saved_cs_client */;

--
-- Dumping data for table `sys_districts`
--

LOCK TABLES `sys_districts` WRITE;
/*!40000 ALTER TABLE `sys_districts` DISABLE KEYS */;
INSERT INTO `sys_districts` VALUES (11,0,0,'北京','bei jing','bej','北京市','admin',0,_binary '\0','',NULL,'',NULL,1),(12,0,0,'天津','tian jin','tij','天津市','admin',0,_binary '\0','',NULL,'',NULL,1),(13,0,0,'河北','he bei','heb','河北省','admin',0,_binary '\0','',NULL,'',NULL,1),(14,0,0,'山西','shan xi','shx','山西省','admin',0,_binary '\0','',NULL,'',NULL,1),(15,0,0,'内蒙古','nei meng gu','nemg','内蒙古自治区','admin',0,_binary '\0','',NULL,'',NULL,1),(21,0,0,'辽宁','liao ning','lin','辽宁省','admin',0,_binary '\0','',NULL,'',NULL,1),(22,0,0,'吉林','ji lin','jil','吉林省','admin',0,_binary '\0','',NULL,'',NULL,1),(23,0,0,'黑龙江','hei long jiang','helj','黑龙江省','admin',0,_binary '\0','',NULL,'',NULL,1),(31,0,0,'上海','shang hai','shh','上海市','admin',0,_binary '\0','',NULL,'',NULL,1),(32,0,0,'江苏','jiang su','jis','江苏省','admin',0,_binary '\0','',NULL,'',NULL,1),(33,0,0,'浙江','zhe jiang','zhj','浙江省','admin',0,_binary '\0','',NULL,'',NULL,1),(34,0,0,'安徽','an hui','anh','安徽省','admin',0,_binary '\0','',NULL,'',NULL,1),(35,0,0,'福建','fu jian','fuj','福建省','admin',0,_binary '\0','',NULL,'',NULL,1),(36,0,0,'江西','jiang xi','jix','江西省','admin',0,_binary '\0','',NULL,'',NULL,1),(37,0,0,'山东','shan dong','shd','山东省','admin',0,_binary '\0','',NULL,'',NULL,1),(41,0,0,'河南','he nan','hen','河南省','admin',0,_binary '\0','',NULL,'',NULL,1),(42,0,0,'湖北','hu bei','hub','湖北省','admin',0,_binary '\0','',NULL,'',NULL,1),(43,0,0,'湖南','hu nan','hun','湖南省','admin',0,_binary '\0','',NULL,'',NULL,1),(44,0,0,'广东','guang dong','gud','广东省','admin',0,_binary '\0','',NULL,'',NULL,1),(45,0,0,'广西','guang xi','gux','广西壮族自治区','admin',0,_binary '\0','',NULL,'',NULL,1),(46,0,0,'海南','hai nan','han','海南省','admin',0,_binary '\0','',NULL,'',NULL,1),(50,0,0,'重庆','chong qing','chq','重庆市','admin',0,_binary '\0','',NULL,'',NULL,1),(51,0,0,'四川','si chuan','sic','四川省','admin',0,_binary '\0','',NULL,'',NULL,1),(52,0,0,'贵州','gui zhou','guz','贵州省','admin',0,_binary '\0','',NULL,'',NULL,1),(53,0,0,'云南','yun nan','yun','云南省','admin',0,_binary '\0','',NULL,'',NULL,1),(54,0,0,'西藏','xi zang','xiz','西藏自治区','admin',0,_binary '\0','',NULL,'',NULL,1),(61,0,0,'陕西','shan xi','shx','陕西省','admin',0,_binary '\0','',NULL,'',NULL,1),(62,0,0,'甘肃','gan su','gas','甘肃省','admin',0,_binary '\0','',NULL,'',NULL,1),(63,0,0,'青海','qing hai','qih','青海省','admin',0,_binary '\0','',NULL,'',NULL,1),(64,0,0,'宁夏','ning xia','nix','宁夏回族自治区','admin',0,_binary '\0','',NULL,'',NULL,1),(65,0,0,'新疆','xin jiang','xij','新疆维吾尔自治区','admin',0,_binary '\0','',NULL,'',NULL,1),(90,0,0,'港澳台','~0','~0','','admin',0,_binary '\0','',NULL,'',NULL,1),(91,0,0,'海外','~1','~1','','admin',0,_binary '\0','',NULL,'',NULL,1),(1101,11,1,'北京','bei jing','bej','市辖区','admin',0,_binary '\0','',NULL,'',NULL,1),(1201,12,1,'天津','tian jin','tij','市辖区','admin',0,_binary '\0','',NULL,'',NULL,1),(1301,13,1,'石家庄','shi jia zhuang','shjz','石家庄市','admin',0,_binary '\0','',NULL,'',NULL,1),(1302,13,1,'唐山','tang shan','tas','唐山市','admin',0,_binary '\0','',NULL,'',NULL,1),(1303,13,1,'秦皇岛','qin huang dao','qihd','秦皇岛市','admin',0,_binary '\0','',NULL,'',NULL,1),(1304,13,1,'邯郸','han dan','had','邯郸市','admin',0,_binary '\0','',NULL,'',NULL,1),(1305,13,1,'邢台','xing tai','xit','邢台市','admin',0,_binary '\0','',NULL,'',NULL,1),(1306,13,1,'保定','bao ding','bad','保定市','admin',0,_binary '\0','',NULL,'',NULL,1),(1307,13,1,'张家口','zhang jia kou','zhjk','张家口市','admin',0,_binary '\0','',NULL,'',NULL,1),(1308,13,1,'承德','cheng de','chd','承德市','admin',0,_binary '\0','',NULL,'',NULL,1),(1309,13,1,'沧州','cang zhou','caz','沧州市','admin',0,_binary '\0','',NULL,'',NULL,1),(1310,13,1,'廊坊','lang fang','laf','廊坊市','admin',0,_binary '\0','',NULL,'',NULL,1),(1311,13,1,'衡水','heng shui','hes','衡水市','admin',0,_binary '\0','',NULL,'',NULL,1),(1401,14,1,'太原','tai yuan','tay','太原市','admin',0,_binary '\0','',NULL,'',NULL,1),(1402,14,1,'大同','da tong','dat','大同市','admin',0,_binary '\0','',NULL,'',NULL,1),(1403,14,1,'阳泉','yang quan','yaq','阳泉市','admin',0,_binary '\0','',NULL,'',NULL,1),(1404,14,1,'长治','chang zhi','chz','长治市','admin',0,_binary '\0','',NULL,'',NULL,1),(1405,14,1,'晋城','jin cheng','jic','晋城市','admin',0,_binary '\0','',NULL,'',NULL,1),(1406,14,1,'朔州','shuo zhou','shz','朔州市','admin',0,_binary '\0','',NULL,'',NULL,1),(1407,14,1,'晋中','jin zhong','jiz','晋中市','admin',0,_binary '\0','',NULL,'',NULL,1),(1408,14,1,'运城','yun cheng','yuc','运城市','admin',0,_binary '\0','',NULL,'',NULL,1),(1409,14,1,'忻州','xin zhou','xiz','忻州市','admin',0,_binary '\0','',NULL,'',NULL,1),(1410,14,1,'临汾','lin fen','lif','临汾市','admin',0,_binary '\0','',NULL,'',NULL,1),(1411,14,1,'吕梁','lv liang','lvl','吕梁市','admin',0,_binary '\0','',NULL,'',NULL,1),(1501,15,1,'呼和浩特','hu he hao te','huhh','呼和浩特市','admin',0,_binary '\0','',NULL,'',NULL,1),(1502,15,1,'包头','bao tou','bat','包头市','admin',0,_binary '\0','',NULL,'',NULL,1),(1503,15,1,'乌海','wu hai','wuh','乌海市','admin',0,_binary '\0','',NULL,'',NULL,1),(1504,15,1,'赤峰','chi feng','chf','赤峰市','admin',0,_binary '\0','',NULL,'',NULL,1),(1505,15,1,'通辽','tong liao','tol','通辽市','admin',0,_binary '\0','',NULL,'',NULL,1),(1506,15,1,'鄂尔多斯','e er duo si','eed','鄂尔多斯市','admin',0,_binary '\0','',NULL,'',NULL,1),(1507,15,1,'呼伦贝尔','hu lun bei er','hulb','呼伦贝尔市','admin',0,_binary '\0','',NULL,'',NULL,1),(1508,15,1,'巴彦淖尔','ba yan nao er','bayn','巴彦淖尔市','admin',0,_binary '\0','',NULL,'',NULL,1),(1509,15,1,'乌兰察布','wu lan cha bu','wulc','乌兰察布市','admin',0,_binary '\0','',NULL,'',NULL,1),(1522,15,1,'兴安盟','xing an meng','xiam','兴安盟','admin',0,_binary '\0','',NULL,'',NULL,1),(1525,15,1,'锡林郭勒盟','xi lin guo le meng','xilg','锡林郭勒盟','admin',0,_binary '\0','',NULL,'',NULL,1),(1529,15,1,'阿拉善盟','a la shan meng','als','阿拉善盟','admin',0,_binary '\0','',NULL,'',NULL,1),(2101,21,1,'沈阳','shen yang','shy','沈阳市','admin',0,_binary '\0','',NULL,'',NULL,1),(2102,21,1,'大连','da lian','dal','大连市','admin',0,_binary '\0','',NULL,'',NULL,1),(2103,21,1,'鞍山','an shan','ans','鞍山市','admin',0,_binary '\0','',NULL,'',NULL,1),(2104,21,1,'抚顺','fu shun','fus','抚顺市','admin',0,_binary '\0','',NULL,'',NULL,1),(2105,21,1,'本溪','ben xi','bex','本溪市','admin',0,_binary '\0','',NULL,'',NULL,1),(2106,21,1,'丹东','dan dong','dad','丹东市','admin',0,_binary '\0','',NULL,'',NULL,1),(2107,21,1,'锦州','jin zhou','jiz','锦州市','admin',0,_binary '\0','',NULL,'',NULL,1),(2108,21,1,'营口','ying kou','yik','营口市','admin',0,_binary '\0','',NULL,'',NULL,1),(2109,21,1,'阜新','fu xin','fux','阜新市','admin',0,_binary '\0','',NULL,'',NULL,1),(2110,21,1,'辽阳','liao yang','liy','辽阳市','admin',0,_binary '\0','',NULL,'',NULL,1),(2111,21,1,'盘锦','pan jin','paj','盘锦市','admin',0,_binary '\0','',NULL,'',NULL,1),(2112,21,1,'铁岭','tie ling','til','铁岭市','admin',0,_binary '\0','',NULL,'',NULL,1),(2113,21,1,'朝阳','chao yang','chy','朝阳市','admin',0,_binary '\0','',NULL,'',NULL,1),(2114,21,1,'葫芦岛','hu lu dao','huld','葫芦岛市','admin',0,_binary '\0','',NULL,'',NULL,1),(2201,22,1,'长春','chang chun','chc','长春市','admin',0,_binary '\0','',NULL,'',NULL,1),(2202,22,1,'吉林','ji lin','jil','吉林市','admin',0,_binary '\0','',NULL,'',NULL,1),(2203,22,1,'四平','si ping','sip','四平市','admin',0,_binary '\0','',NULL,'',NULL,1),(2204,22,1,'辽源','liao yuan','liy','辽源市','admin',0,_binary '\0','',NULL,'',NULL,1),(2205,22,1,'通化','tong hua','toh','通化市','admin',0,_binary '\0','',NULL,'',NULL,1),(2206,22,1,'白山','bai shan','bas','白山市','admin',0,_binary '\0','',NULL,'',NULL,1),(2207,22,1,'松原','song yuan','soy','松原市','admin',0,_binary '\0','',NULL,'',NULL,1),(2208,22,1,'白城','bai cheng','bac','白城市','admin',0,_binary '\0','',NULL,'',NULL,1),(2224,22,1,'延边朝鲜族自治州','yan bian chao xian zu zi zhi zhou','yabc','延边朝鲜族自治州','admin',0,_binary '\0','',NULL,'',NULL,1),(2301,23,1,'哈尔滨','ha er bin','haeb','哈尔滨市','admin',0,_binary '\0','',NULL,'',NULL,1),(2302,23,1,'齐齐哈尔','qi qi ha er','qiqh','齐齐哈尔市','admin',0,_binary '\0','',NULL,'',NULL,1),(2303,23,1,'鸡西','ji xi','jix','鸡西市','admin',0,_binary '\0','',NULL,'',NULL,1),(2304,23,1,'鹤岗','he gang','heg','鹤岗市','admin',0,_binary '\0','',NULL,'',NULL,1),(2305,23,1,'双鸭山','shuang ya shan','shys','双鸭山市','admin',0,_binary '\0','',NULL,'',NULL,1),(2306,23,1,'大庆','da qing','daq','大庆市','admin',0,_binary '\0','',NULL,'',NULL,1),(2307,23,1,'伊春','yi chun','yic','伊春市','admin',0,_binary '\0','',NULL,'',NULL,1),(2308,23,1,'佳木斯','jia mu si','jims','佳木斯市','admin',0,_binary '\0','',NULL,'',NULL,1),(2309,23,1,'七台河','qi tai he','qith','七台河市','admin',0,_binary '\0','',NULL,'',NULL,1),(2310,23,1,'牡丹江','mu dan jiang','mudj','牡丹江市','admin',0,_binary '\0','',NULL,'',NULL,1),(2311,23,1,'黑河','hei he','heh','黑河市','admin',0,_binary '\0','',NULL,'',NULL,1),(2312,23,1,'绥化','sui hua','suh','绥化市','admin',0,_binary '\0','',NULL,'',NULL,1),(2327,23,1,'大兴安岭地区','da xing an ling di qu','daxa','大兴安岭地区','admin',0,_binary '\0','',NULL,'',NULL,1),(3101,31,1,'上海','shang hai','shh','市辖区','admin',0,_binary '\0','',NULL,'',NULL,1),(3201,32,1,'南京','nan jing','naj','南京市','admin',0,_binary '\0','',NULL,'',NULL,1),(3202,32,1,'无锡','wu xi','wux','无锡市','admin',0,_binary '\0','',NULL,'',NULL,1),(3203,32,1,'徐州','xu zhou','xuz','徐州市','admin',0,_binary '\0','',NULL,'',NULL,1),(3204,32,1,'常州','chang zhou','chz','常州市','admin',0,_binary '\0','',NULL,'',NULL,1),(3205,32,1,'苏州','su zhou','suz','苏州市','admin',0,_binary '\0','',NULL,'',NULL,1),(3206,32,1,'南通','nan tong','nat','南通市','admin',0,_binary '\0','',NULL,'',NULL,1),(3207,32,1,'连云港','lian yun gang','liyg','连云港市','admin',0,_binary '\0','',NULL,'',NULL,1),(3208,32,1,'淮安','huai an','hua','淮安市','admin',0,_binary '\0','',NULL,'',NULL,1),(3209,32,1,'盐城','yan cheng','yac','盐城市','admin',0,_binary '\0','',NULL,'',NULL,1),(3210,32,1,'扬州','yang zhou','yaz','扬州市','admin',0,_binary '\0','',NULL,'',NULL,1),(3211,32,1,'镇江','zhen jiang','zhj','镇江市','admin',0,_binary '\0','',NULL,'',NULL,1),(3212,32,1,'泰州','tai zhou','taz','泰州市','admin',0,_binary '\0','',NULL,'',NULL,1),(3213,32,1,'宿迁','su qian','suq','宿迁市','admin',0,_binary '\0','',NULL,'',NULL,1),(3301,33,1,'杭州','hang zhou','haz','杭州市','admin',0,_binary '\0','',NULL,'',NULL,1),(3302,33,1,'宁波','ning bo','nib','宁波市','admin',0,_binary '\0','',NULL,'',NULL,1),(3303,33,1,'温州','wen zhou','wez','温州市','admin',0,_binary '\0','',NULL,'',NULL,1),(3304,33,1,'嘉兴','jia xing','jix','嘉兴市','admin',0,_binary '\0','',NULL,'',NULL,1),(3305,33,1,'湖州','hu zhou','huz','湖州市','admin',0,_binary '\0','',NULL,'',NULL,1),(3306,33,1,'绍兴','shao xing','shx','绍兴市','admin',0,_binary '\0','',NULL,'',NULL,1),(3307,33,1,'金华','jin hua','jih','金华市','admin',0,_binary '\0','',NULL,'',NULL,1),(3308,33,1,'衢州','qu zhou','quz','衢州市','admin',0,_binary '\0','',NULL,'',NULL,1),(3309,33,1,'舟山','zhou shan','zhs','舟山市','admin',0,_binary '\0','',NULL,'',NULL,1),(3310,33,1,'台州','tai zhou','taz','台州市','admin',0,_binary '\0','',NULL,'',NULL,1),(3311,33,1,'丽水','li shui','lis','丽水市','admin',0,_binary '\0','',NULL,'',NULL,1),(3401,34,1,'合肥','he fei','hef','合肥市','admin',0,_binary '\0','',NULL,'',NULL,1),(3402,34,1,'芜湖','wu hu','wuh','芜湖市','admin',0,_binary '\0','',NULL,'',NULL,1),(3403,34,1,'蚌埠','beng bu','beb','蚌埠市','admin',0,_binary '\0','',NULL,'',NULL,1),(3404,34,1,'淮南','huai nan','hun','淮南市','admin',0,_binary '\0','',NULL,'',NULL,1),(3405,34,1,'马鞍山','ma an shan','maas','马鞍山市','admin',0,_binary '\0','',NULL,'',NULL,1),(3406,34,1,'淮北','huai bei','hub','淮北市','admin',0,_binary '\0','',NULL,'',NULL,1),(3407,34,1,'铜陵','tong ling','tol','铜陵市','admin',0,_binary '\0','',NULL,'',NULL,1),(3408,34,1,'安庆','an qing','anq','安庆市','admin',0,_binary '\0','',NULL,'',NULL,1),(3410,34,1,'黄山','huang shan','hus','黄山市','admin',0,_binary '\0','',NULL,'',NULL,1),(3411,34,1,'滁州','chu zhou','chz','滁州市','admin',0,_binary '\0','',NULL,'',NULL,1),(3412,34,1,'阜阳','fu yang','fuy','阜阳市','admin',0,_binary '\0','',NULL,'',NULL,1),(3413,34,1,'宿州','su zhou','suz','宿州市','admin',0,_binary '\0','',NULL,'',NULL,1),(3415,34,1,'六安','lu an','lua','六安市','admin',0,_binary '\0','',NULL,'',NULL,1),(3416,34,1,'亳州','bo zhou','boz','亳州市','admin',0,_binary '\0','',NULL,'',NULL,1),(3417,34,1,'池州','chi zhou','chz','池州市','admin',0,_binary '\0','',NULL,'',NULL,1),(3418,34,1,'宣城','xuan cheng','xuc','宣城市','admin',0,_binary '\0','',NULL,'',NULL,1),(3501,35,1,'福州','fu zhou','fuz','福州市','admin',0,_binary '\0','',NULL,'',NULL,1),(3502,35,1,'厦门','xia men','xim','厦门市','admin',0,_binary '\0','',NULL,'',NULL,1),(3503,35,1,'莆田','pu tian','put','莆田市','admin',0,_binary '\0','',NULL,'',NULL,1),(3504,35,1,'三明','san ming','sam','三明市','admin',0,_binary '\0','',NULL,'',NULL,1),(3505,35,1,'泉州','quan zhou','quz','泉州市','admin',0,_binary '\0','',NULL,'',NULL,1),(3506,35,1,'漳州','zhang zhou','zhz','漳州市','admin',0,_binary '\0','',NULL,'',NULL,1),(3507,35,1,'南平','nan ping','nap','南平市','admin',0,_binary '\0','',NULL,'',NULL,1),(3508,35,1,'龙岩','long yan','loy','龙岩市','admin',0,_binary '\0','',NULL,'',NULL,1),(3509,35,1,'宁德','ning de','nid','宁德市','admin',0,_binary '\0','',NULL,'',NULL,1),(3601,36,1,'南昌','nan chang','nac','南昌市','admin',0,_binary '\0','',NULL,'',NULL,1),(3602,36,1,'景德镇','jing de zhen','jidz','景德镇市','admin',0,_binary '\0','',NULL,'',NULL,1),(3603,36,1,'萍乡','ping xiang','pix','萍乡市','admin',0,_binary '\0','',NULL,'',NULL,1),(3604,36,1,'九江','jiu jiang','jij','九江市','admin',0,_binary '\0','',NULL,'',NULL,1),(3605,36,1,'新余','xin yu','xiy','新余市','admin',0,_binary '\0','',NULL,'',NULL,1),(3606,36,1,'鹰潭','ying tan','yit','鹰潭市','admin',0,_binary '\0','',NULL,'',NULL,1),(3607,36,1,'赣州','gan zhou','gaz','赣州市','admin',0,_binary '\0','',NULL,'',NULL,1),(3608,36,1,'吉安','ji an','jia','吉安市','admin',0,_binary '\0','',NULL,'',NULL,1),(3609,36,1,'宜春','yi chun','yic','宜春市','admin',0,_binary '\0','',NULL,'',NULL,1),(3610,36,1,'抚州','fu zhou','fuz','抚州市','admin',0,_binary '\0','',NULL,'',NULL,1),(3611,36,1,'上饶','shang rao','shr','上饶市','admin',0,_binary '\0','',NULL,'',NULL,1),(3701,37,1,'济南','ji nan','jin','济南市','admin',0,_binary '\0','',NULL,'',NULL,1),(3702,37,1,'青岛','qing dao','qid','青岛市','admin',0,_binary '\0','',NULL,'',NULL,1),(3703,37,1,'淄博','zi bo','zib','淄博市','admin',0,_binary '\0','',NULL,'',NULL,1),(3704,37,1,'枣庄','zao zhuang','zaz','枣庄市','admin',0,_binary '\0','',NULL,'',NULL,1),(3705,37,1,'东营','dong ying','doy','东营市','admin',0,_binary '\0','',NULL,'',NULL,1),(3706,37,1,'烟台','yan tai','yat','烟台市','admin',0,_binary '\0','',NULL,'',NULL,1),(3707,37,1,'潍坊','wei fang','wef','潍坊市','admin',0,_binary '\0','',NULL,'',NULL,1),(3708,37,1,'济宁','ji ning','jin','济宁市','admin',0,_binary '\0','',NULL,'',NULL,1),(3709,37,1,'泰安','tai an','taa','泰安市','admin',0,_binary '\0','',NULL,'',NULL,1),(3710,37,1,'威海','wei hai','weh','威海市','admin',0,_binary '\0','',NULL,'',NULL,1),(3711,37,1,'日照','ri zhao','riz','日照市','admin',0,_binary '\0','',NULL,'',NULL,1),(3712,37,1,'莱芜','lai wu','law','莱芜市','admin',0,_binary '\0','',NULL,'',NULL,1),(3713,37,1,'临沂','lin yi','liy','临沂市','admin',0,_binary '\0','',NULL,'',NULL,1),(3714,37,1,'德州','de zhou','dez','德州市','admin',0,_binary '\0','',NULL,'',NULL,1),(3715,37,1,'聊城','liao cheng','lic','聊城市','admin',0,_binary '\0','',NULL,'',NULL,1),(3716,37,1,'滨州','bin zhou','biz','滨州市','admin',0,_binary '\0','',NULL,'',NULL,1),(3717,37,1,'菏泽','he ze','hez','菏泽市','admin',0,_binary '\0','',NULL,'',NULL,1),(4101,41,1,'郑州','zheng zhou','zhz','郑州市','admin',0,_binary '\0','',NULL,'',NULL,1),(4102,41,1,'开封','kai feng','kaf','开封市','admin',0,_binary '\0','',NULL,'',NULL,1),(4103,41,1,'洛阳','luo yang','luy','洛阳市','admin',0,_binary '\0','',NULL,'',NULL,1),(4104,41,1,'平顶山','ping ding shan','pids','平顶山市','admin',0,_binary '\0','',NULL,'',NULL,1),(4105,41,1,'安阳','an yang','any','安阳市','admin',0,_binary '\0','',NULL,'',NULL,1),(4106,41,1,'鹤壁','he bi','heb','鹤壁市','admin',0,_binary '\0','',NULL,'',NULL,1),(4107,41,1,'新乡','xin xiang','xix','新乡市','admin',0,_binary '\0','',NULL,'',NULL,1),(4108,41,1,'焦作','jiao zuo','jiz','焦作市','admin',0,_binary '\0','',NULL,'',NULL,1),(4109,41,1,'濮阳','pu yang','puy','濮阳市','admin',0,_binary '\0','',NULL,'',NULL,1),(4110,41,1,'许昌','xu chang','xuc','许昌市','admin',0,_binary '\0','',NULL,'',NULL,1),(4111,41,1,'漯河','luo he','luh','漯河市','admin',0,_binary '\0','',NULL,'',NULL,1),(4112,41,1,'三门峡','san men xia','samx','三门峡市','admin',0,_binary '\0','',NULL,'',NULL,1),(4113,41,1,'南阳','nan yang','nay','南阳市','admin',0,_binary '\0','',NULL,'',NULL,1),(4114,41,1,'商丘','shang qiu','shq','商丘市','admin',0,_binary '\0','',NULL,'',NULL,1),(4115,41,1,'信阳','xin yang','xiy','信阳市','admin',0,_binary '\0','',NULL,'',NULL,1),(4116,41,1,'周口','zhou kou','zhk','周口市','admin',0,_binary '\0','',NULL,'',NULL,1),(4117,41,1,'驻马店','zhu ma dian','zhmd','驻马店市','admin',0,_binary '\0','',NULL,'',NULL,1),(4190,41,1,'直辖市','zhi xia shi','zhxs','省直辖县级行政区划','admin',0,_binary '\0','',NULL,'',NULL,1),(4201,42,1,'武汉','wu han','wuh','武汉市','admin',0,_binary '\0','',NULL,'',NULL,1),(4202,42,1,'黄石','huang shi','hus','黄石市','admin',0,_binary '\0','',NULL,'',NULL,1),(4203,42,1,'十堰','shi yan','shy','十堰市','admin',0,_binary '\0','',NULL,'',NULL,1),(4205,42,1,'宜昌','yi chang','yic','宜昌市','admin',0,_binary '\0','',NULL,'',NULL,1),(4206,42,1,'襄阳','xiang yang','xiy','襄阳市','admin',0,_binary '\0','',NULL,'',NULL,1),(4207,42,1,'鄂州','e zhou','ez','鄂州市','admin',0,_binary '\0','',NULL,'',NULL,1),(4208,42,1,'荆门','jing men','jim','荆门市','admin',0,_binary '\0','',NULL,'',NULL,1),(4209,42,1,'孝感','xiao gan','xig','孝感市','admin',0,_binary '\0','',NULL,'',NULL,1),(4210,42,1,'荆州','jing zhou','jiz','荆州市','admin',0,_binary '\0','',NULL,'',NULL,1),(4211,42,1,'黄冈','huang gang','hug','黄冈市','admin',0,_binary '\0','',NULL,'',NULL,1),(4212,42,1,'咸宁','xian ning','xin','咸宁市','admin',0,_binary '\0','',NULL,'',NULL,1),(4213,42,1,'随州','sui zhou','suz','随州市','admin',0,_binary '\0','',NULL,'',NULL,1),(4228,42,1,'恩施土家族苗族自治州','en shi tu jia zu miao zu zi zhi zhou','enst','恩施土家族苗族自治州','admin',0,_binary '\0','',NULL,'',NULL,1),(4290,42,1,'直辖市','zhi xia shi','zhxs','省直辖县级行政区划','admin',0,_binary '\0','',NULL,'',NULL,1),(4301,43,1,'长沙','chang sha','chs','长沙市','admin',0,_binary '\0','',NULL,'',NULL,1),(4302,43,1,'株洲','zhu zhou','zhz','株洲市','admin',0,_binary '\0','',NULL,'',NULL,1),(4303,43,1,'湘潭','xiang tan','xit','湘潭市','admin',0,_binary '\0','',NULL,'',NULL,1),(4304,43,1,'衡阳','heng yang','hey','衡阳市','admin',0,_binary '\0','',NULL,'',NULL,1),(4305,43,1,'邵阳','shao yang','shy','邵阳市','admin',0,_binary '\0','',NULL,'',NULL,1),(4306,43,1,'岳阳','yue yang','yuy','岳阳市','admin',0,_binary '\0','',NULL,'',NULL,1),(4307,43,1,'常德','chang de','chd','常德市','admin',0,_binary '\0','',NULL,'',NULL,1),(4308,43,1,'张家界','zhang jia jie','zhjj','张家界市','admin',0,_binary '\0','',NULL,'',NULL,1),(4309,43,1,'益阳','yi yang','yiy','益阳市','admin',0,_binary '\0','',NULL,'',NULL,1),(4310,43,1,'郴州','chen zhou','chz','郴州市','admin',0,_binary '\0','',NULL,'',NULL,1),(4311,43,1,'永州','yong zhou','yoz','永州市','admin',0,_binary '\0','',NULL,'',NULL,1),(4312,43,1,'怀化','huai hua','huh','怀化市','admin',0,_binary '\0','',NULL,'',NULL,1),(4313,43,1,'娄底','lou di','lod','娄底市','admin',0,_binary '\0','',NULL,'',NULL,1),(4331,43,1,'湘西土家族苗族自治州','xiang xi tu jia zu miao zu zi zhi zhou','xixt','湘西土家族苗族自治州','admin',0,_binary '\0','',NULL,'',NULL,1),(4401,44,1,'广州','guang zhou','guz','广州市','admin',0,_binary '\0','',NULL,'',NULL,1),(4402,44,1,'韶关','shao guan','shg','韶关市','admin',0,_binary '\0','',NULL,'',NULL,1),(4403,44,1,'深圳','shen zhen','shz','深圳市','admin',0,_binary '\0','',NULL,'',NULL,1),(4404,44,1,'珠海','zhu hai','zhh','珠海市','admin',0,_binary '\0','',NULL,'',NULL,1),(4405,44,1,'汕头','shan tou','sht','汕头市','admin',0,_binary '\0','',NULL,'',NULL,1),(4406,44,1,'佛山','fo shan','fos','佛山市','admin',0,_binary '\0','',NULL,'',NULL,1),(4407,44,1,'江门','jiang men','jim','江门市','admin',0,_binary '\0','',NULL,'',NULL,1),(4408,44,1,'湛江','zhan jiang','zhj','湛江市','admin',0,_binary '\0','',NULL,'',NULL,1),(4409,44,1,'茂名','mao ming','mam','茂名市','admin',0,_binary '\0','',NULL,'',NULL,1),(4412,44,1,'肇庆','zhao qing','zhq','肇庆市','admin',0,_binary '\0','',NULL,'',NULL,1),(4413,44,1,'惠州','hui zhou','huz','惠州市','admin',0,_binary '\0','',NULL,'',NULL,1),(4414,44,1,'梅州','mei zhou','mez','梅州市','admin',0,_binary '\0','',NULL,'',NULL,1),(4415,44,1,'汕尾','shan wei','shw','汕尾市','admin',0,_binary '\0','',NULL,'',NULL,1),(4416,44,1,'河源','he yuan','hey','河源市','admin',0,_binary '\0','',NULL,'',NULL,1),(4417,44,1,'阳江','yang jiang','yaj','阳江市','admin',0,_binary '\0','',NULL,'',NULL,1),(4418,44,1,'清远','qing yuan','qiy','清远市','admin',0,_binary '\0','',NULL,'',NULL,1),(4419,44,1,'东莞','dong guan','dog','东莞市','admin',0,_binary '\0','',NULL,'',NULL,1),(4420,44,1,'中山','zhong shan','zhs','中山市','admin',0,_binary '\0','',NULL,'',NULL,1),(4451,44,1,'潮州','chao zhou','chz','潮州市','admin',0,_binary '\0','',NULL,'',NULL,1),(4452,44,1,'揭阳','jie yang','jiy','揭阳市','admin',0,_binary '\0','',NULL,'',NULL,1),(4453,44,1,'云浮','yun fu','yuf','云浮市','admin',0,_binary '\0','',NULL,'',NULL,1),(4501,45,1,'南宁','nan ning','nan','南宁市','admin',0,_binary '\0','',NULL,'',NULL,1),(4502,45,1,'柳州','liu zhou','liz','柳州市','admin',0,_binary '\0','',NULL,'',NULL,1),(4503,45,1,'桂林','gui lin','gul','桂林市','admin',0,_binary '\0','',NULL,'',NULL,1),(4504,45,1,'梧州','wu zhou','wuz','梧州市','admin',0,_binary '\0','',NULL,'',NULL,1),(4505,45,1,'北海','bei hai','beh','北海市','admin',0,_binary '\0','',NULL,'',NULL,1),(4506,45,1,'防城港','fang cheng gang','facg','防城港市','admin',0,_binary '\0','',NULL,'',NULL,1),(4507,45,1,'钦州','qin zhou','qiz','钦州市','admin',0,_binary '\0','',NULL,'',NULL,1),(4508,45,1,'贵港','gui gang','gug','贵港市','admin',0,_binary '\0','',NULL,'',NULL,1),(4509,45,1,'玉林','yu lin','yul','玉林市','admin',0,_binary '\0','',NULL,'',NULL,1),(4510,45,1,'百色','bai se','bas','百色市','admin',0,_binary '\0','',NULL,'',NULL,1),(4511,45,1,'贺州','he zhou','hez','贺州市','admin',0,_binary '\0','',NULL,'',NULL,1),(4512,45,1,'河池','he chi','hec','河池市','admin',0,_binary '\0','',NULL,'',NULL,1),(4513,45,1,'来宾','lai bin','lab','来宾市','admin',0,_binary '\0','',NULL,'',NULL,1),(4514,45,1,'崇左','chong zuo','chz','崇左市','admin',0,_binary '\0','',NULL,'',NULL,1),(4601,46,1,'海口','hai kou','hak','海口市','admin',0,_binary '\0','',NULL,'',NULL,1),(4602,46,1,'三亚','san ya','say','三亚市','admin',0,_binary '\0','',NULL,'',NULL,1),(4603,46,1,'三沙','san sha','sas','三沙市','admin',0,_binary '\0','',NULL,'',NULL,1),(4604,46,1,'儋州','dan zhou','daz','儋州市','admin',0,_binary '\0','',NULL,'',NULL,1),(4690,46,1,'直辖市','zhi xia shi','zhxs','省直辖县级行政区划','admin',0,_binary '\0','',NULL,'',NULL,1),(5001,50,1,'重庆','chong qing','chq','市辖区','admin',0,_binary '\0','',NULL,'',NULL,1),(5002,50,1,'县','xian','xi','县','admin',0,_binary '\0','',NULL,'',NULL,1),(5101,51,1,'成都','cheng du','chd','成都市','admin',0,_binary '\0','',NULL,'',NULL,1),(5103,51,1,'自贡','zi gong','zig','自贡市','admin',0,_binary '\0','',NULL,'',NULL,1),(5104,51,1,'攀枝花','pan zhi hua','pazh','攀枝花市','admin',0,_binary '\0','',NULL,'',NULL,1),(5105,51,1,'泸州','lu zhou','luz','泸州市','admin',0,_binary '\0','',NULL,'',NULL,1),(5106,51,1,'德阳','de yang','dey','德阳市','admin',0,_binary '\0','',NULL,'',NULL,1),(5107,51,1,'绵阳','mian yang','miy','绵阳市','admin',0,_binary '\0','',NULL,'',NULL,1),(5108,51,1,'广元','guang yuan','guy','广元市','admin',0,_binary '\0','',NULL,'',NULL,1),(5109,51,1,'遂宁','sui ning','sun','遂宁市','admin',0,_binary '\0','',NULL,'',NULL,1),(5110,51,1,'内江','nei jiang','nej','内江市','admin',0,_binary '\0','',NULL,'',NULL,1),(5111,51,1,'乐山','le shan','les','乐山市','admin',0,_binary '\0','',NULL,'',NULL,1),(5113,51,1,'南充','nan chong','nac','南充市','admin',0,_binary '\0','',NULL,'',NULL,1),(5114,51,1,'眉山','mei shan','mes','眉山市','admin',0,_binary '\0','',NULL,'',NULL,1),(5115,51,1,'宜宾','yi bin','yib','宜宾市','admin',0,_binary '\0','',NULL,'',NULL,1),(5116,51,1,'广安','guang an','gua','广安市','admin',0,_binary '\0','',NULL,'',NULL,1),(5117,51,1,'达州','da zhou','daz','达州市','admin',0,_binary '\0','',NULL,'',NULL,1),(5118,51,1,'雅安','ya an','yaa','雅安市','admin',0,_binary '\0','',NULL,'',NULL,1),(5119,51,1,'巴中','ba zhong','baz','巴中市','admin',0,_binary '\0','',NULL,'',NULL,1),(5120,51,1,'资阳','zi yang','ziy','资阳市','admin',0,_binary '\0','',NULL,'',NULL,1),(5132,51,1,'阿坝藏族羌族自治州','a ba zang zu qiang zu zi zhi zhou','abz','阿坝藏族羌族自治州','admin',0,_binary '\0','',NULL,'',NULL,1),(5133,51,1,'甘孜藏族自治州','gan zi zang zu zi zhi zhou','gazz','甘孜藏族自治州','admin',0,_binary '\0','',NULL,'',NULL,1),(5134,51,1,'凉山彝族自治州','liang shan yi zu zi zhi zhou','lisy','凉山彝族自治州','admin',0,_binary '\0','',NULL,'',NULL,1),(5201,52,1,'贵阳','gui yang','guy','贵阳市','admin',0,_binary '\0','',NULL,'',NULL,1),(5202,52,1,'六盘水','liu pan shui','lips','六盘水市','admin',0,_binary '\0','',NULL,'',NULL,1),(5203,52,1,'遵义','zun yi','zuy','遵义市','admin',0,_binary '\0','',NULL,'',NULL,1),(5204,52,1,'安顺','an shun','ans','安顺市','admin',0,_binary '\0','',NULL,'',NULL,1),(5205,52,1,'毕节','bi jie','bij','毕节市','admin',0,_binary '\0','',NULL,'',NULL,1),(5206,52,1,'铜仁','tong ren','tor','铜仁市','admin',0,_binary '\0','',NULL,'',NULL,1),(5223,52,1,'黔西南布依族苗族自治州','qian xi nan bu yi zu miao zu zi zhi zhou','qixn','黔西南布依族苗族自治州','admin',0,_binary '\0','',NULL,'',NULL,1),(5226,52,1,'黔东南苗族侗族自治州','qian dong nan miao zu dong zu zi zhi zhou','qidn','黔东南苗族侗族自治州','admin',0,_binary '\0','',NULL,'',NULL,1),(5227,52,1,'黔南布依族苗族自治州','qian nan bu yi zu miao zu zi zhi zhou','qinb','黔南布依族苗族自治州','admin',0,_binary '\0','',NULL,'',NULL,1),(5301,53,1,'昆明','kun ming','kum','昆明市','admin',0,_binary '\0','',NULL,'',NULL,1),(5303,53,1,'曲靖','qu jing','quj','曲靖市','admin',0,_binary '\0','',NULL,'',NULL,1),(5304,53,1,'玉溪','yu xi','yux','玉溪市','admin',0,_binary '\0','',NULL,'',NULL,1),(5305,53,1,'保山','bao shan','bas','保山市','admin',0,_binary '\0','',NULL,'',NULL,1),(5306,53,1,'昭通','zhao tong','zht','昭通市','admin',0,_binary '\0','',NULL,'',NULL,1),(5307,53,1,'丽江','li jiang','lij','丽江市','admin',0,_binary '\0','',NULL,'',NULL,1),(5308,53,1,'普洱','pu er','pue','普洱市','admin',0,_binary '\0','',NULL,'',NULL,1),(5309,53,1,'临沧','lin cang','lic','临沧市','admin',0,_binary '\0','',NULL,'',NULL,1),(5323,53,1,'楚雄彝族自治州','chu xiong yi zu zi zhi zhou','chxy','楚雄彝族自治州','admin',0,_binary '\0','',NULL,'',NULL,1),(5325,53,1,'红河哈尼族彝族自治州','hong he ha ni zu yi zu zi zhi zhou','hohh','红河哈尼族彝族自治州','admin',0,_binary '\0','',NULL,'',NULL,1),(5326,53,1,'文山壮族苗族自治州','wen shan zhuang zu miao zu zi zhi zhou','wesz','文山壮族苗族自治州','admin',0,_binary '\0','',NULL,'',NULL,1),(5328,53,1,'西双版纳傣族自治州','xi shuang ban na dai zu zi zhi zhou','xisb','西双版纳傣族自治州','admin',0,_binary '\0','',NULL,'',NULL,1),(5329,53,1,'大理白族自治州','da li bai zu zi zhi zhou','dalb','大理白族自治州','admin',0,_binary '\0','',NULL,'',NULL,1),(5331,53,1,'德宏傣族景颇族自治州','de hong dai zu jing po zu zi zhi zhou','dehd','德宏傣族景颇族自治州','admin',0,_binary '\0','',NULL,'',NULL,1),(5333,53,1,'怒江傈僳族自治州','nu jiang li su zu zi zhi zhou','nujl','怒江傈僳族自治州','admin',0,_binary '\0','',NULL,'',NULL,1),(5334,53,1,'迪庆藏族自治州','di qing zang zu zi zhi zhou','diqz','迪庆藏族自治州','admin',0,_binary '\0','',NULL,'',NULL,1),(5401,54,1,'拉萨','la sa','las','拉萨市','admin',0,_binary '\0','',NULL,'',NULL,1),(5402,54,1,'日喀则','ri ka ze','rikz','日喀则市','admin',0,_binary '\0','',NULL,'',NULL,1),(5403,54,1,'昌都','chang du','chd','昌都市','admin',0,_binary '\0','',NULL,'',NULL,1),(5404,54,1,'林芝','lin zhi','liz','林芝市','admin',0,_binary '\0','',NULL,'',NULL,1),(5405,54,1,'山南','shan nan','shn','山南市','admin',0,_binary '\0','',NULL,'',NULL,1),(5424,54,1,'那曲地区','na qu di qu','naqd','那曲地区','admin',0,_binary '\0','',NULL,'',NULL,1),(5425,54,1,'阿里地区','a li di qu','ald','阿里地区','admin',0,_binary '\0','',NULL,'',NULL,1),(6101,61,1,'西安','xi an','xia','西安市','admin',0,_binary '\0','',NULL,'',NULL,1),(6102,61,1,'铜川','tong chuan','toc','铜川市','admin',0,_binary '\0','',NULL,'',NULL,1),(6103,61,1,'宝鸡','bao ji','baj','宝鸡市','admin',0,_binary '\0','',NULL,'',NULL,1),(6104,61,1,'咸阳','xian yang','xiy','咸阳市','admin',0,_binary '\0','',NULL,'',NULL,1),(6105,61,1,'渭南','wei nan','wen','渭南市','admin',0,_binary '\0','',NULL,'',NULL,1),(6106,61,1,'延安','yan an','yaa','延安市','admin',0,_binary '\0','',NULL,'',NULL,1),(6107,61,1,'汉中','han zhong','haz','汉中市','admin',0,_binary '\0','',NULL,'',NULL,1),(6108,61,1,'榆林','yu lin','yul','榆林市','admin',0,_binary '\0','',NULL,'',NULL,1),(6109,61,1,'安康','an kang','ank','安康市','admin',0,_binary '\0','',NULL,'',NULL,1),(6110,61,1,'商洛','shang luo','shl','商洛市','admin',0,_binary '\0','',NULL,'',NULL,1),(6201,62,1,'兰州','lan zhou','laz','兰州市','admin',0,_binary '\0','',NULL,'',NULL,1),(6202,62,1,'嘉峪关','jia yu guan','jiyg','嘉峪关市','admin',0,_binary '\0','',NULL,'',NULL,1),(6203,62,1,'金昌','jin chang','jic','金昌市','admin',0,_binary '\0','',NULL,'',NULL,1),(6204,62,1,'白银','bai yin','bay','白银市','admin',0,_binary '\0','',NULL,'',NULL,1),(6205,62,1,'天水','tian shui','tis','天水市','admin',0,_binary '\0','',NULL,'',NULL,1),(6206,62,1,'武威','wu wei','wuw','武威市','admin',0,_binary '\0','',NULL,'',NULL,1),(6207,62,1,'张掖','zhang ye','zhy','张掖市','admin',0,_binary '\0','',NULL,'',NULL,1),(6208,62,1,'平凉','ping liang','pil','平凉市','admin',0,_binary '\0','',NULL,'',NULL,1),(6209,62,1,'酒泉','jiu quan','jiq','酒泉市','admin',0,_binary '\0','',NULL,'',NULL,1),(6210,62,1,'庆阳','qing yang','qiy','庆阳市','admin',0,_binary '\0','',NULL,'',NULL,1),(6211,62,1,'定西','ding xi','dix','定西市','admin',0,_binary '\0','',NULL,'',NULL,1),(6212,62,1,'陇南','long nan','lon','陇南市','admin',0,_binary '\0','',NULL,'',NULL,1),(6229,62,1,'临夏回族自治州','lin xia hui zu zi zhi zhou','lixh','临夏回族自治州','admin',0,_binary '\0','',NULL,'',NULL,1),(6230,62,1,'甘南藏族自治州','gan nan zang zu zi zhi zhou','ganz','甘南藏族自治州','admin',0,_binary '\0','',NULL,'',NULL,1),(6301,63,1,'西宁','xi ning','xin','西宁市','admin',0,_binary '\0','',NULL,'',NULL,1),(6302,63,1,'海东','hai dong','had','海东市','admin',0,_binary '\0','',NULL,'',NULL,1),(6322,63,1,'海北藏族自治州','hai bei zang zu zi zhi zhou','habz','海北藏族自治州','admin',0,_binary '\0','',NULL,'',NULL,1),(6323,63,1,'黄南藏族自治州','huang nan zang zu zi zhi zhou','hunz','黄南藏族自治州','admin',0,_binary '\0','',NULL,'',NULL,1),(6325,63,1,'海南藏族自治州','hai nan zang zu zi zhi zhou','hanz','海南藏族自治州','admin',0,_binary '\0','',NULL,'',NULL,1),(6326,63,1,'果洛藏族自治州','guo luo zang zu zi zhi zhou','gulz','果洛藏族自治州','admin',0,_binary '\0','',NULL,'',NULL,1),(6327,63,1,'玉树藏族自治州','yu shu zang zu zi zhi zhou','yusz','玉树藏族自治州','admin',0,_binary '\0','',NULL,'',NULL,1),(6328,63,1,'海西蒙古族藏族自治州','hai xi meng gu zu zang zu zi zhi zhou','haxm','海西蒙古族藏族自治州','admin',0,_binary '\0','',NULL,'',NULL,1),(6401,64,1,'银川','yin chuan','yic','银川市','admin',0,_binary '\0','',NULL,'',NULL,1),(6402,64,1,'石嘴山','shi zui shan','shzs','石嘴山市','admin',0,_binary '\0','',NULL,'',NULL,1),(6403,64,1,'吴忠','wu zhong','wuz','吴忠市','admin',0,_binary '\0','',NULL,'',NULL,1),(6404,64,1,'固原','gu yuan','guy','固原市','admin',0,_binary '\0','',NULL,'',NULL,1),(6405,64,1,'中卫','zhong wei','zhw','中卫市','admin',0,_binary '\0','',NULL,'',NULL,1),(6501,65,1,'乌鲁木齐','wu lu mu qi','wulm','乌鲁木齐市','admin',0,_binary '\0','',NULL,'',NULL,1),(6502,65,1,'克拉玛依','ke la ma yi','kelm','克拉玛依市','admin',0,_binary '\0','',NULL,'',NULL,1),(6504,65,1,'吐鲁番','tu lu fan','tulf','吐鲁番市','admin',0,_binary '\0','',NULL,'',NULL,1),(6505,65,1,'哈密','ha mi','ham','哈密市','admin',0,_binary '\0','',NULL,'',NULL,1),(6523,65,1,'昌吉回族自治州','chang ji hui zu zi zhi zhou','chjh','昌吉回族自治州','admin',0,_binary '\0','',NULL,'',NULL,1),(6527,65,1,'博尔塔拉蒙古自治州','bo er ta la meng gu zi zhi zhou','boet','博尔塔拉蒙古自治州','admin',0,_binary '\0','',NULL,'',NULL,1),(6528,65,1,'巴音郭楞蒙古自治州','ba yin guo leng meng gu zi zhi zhou','bayg','巴音郭楞蒙古自治州','admin',0,_binary '\0','',NULL,'',NULL,1),(6529,65,1,'阿克苏地区','a ke su di qu','aks','阿克苏地区','admin',0,_binary '\0','',NULL,'',NULL,1),(6530,65,1,'克孜勒苏柯尔克孜自治州','ke zi le su ke er ke zi zi zhi zhou','kezl','克孜勒苏柯尔克孜自治州','admin',0,_binary '\0','',NULL,'',NULL,1),(6531,65,1,'喀什地区','ka shi di qu','kasd','喀什地区','admin',0,_binary '\0','',NULL,'',NULL,1),(6532,65,1,'和田地区','he tian di qu','hetd','和田地区','admin',0,_binary '\0','',NULL,'',NULL,1),(6540,65,1,'伊犁哈萨克自治州','yi li ha sa ke zi zhi zhou','yilh','伊犁哈萨克自治州','admin',0,_binary '\0','',NULL,'',NULL,1),(6542,65,1,'塔城地区','ta cheng di qu','tacd','塔城地区','admin',0,_binary '\0','',NULL,'',NULL,1),(6543,65,1,'阿勒泰地区','a le tai di qu','alt','阿勒泰地区','admin',0,_binary '\0','',NULL,'',NULL,1),(6590,65,1,'直辖市','zhi xia shi','zhxs','自治区直辖县级行政区划','admin',0,_binary '\0','',NULL,'',NULL,1),(9001,90,1,'香港','xiang gang','xig','','admin',0,_binary '\0','',NULL,'',NULL,1),(9002,90,1,'澳门','ao men','aom','','admin',0,_binary '\0','',NULL,'',NULL,1),(9003,90,1,'台湾','tai wan','taw','','admin',0,_binary '\0','',NULL,'',NULL,1),(9101,91,1,'海外','hai wai','haw','','admin',0,_binary '\0','',NULL,'',NULL,1),(110101,1101,2,'东城','dong cheng','doc','东城区','admin',0,_binary '\0','',NULL,'',NULL,1),(110102,1101,2,'西城','xi cheng','xic','西城区','admin',0,_binary '\0','',NULL,'',NULL,1),(110105,1101,2,'朝阳','chao yang','chy','朝阳区','admin',0,_binary '\0','',NULL,'',NULL,1),(110106,1101,2,'丰台','feng tai','fet','丰台区','admin',0,_binary '\0','',NULL,'',NULL,1),(110107,1101,2,'石景山','shi jing shan','shjs','石景山区','admin',0,_binary '\0','',NULL,'',NULL,1),(110108,1101,2,'海淀','hai dian','had','海淀区','admin',0,_binary '\0','',NULL,'',NULL,1),(110109,1101,2,'门头沟','men tou gou','metg','门头沟区','admin',0,_binary '\0','',NULL,'',NULL,1),(110111,1101,2,'房山','fang shan','fas','房山区','admin',0,_binary '\0','',NULL,'',NULL,1),(110112,1101,2,'通州','tong zhou','toz','通州区','admin',0,_binary '\0','',NULL,'',NULL,1),(110113,1101,2,'顺义','shun yi','shy','顺义区','admin',0,_binary '\0','',NULL,'',NULL,1),(110114,1101,2,'昌平','chang ping','chp','昌平区','admin',0,_binary '\0','',NULL,'',NULL,1),(110115,1101,2,'大兴','da xing','dax','大兴区','admin',0,_binary '\0','',NULL,'',NULL,1),(110116,1101,2,'怀柔','huai rou','hur','怀柔区','admin',0,_binary '\0','',NULL,'',NULL,1),(110117,1101,2,'平谷','ping gu','pig','平谷区','admin',0,_binary '\0','',NULL,'',NULL,1),(110118,1101,2,'密云','mi yun','miy','密云区','admin',0,_binary '\0','',NULL,'',NULL,1),(110119,1101,2,'延庆','yan qing','yaq','延庆区','admin',0,_binary '\0','',NULL,'',NULL,1),(120101,1201,2,'和平','he ping','hep','和平区','admin',0,_binary '\0','',NULL,'',NULL,1),(120102,1201,2,'河东','he dong','hed','河东区','admin',0,_binary '\0','',NULL,'',NULL,1),(120103,1201,2,'河西','he xi','hex','河西区','admin',0,_binary '\0','',NULL,'',NULL,1),(120104,1201,2,'南开','nan kai','nak','南开区','admin',0,_binary '\0','',NULL,'',NULL,1),(120105,1201,2,'河北','he bei','heb','河北区','admin',0,_binary '\0','',NULL,'',NULL,1),(120106,1201,2,'红桥','hong qiao','hoq','红桥区','admin',0,_binary '\0','',NULL,'',NULL,1),(120110,1201,2,'东丽','dong li','dol','东丽区','admin',0,_binary '\0','',NULL,'',NULL,1),(120111,1201,2,'西青','xi qing','xiq','西青区','admin',0,_binary '\0','',NULL,'',NULL,1),(120112,1201,2,'津南','jin nan','jin','津南区','admin',0,_binary '\0','',NULL,'',NULL,1),(120113,1201,2,'北辰','bei chen','bec','北辰区','admin',0,_binary '\0','',NULL,'',NULL,1),(120114,1201,2,'武清','wu qing','wuq','武清区','admin',0,_binary '\0','',NULL,'',NULL,1),(120115,1201,2,'宝坻','bao di','bad','宝坻区','admin',0,_binary '\0','',NULL,'',NULL,1),(120116,1201,2,'滨海新区','bin hai xin qu','bihx','滨海新区','admin',0,_binary '\0','',NULL,'',NULL,1),(120117,1201,2,'宁河','ning he','nih','宁河区','admin',0,_binary '\0','',NULL,'',NULL,1),(120118,1201,2,'静海','jing hai','jih','静海区','admin',0,_binary '\0','',NULL,'',NULL,1),(120119,1201,2,'蓟州','ji zhou','jiz','蓟州区','admin',0,_binary '\0','',NULL,'',NULL,1),(130102,1301,2,'长安','chang an','cha','长安区','admin',0,_binary '\0','',NULL,'',NULL,1),(130104,1301,2,'桥西','qiao xi','qix','桥西区','admin',0,_binary '\0','',NULL,'',NULL,1),(130105,1301,2,'新华','xin hua','xih','新华区','admin',0,_binary '\0','',NULL,'',NULL,1),(130107,1301,2,'井陉矿区','jing xing kuang qu','jixk','井陉矿区','admin',0,_binary '\0','',NULL,'',NULL,1),(130108,1301,2,'裕华','yu hua','yuh','裕华区','admin',0,_binary '\0','',NULL,'',NULL,1),(130109,1301,2,'藁城','gao cheng','gac','藁城区','admin',0,_binary '\0','',NULL,'',NULL,1),(130110,1301,2,'鹿泉','lu quan','luq','鹿泉区','admin',0,_binary '\0','',NULL,'',NULL,1),(130111,1301,2,'栾城','luan cheng','luc','栾城区','admin',0,_binary '\0','',NULL,'',NULL,1),(130121,1301,2,'井陉','jing xing','jix','井陉县','admin',0,_binary '\0','',NULL,'',NULL,1),(130123,1301,2,'正定','zheng ding','zhd','正定县','admin',0,_binary '\0','',NULL,'',NULL,1),(130125,1301,2,'行唐','xing tang','xit','行唐县','admin',0,_binary '\0','',NULL,'',NULL,1),(130126,1301,2,'灵寿','ling shou','lis','灵寿县','admin',0,_binary '\0','',NULL,'',NULL,1),(130127,1301,2,'高邑','gao yi','gay','高邑县','admin',0,_binary '\0','',NULL,'',NULL,1),(130128,1301,2,'深泽','shen ze','shz','深泽县','admin',0,_binary '\0','',NULL,'',NULL,1),(130129,1301,2,'赞皇','zan huang','zah','赞皇县','admin',0,_binary '\0','',NULL,'',NULL,1),(130130,1301,2,'无极','wu ji','wuj','无极县','admin',0,_binary '\0','',NULL,'',NULL,1),(130131,1301,2,'平山','ping shan','pis','平山县','admin',0,_binary '\0','',NULL,'',NULL,1),(130132,1301,2,'元氏','yuan shi','yus','元氏县','admin',0,_binary '\0','',NULL,'',NULL,1),(130133,1301,2,'赵县','zhao xian','zhx','赵县','admin',0,_binary '\0','',NULL,'',NULL,1),(130171,1301,2,'石家庄高新技术产业开发区','shi jia zhuang gao xin ji shu chan ye kai fa qu','shjz','石家庄高新技术产业开发区','admin',0,_binary '\0','',NULL,'',NULL,1),(130172,1301,2,'石家庄循环化工园','shi jia zhuang xun huan hua gong yuan','shjz','石家庄循环化工园区','admin',0,_binary '\0','',NULL,'',NULL,1),(130181,1301,2,'辛集','xin ji','xij','辛集市','admin',0,_binary '\0','',NULL,'',NULL,1),(130183,1301,2,'晋州','jin zhou','jiz','晋州市','admin',0,_binary '\0','',NULL,'',NULL,1),(130184,1301,2,'新乐','xin le','xil','新乐市','admin',0,_binary '\0','',NULL,'',NULL,1),(130202,1302,2,'路南','lu nan','lun','路南区','admin',0,_binary '\0','',NULL,'',NULL,1),(130203,1302,2,'路北','lu bei','lub','路北区','admin',0,_binary '\0','',NULL,'',NULL,1),(130204,1302,2,'古冶','gu ye','guy','古冶区','admin',0,_binary '\0','',NULL,'',NULL,1),(130205,1302,2,'开平','kai ping','kap','开平区','admin',0,_binary '\0','',NULL,'',NULL,1),(130207,1302,2,'丰南','feng nan','fen','丰南区','admin',0,_binary '\0','',NULL,'',NULL,1),(130208,1302,2,'丰润','feng run','fer','丰润区','admin',0,_binary '\0','',NULL,'',NULL,1),(130209,1302,2,'曹妃甸','cao fei dian','cafd','曹妃甸区','admin',0,_binary '\0','',NULL,'',NULL,1),(130223,1302,2,'滦县','luan xian','lux','滦县','admin',0,_binary '\0','',NULL,'',NULL,1),(130224,1302,2,'滦南','luan nan','lun','滦南县','admin',0,_binary '\0','',NULL,'',NULL,1),(130225,1302,2,'乐亭','le ting','let','乐亭县','admin',0,_binary '\0','',NULL,'',NULL,1),(130227,1302,2,'迁西','qian xi','qix','迁西县','admin',0,_binary '\0','',NULL,'',NULL,1),(130229,1302,2,'玉田','yu tian','yut','玉田县','admin',0,_binary '\0','',NULL,'',NULL,1),(130271,1302,2,'唐山市芦台经济技术开发区','tang shan shi lu tai jing ji ji shu kai fa qu','tass','唐山市芦台经济技术开发区','admin',0,_binary '\0','',NULL,'',NULL,1),(130272,1302,2,'唐山市汉沽管理区','tang shan shi han gu guan li qu','tass','唐山市汉沽管理区','admin',0,_binary '\0','',NULL,'',NULL,1),(130273,1302,2,'唐山高新技术产业开发区','tang shan gao xin ji shu chan ye kai fa qu','tasg','唐山高新技术产业开发区','admin',0,_binary '\0','',NULL,'',NULL,1),(130274,1302,2,'河北唐山海港经济开发区','he bei tang shan hai gang jing ji kai fa qu','hebt','河北唐山海港经济开发区','admin',0,_binary '\0','',NULL,'',NULL,1),(130281,1302,2,'遵化','zun hua','zuh','遵化市','admin',0,_binary '\0','',NULL,'',NULL,1),(130283,1302,2,'迁安','qian an','qia','迁安市','admin',0,_binary '\0','',NULL,'',NULL,1),(130302,1303,2,'海港','hai gang','hag','海港区','admin',0,_binary '\0','',NULL,'',NULL,1),(130303,1303,2,'山海关','shan hai guan','shhg','山海关区','admin',0,_binary '\0','',NULL,'',NULL,1),(130304,1303,2,'北戴河','bei dai he','bedh','北戴河区','admin',0,_binary '\0','',NULL,'',NULL,1),(130306,1303,2,'抚宁','fu ning','fun','抚宁区','admin',0,_binary '\0','',NULL,'',NULL,1),(130321,1303,2,'青龙满族自治县','qing long man zu zi zhi xian','qilm','青龙满族自治县','admin',0,_binary '\0','',NULL,'',NULL,1),(130322,1303,2,'昌黎','chang li','chl','昌黎县','admin',0,_binary '\0','',NULL,'',NULL,1),(130324,1303,2,'卢龙','lu long','lul','卢龙县','admin',0,_binary '\0','',NULL,'',NULL,1),(130371,1303,2,'秦皇岛市经济技术开发区','qin huang dao shi jing ji ji shu kai fa qu','qihd','秦皇岛市经济技术开发区','admin',0,_binary '\0','',NULL,'',NULL,1),(130372,1303,2,'北戴河新区','bei dai he xin qu','bedh','北戴河新区','admin',0,_binary '\0','',NULL,'',NULL,1),(130402,1304,2,'邯山','han shan','has','邯山区','admin',0,_binary '\0','',NULL,'',NULL,1),(130403,1304,2,'丛台','cong tai','cot','丛台区','admin',0,_binary '\0','',NULL,'',NULL,1),(130404,1304,2,'复兴','fu xing','fux','复兴区','admin',0,_binary '\0','',NULL,'',NULL,1),(130406,1304,2,'峰峰矿区','feng feng kuang qu','fefk','峰峰矿区','admin',0,_binary '\0','',NULL,'',NULL,1),(130407,1304,2,'肥乡','fei xiang','fex','肥乡区','admin',0,_binary '\0','',NULL,'',NULL,1),(130408,1304,2,'永年','yong nian','yon','永年区','admin',0,_binary '\0','',NULL,'',NULL,1),(130423,1304,2,'临漳','lin zhang','liz','临漳县','admin',0,_binary '\0','',NULL,'',NULL,1),(130424,1304,2,'成安','cheng an','cha','成安县','admin',0,_binary '\0','',NULL,'',NULL,1),(130425,1304,2,'大名','da ming','dam','大名县','admin',0,_binary '\0','',NULL,'',NULL,1),(130426,1304,2,'涉县','she xian','shx','涉县','admin',0,_binary '\0','',NULL,'',NULL,1),(130427,1304,2,'磁县','ci xian','cix','磁县','admin',0,_binary '\0','',NULL,'',NULL,1),(130430,1304,2,'邱县','qiu xian','qix','邱县','admin',0,_binary '\0','',NULL,'',NULL,1),(130431,1304,2,'鸡泽','ji ze','jiz','鸡泽县','admin',0,_binary '\0','',NULL,'',NULL,1),(130432,1304,2,'广平','guang ping','gup','广平县','admin',0,_binary '\0','',NULL,'',NULL,1),(130433,1304,2,'馆陶','guan tao','gut','馆陶县','admin',0,_binary '\0','',NULL,'',NULL,1),(130434,1304,2,'魏县','wei xian','wex','魏县','admin',0,_binary '\0','',NULL,'',NULL,1),(130435,1304,2,'曲周','qu zhou','quz','曲周县','admin',0,_binary '\0','',NULL,'',NULL,1),(130471,1304,2,'邯郸经济技术开发区','han dan jing ji ji shu kai fa qu','hadj','邯郸经济技术开发区','admin',0,_binary '\0','',NULL,'',NULL,1),(130473,1304,2,'邯郸冀南新区','han dan ji nan xin qu','hadj','邯郸冀南新区','admin',0,_binary '\0','',NULL,'',NULL,1),(130481,1304,2,'武安','wu an','wua','武安市','admin',0,_binary '\0','',NULL,'',NULL,1),(130502,1305,2,'桥东','qiao dong','qid','桥东区','admin',0,_binary '\0','',NULL,'',NULL,1),(130503,1305,2,'桥西','qiao xi','qix','桥西区','admin',0,_binary '\0','',NULL,'',NULL,1),(130521,1305,2,'邢台','xing tai','xit','邢台县','admin',0,_binary '\0','',NULL,'',NULL,1),(130522,1305,2,'临城','lin cheng','lic','临城县','admin',0,_binary '\0','',NULL,'',NULL,1),(130523,1305,2,'内丘','nei qiu','neq','内丘县','admin',0,_binary '\0','',NULL,'',NULL,1),(130524,1305,2,'柏乡','bai xiang','bax','柏乡县','admin',0,_binary '\0','',NULL,'',NULL,1),(130525,1305,2,'隆尧','long yao','loy','隆尧县','admin',0,_binary '\0','',NULL,'',NULL,1),(130526,1305,2,'任县','ren xian','rex','任县','admin',0,_binary '\0','',NULL,'',NULL,1),(130527,1305,2,'南和','nan he','nah','南和县','admin',0,_binary '\0','',NULL,'',NULL,1),(130528,1305,2,'宁晋','ning jin','nij','宁晋县','admin',0,_binary '\0','',NULL,'',NULL,1),(130529,1305,2,'巨鹿','ju lu','jul','巨鹿县','admin',0,_binary '\0','',NULL,'',NULL,1),(130530,1305,2,'新河','xin he','xih','新河县','admin',0,_binary '\0','',NULL,'',NULL,1),(130531,1305,2,'广宗','guang zong','guz','广宗县','admin',0,_binary '\0','',NULL,'',NULL,1),(130532,1305,2,'平乡','ping xiang','pix','平乡县','admin',0,_binary '\0','',NULL,'',NULL,1),(130533,1305,2,'威县','wei xian','wex','威县','admin',0,_binary '\0','',NULL,'',NULL,1),(130534,1305,2,'清河','qing he','qih','清河县','admin',0,_binary '\0','',NULL,'',NULL,1),(130535,1305,2,'临西','lin xi','lix','临西县','admin',0,_binary '\0','',NULL,'',NULL,1),(130571,1305,2,'河北邢台经济开发区','he bei xing tai jing ji kai fa qu','hebx','河北邢台经济开发区','admin',0,_binary '\0','',NULL,'',NULL,1),(130581,1305,2,'南宫','nan gong','nag','南宫市','admin',0,_binary '\0','',NULL,'',NULL,1),(130582,1305,2,'沙河','sha he','shh','沙河市','admin',0,_binary '\0','',NULL,'',NULL,1),(130602,1306,2,'竞秀','jing xiu','jix','竞秀区','admin',0,_binary '\0','',NULL,'',NULL,1),(130606,1306,2,'莲池','lian chi','lic','莲池区','admin',0,_binary '\0','',NULL,'',NULL,1),(130607,1306,2,'满城','man cheng','mac','满城区','admin',0,_binary '\0','',NULL,'',NULL,1),(130608,1306,2,'清苑','qing yuan','qiy','清苑区','admin',0,_binary '\0','',NULL,'',NULL,1),(130609,1306,2,'徐水','xu shui','xus','徐水区','admin',0,_binary '\0','',NULL,'',NULL,1),(130623,1306,2,'涞水','lai shui','las','涞水县','admin',0,_binary '\0','',NULL,'',NULL,1),(130624,1306,2,'阜平','fu ping','fup','阜平县','admin',0,_binary '\0','',NULL,'',NULL,1),(130626,1306,2,'定兴','ding xing','dix','定兴县','admin',0,_binary '\0','',NULL,'',NULL,1),(130627,1306,2,'唐县','tang xian','tax','唐县','admin',0,_binary '\0','',NULL,'',NULL,1),(130628,1306,2,'高阳','gao yang','gay','高阳县','admin',0,_binary '\0','',NULL,'',NULL,1),(130629,1306,2,'容城','rong cheng','roc','容城县','admin',0,_binary '\0','',NULL,'',NULL,1),(130630,1306,2,'涞源','lai yuan','lay','涞源县','admin',0,_binary '\0','',NULL,'',NULL,1),(130631,1306,2,'望都','wang du','wad','望都县','admin',0,_binary '\0','',NULL,'',NULL,1),(130632,1306,2,'安新','an xin','anx','安新县','admin',0,_binary '\0','',NULL,'',NULL,1),(130633,1306,2,'易县','yi xian','yix','易县','admin',0,_binary '\0','',NULL,'',NULL,1),(130634,1306,2,'曲阳','qu yang','quy','曲阳县','admin',0,_binary '\0','',NULL,'',NULL,1),(130635,1306,2,'蠡县','li xian','lix','蠡县','admin',0,_binary '\0','',NULL,'',NULL,1),(130636,1306,2,'顺平','shun ping','shp','顺平县','admin',0,_binary '\0','',NULL,'',NULL,1),(130637,1306,2,'博野','bo ye','boy','博野县','admin',0,_binary '\0','',NULL,'',NULL,1),(130638,1306,2,'雄县','xiong xian','xix','雄县','admin',0,_binary '\0','',NULL,'',NULL,1),(130671,1306,2,'保定高新技术产业开发区','bao ding gao xin ji shu chan ye kai fa qu','badg','保定高新技术产业开发区','admin',0,_binary '\0','',NULL,'',NULL,1),(130672,1306,2,'保定白沟新城','bao ding bai gou xin cheng','badb','保定白沟新城','admin',0,_binary '\0','',NULL,'',NULL,1),(130681,1306,2,'涿州','zhuo zhou','zhz','涿州市','admin',0,_binary '\0','',NULL,'',NULL,1),(130682,1306,2,'定州','ding zhou','diz','定州市','admin',0,_binary '\0','',NULL,'',NULL,1),(130683,1306,2,'安国','an guo','ang','安国市','admin',0,_binary '\0','',NULL,'',NULL,1),(130684,1306,2,'高碑店','gao bei dian','gabd','高碑店市','admin',0,_binary '\0','',NULL,'',NULL,1),(130702,1307,2,'桥东','qiao dong','qid','桥东区','admin',0,_binary '\0','',NULL,'',NULL,1),(130703,1307,2,'桥西','qiao xi','qix','桥西区','admin',0,_binary '\0','',NULL,'',NULL,1),(130705,1307,2,'宣化','xuan hua','xuh','宣化区','admin',0,_binary '\0','',NULL,'',NULL,1),(130706,1307,2,'下花园','xia hua yuan','xihy','下花园区','admin',0,_binary '\0','',NULL,'',NULL,1),(130708,1307,2,'万全','wan quan','waq','万全区','admin',0,_binary '\0','',NULL,'',NULL,1),(130709,1307,2,'崇礼','chong li','chl','崇礼区','admin',0,_binary '\0','',NULL,'',NULL,1),(130722,1307,2,'张北','zhang bei','zhb','张北县','admin',0,_binary '\0','',NULL,'',NULL,1),(130723,1307,2,'康保','kang bao','kab','康保县','admin',0,_binary '\0','',NULL,'',NULL,1),(130724,1307,2,'沽源','gu yuan','guy','沽源县','admin',0,_binary '\0','',NULL,'',NULL,1),(130725,1307,2,'尚义','shang yi','shy','尚义县','admin',0,_binary '\0','',NULL,'',NULL,1),(130726,1307,2,'蔚县','yu xian','yux','蔚县','admin',0,_binary '\0','',NULL,'',NULL,1),(130727,1307,2,'阳原','yang yuan','yay','阳原县','admin',0,_binary '\0','',NULL,'',NULL,1),(130728,1307,2,'怀安','huai an','hua','怀安县','admin',0,_binary '\0','',NULL,'',NULL,1),(130730,1307,2,'怀来','huai lai','hul','怀来县','admin',0,_binary '\0','',NULL,'',NULL,1),(130731,1307,2,'涿鹿','zhuo lu','zhl','涿鹿县','admin',0,_binary '\0','',NULL,'',NULL,1),(130732,1307,2,'赤城','chi cheng','chc','赤城县','admin',0,_binary '\0','',NULL,'',NULL,1),(130771,1307,2,'张家口市高新技术产业开发区','zhang jia kou shi gao xin ji shu chan ye kai fa qu','zhjk','张家口市高新技术产业开发区','admin',0,_binary '\0','',NULL,'',NULL,1),(130772,1307,2,'张家口市察北管理区','zhang jia kou shi cha bei guan li qu','zhjk','张家口市察北管理区','admin',0,_binary '\0','',NULL,'',NULL,1),(130773,1307,2,'张家口市塞北管理区','zhang jia kou shi sai bei guan li qu','zhjk','张家口市塞北管理区','admin',0,_binary '\0','',NULL,'',NULL,1),(130802,1308,2,'双桥','shuang qiao','shq','双桥区','admin',0,_binary '\0','',NULL,'',NULL,1),(130803,1308,2,'双滦','shuang luan','shl','双滦区','admin',0,_binary '\0','',NULL,'',NULL,1),(130804,1308,2,'鹰手营子矿区','ying shou ying zi kuang qu','yisy','鹰手营子矿区','admin',0,_binary '\0','',NULL,'',NULL,1),(130821,1308,2,'承德','cheng de','chd','承德县','admin',0,_binary '\0','',NULL,'',NULL,1),(130822,1308,2,'兴隆','xing long','xil','兴隆县','admin',0,_binary '\0','',NULL,'',NULL,1),(130824,1308,2,'滦平','luan ping','lup','滦平县','admin',0,_binary '\0','',NULL,'',NULL,1),(130825,1308,2,'隆化','long hua','loh','隆化县','admin',0,_binary '\0','',NULL,'',NULL,1),(130826,1308,2,'丰宁满族自治县','feng ning man zu zi zhi xian','fenm','丰宁满族自治县','admin',0,_binary '\0','',NULL,'',NULL,1),(130827,1308,2,'宽城满族自治县','kuan cheng man zu zi zhi xian','kucm','宽城满族自治县','admin',0,_binary '\0','',NULL,'',NULL,1),(130828,1308,2,'围场满族蒙古族自治县','wei chang man zu meng gu zu zi zhi xian','wecm','围场满族蒙古族自治县','admin',0,_binary '\0','',NULL,'',NULL,1),(130871,1308,2,'承德高新技术产业开发区','cheng de gao xin ji shu chan ye kai fa qu','chdg','承德高新技术产业开发区','admin',0,_binary '\0','',NULL,'',NULL,1),(130881,1308,2,'平泉','ping quan','piq','平泉市','admin',0,_binary '\0','',NULL,'',NULL,1),(130902,1309,2,'新华','xin hua','xih','新华区','admin',0,_binary '\0','',NULL,'',NULL,1),(130903,1309,2,'运河','yun he','yuh','运河区','admin',0,_binary '\0','',NULL,'',NULL,1),(130921,1309,2,'沧县','cang xian','cax','沧县','admin',0,_binary '\0','',NULL,'',NULL,1),(130922,1309,2,'青县','qing xian','qix','青县','admin',0,_binary '\0','',NULL,'',NULL,1),(130923,1309,2,'东光','dong guang','dog','东光县','admin',0,_binary '\0','',NULL,'',NULL,1),(130924,1309,2,'海兴','hai xing','hax','海兴县','admin',0,_binary '\0','',NULL,'',NULL,1),(130925,1309,2,'盐山','yan shan','yas','盐山县','admin',0,_binary '\0','',NULL,'',NULL,1),(130926,1309,2,'肃宁','su ning','sun','肃宁县','admin',0,_binary '\0','',NULL,'',NULL,1),(130927,1309,2,'南皮','nan pi','nap','南皮县','admin',0,_binary '\0','',NULL,'',NULL,1),(130928,1309,2,'吴桥','wu qiao','wuq','吴桥县','admin',0,_binary '\0','',NULL,'',NULL,1),(130929,1309,2,'献县','xian xian','xix','献县','admin',0,_binary '\0','',NULL,'',NULL,1),(130930,1309,2,'孟村回族自治县','meng cun hui zu zi zhi xian','mech','孟村回族自治县','admin',0,_binary '\0','',NULL,'',NULL,1),(130971,1309,2,'河北沧州经济开发区','he bei cang zhou jing ji kai fa qu','hebc','河北沧州经济开发区','admin',0,_binary '\0','',NULL,'',NULL,1),(130972,1309,2,'沧州高新技术产业开发区','cang zhou gao xin ji shu chan ye kai fa qu','cazg','沧州高新技术产业开发区','admin',0,_binary '\0','',NULL,'',NULL,1),(130973,1309,2,'沧州渤海新区','cang zhou bo hai xin qu','cazb','沧州渤海新区','admin',0,_binary '\0','',NULL,'',NULL,1),(130981,1309,2,'泊头','bo tou','bot','泊头市','admin',0,_binary '\0','',NULL,'',NULL,1),(130982,1309,2,'任丘','ren qiu','req','任丘市','admin',0,_binary '\0','',NULL,'',NULL,1),(130983,1309,2,'黄骅','huang hua','huh','黄骅市','admin',0,_binary '\0','',NULL,'',NULL,1),(130984,1309,2,'河间','he jian','hej','河间市','admin',0,_binary '\0','',NULL,'',NULL,1),(131002,1310,2,'安次','an ci','anc','安次区','admin',0,_binary '\0','',NULL,'',NULL,1),(131003,1310,2,'广阳','guang yang','guy','广阳区','admin',0,_binary '\0','',NULL,'',NULL,1),(131022,1310,2,'固安','gu an','gua','固安县','admin',0,_binary '\0','',NULL,'',NULL,1),(131023,1310,2,'永清','yong qing','yoq','永清县','admin',0,_binary '\0','',NULL,'',NULL,1),(131024,1310,2,'香河','xiang he','xih','香河县','admin',0,_binary '\0','',NULL,'',NULL,1),(131025,1310,2,'大城','da cheng','dac','大城县','admin',0,_binary '\0','',NULL,'',NULL,1),(131026,1310,2,'文安','wen an','wea','文安县','admin',0,_binary '\0','',NULL,'',NULL,1),(131028,1310,2,'大厂回族自治县','da chang hui zu zi zhi xian','dach','大厂回族自治县','admin',0,_binary '\0','',NULL,'',NULL,1),(131071,1310,2,'廊坊经济技术开发区','lang fang jing ji ji shu kai fa qu','lafj','廊坊经济技术开发区','admin',0,_binary '\0','',NULL,'',NULL,1),(131081,1310,2,'霸州','ba zhou','baz','霸州市','admin',0,_binary '\0','',NULL,'',NULL,1),(131082,1310,2,'三河','san he','sah','三河市','admin',0,_binary '\0','',NULL,'',NULL,1),(131102,1311,2,'桃城','tao cheng','tac','桃城区','admin',0,_binary '\0','',NULL,'',NULL,1),(131103,1311,2,'冀州','ji zhou','jiz','冀州区','admin',0,_binary '\0','',NULL,'',NULL,1),(131121,1311,2,'枣强','zao qiang','zaq','枣强县','admin',0,_binary '\0','',NULL,'',NULL,1),(131122,1311,2,'武邑','wu yi','wuy','武邑县','admin',0,_binary '\0','',NULL,'',NULL,1),(131123,1311,2,'武强','wu qiang','wuq','武强县','admin',0,_binary '\0','',NULL,'',NULL,1),(131124,1311,2,'饶阳','rao yang','ray','饶阳县','admin',0,_binary '\0','',NULL,'',NULL,1),(131125,1311,2,'安平','an ping','anp','安平县','admin',0,_binary '\0','',NULL,'',NULL,1),(131126,1311,2,'故城','gu cheng','guc','故城县','admin',0,_binary '\0','',NULL,'',NULL,1),(131127,1311,2,'景县','jing xian','jix','景县','admin',0,_binary '\0','',NULL,'',NULL,1),(131128,1311,2,'阜城','fu cheng','fuc','阜城县','admin',0,_binary '\0','',NULL,'',NULL,1),(131171,1311,2,'河北衡水经济开发区','he bei heng shui jing ji kai fa qu','hebh','河北衡水经济开发区','admin',0,_binary '\0','',NULL,'',NULL,1),(131172,1311,2,'衡水滨湖新区','heng shui bin hu xin qu','hesb','衡水滨湖新区','admin',0,_binary '\0','',NULL,'',NULL,1),(131182,1311,2,'深州','shen zhou','shz','深州市','admin',0,_binary '\0','',NULL,'',NULL,1),(140105,1401,2,'小店','xiao dian','xid','小店区','admin',0,_binary '\0','',NULL,'',NULL,1),(140106,1401,2,'迎泽','ying ze','yiz','迎泽区','admin',0,_binary '\0','',NULL,'',NULL,1),(140107,1401,2,'杏花岭','xing hua ling','xihl','杏花岭区','admin',0,_binary '\0','',NULL,'',NULL,1),(140108,1401,2,'尖草坪','jian cao ping','jicp','尖草坪区','admin',0,_binary '\0','',NULL,'',NULL,1),(140109,1401,2,'万柏林','wan bai lin','wabl','万柏林区','admin',0,_binary '\0','',NULL,'',NULL,1),(140110,1401,2,'晋源','jin yuan','jiy','晋源区','admin',0,_binary '\0','',NULL,'',NULL,1),(140121,1401,2,'清徐','qing xu','qix','清徐县','admin',0,_binary '\0','',NULL,'',NULL,1),(140122,1401,2,'阳曲','yang qu','yaq','阳曲县','admin',0,_binary '\0','',NULL,'',NULL,1),(140123,1401,2,'娄烦','lou fan','lof','娄烦县','admin',0,_binary '\0','',NULL,'',NULL,1),(140171,1401,2,'山西转型综合改革示范区','shan xi zhuan xing zong he gai ge shi fan qu','shxz','山西转型综合改革示范区','admin',0,_binary '\0','',NULL,'',NULL,1),(140181,1401,2,'古交','gu jiao','guj','古交市','admin',0,_binary '\0','',NULL,'',NULL,1),(140202,1402,2,'城区','cheng qu','chq','城区','admin',0,_binary '\0','',NULL,'',NULL,1),(140203,1402,2,'矿区','kuang qu','kuq','矿区','admin',0,_binary '\0','',NULL,'',NULL,1),(140211,1402,2,'南郊','nan jiao','naj','南郊区','admin',0,_binary '\0','',NULL,'',NULL,1),(140212,1402,2,'新荣','xin rong','xir','新荣区','admin',0,_binary '\0','',NULL,'',NULL,1),(140221,1402,2,'阳高','yang gao','yag','阳高县','admin',0,_binary '\0','',NULL,'',NULL,1),(140222,1402,2,'天镇','tian zhen','tiz','天镇县','admin',0,_binary '\0','',NULL,'',NULL,1),(140223,1402,2,'广灵','guang ling','gul','广灵县','admin',0,_binary '\0','',NULL,'',NULL,1),(140224,1402,2,'灵丘','ling qiu','liq','灵丘县','admin',0,_binary '\0','',NULL,'',NULL,1),(140225,1402,2,'浑源','hun yuan','huy','浑源县','admin',0,_binary '\0','',NULL,'',NULL,1),(140226,1402,2,'左云','zuo yun','zuy','左云县','admin',0,_binary '\0','',NULL,'',NULL,1),(140227,1402,2,'大同','da tong','dat','大同县','admin',0,_binary '\0','',NULL,'',NULL,1),(140271,1402,2,'山西大同经济开发区','shan xi da tong jing ji kai fa qu','shxd','山西大同经济开发区','admin',0,_binary '\0','',NULL,'',NULL,1),(140302,1403,2,'城区','cheng qu','chq','城区','admin',0,_binary '\0','',NULL,'',NULL,1),(140303,1403,2,'矿区','kuang qu','kuq','矿区','admin',0,_binary '\0','',NULL,'',NULL,1),(140311,1403,2,'郊区','jiao qu','jiq','郊区','admin',0,_binary '\0','',NULL,'',NULL,1),(140321,1403,2,'平定','ping ding','pid','平定县','admin',0,_binary '\0','',NULL,'',NULL,1),(140322,1403,2,'盂县','yu xian','yux','盂县','admin',0,_binary '\0','',NULL,'',NULL,1),(140371,1403,2,'山西阳泉经济开发区','shan xi yang quan jing ji kai fa qu','shxy','山西阳泉经济开发区','admin',0,_binary '\0','',NULL,'',NULL,1),(140402,1404,2,'城区','cheng qu','chq','城区','admin',0,_binary '\0','',NULL,'',NULL,1),(140411,1404,2,'郊区','jiao qu','jiq','郊区','admin',0,_binary '\0','',NULL,'',NULL,1),(140421,1404,2,'长治','chang zhi','chz','长治县','admin',0,_binary '\0','',NULL,'',NULL,1),(140423,1404,2,'襄垣','xiang yuan','xiy','襄垣县','admin',0,_binary '\0','',NULL,'',NULL,1),(140424,1404,2,'屯留','tun liu','tul','屯留县','admin',0,_binary '\0','',NULL,'',NULL,1),(140425,1404,2,'平顺','ping shun','pis','平顺县','admin',0,_binary '\0','',NULL,'',NULL,1),(140426,1404,2,'黎城','li cheng','lic','黎城县','admin',0,_binary '\0','',NULL,'',NULL,1),(140427,1404,2,'壶关','hu guan','hug','壶关县','admin',0,_binary '\0','',NULL,'',NULL,1),(140428,1404,2,'长子','zhang zi','zhz','长子县','admin',0,_binary '\0','',NULL,'',NULL,1),(140429,1404,2,'武乡','wu xiang','wux','武乡县','admin',0,_binary '\0','',NULL,'',NULL,1),(140430,1404,2,'沁县','qin xian','qix','沁县','admin',0,_binary '\0','',NULL,'',NULL,1),(140431,1404,2,'沁源','qin yuan','qiy','沁源县','admin',0,_binary '\0','',NULL,'',NULL,1),(140471,1404,2,'山西长治高新技术产业园','shan xi chang zhi gao xin ji shu chan ye yuan','shxc','山西长治高新技术产业园区','admin',0,_binary '\0','',NULL,'',NULL,1),(140481,1404,2,'潞城','lu cheng','luc','潞城市','admin',0,_binary '\0','',NULL,'',NULL,1),(140502,1405,2,'城区','cheng qu','chq','城区','admin',0,_binary '\0','',NULL,'',NULL,1),(140521,1405,2,'沁水','qin shui','qis','沁水县','admin',0,_binary '\0','',NULL,'',NULL,1),(140522,1405,2,'阳城','yang cheng','yac','阳城县','admin',0,_binary '\0','',NULL,'',NULL,1),(140524,1405,2,'陵川','ling chuan','lic','陵川县','admin',0,_binary '\0','',NULL,'',NULL,1),(140525,1405,2,'泽州','ze zhou','zez','泽州县','admin',0,_binary '\0','',NULL,'',NULL,1),(140581,1405,2,'高平','gao ping','gap','高平市','admin',0,_binary '\0','',NULL,'',NULL,1),(140602,1406,2,'朔城','shuo cheng','shc','朔城区','admin',0,_binary '\0','',NULL,'',NULL,1),(140603,1406,2,'平鲁','ping lu','pil','平鲁区','admin',0,_binary '\0','',NULL,'',NULL,1),(140621,1406,2,'山阴','shan yin','shy','山阴县','admin',0,_binary '\0','',NULL,'',NULL,1),(140622,1406,2,'应县','ying xian','yix','应县','admin',0,_binary '\0','',NULL,'',NULL,1),(140623,1406,2,'右玉','you yu','yoy','右玉县','admin',0,_binary '\0','',NULL,'',NULL,1),(140624,1406,2,'怀仁','huai ren','hur','怀仁县','admin',0,_binary '\0','',NULL,'',NULL,1),(140671,1406,2,'山西朔州经济开发区','shan xi shuo zhou jing ji kai fa qu','shxs','山西朔州经济开发区','admin',0,_binary '\0','',NULL,'',NULL,1),(140702,1407,2,'榆次','yu ci','yuc','榆次区','admin',0,_binary '\0','',NULL,'',NULL,1),(140721,1407,2,'榆社','yu she','yus','榆社县','admin',0,_binary '\0','',NULL,'',NULL,1),(140722,1407,2,'左权','zuo quan','zuq','左权县','admin',0,_binary '\0','',NULL,'',NULL,1),(140723,1407,2,'和顺','he shun','hes','和顺县','admin',0,_binary '\0','',NULL,'',NULL,1),(140724,1407,2,'昔阳','xi yang','xiy','昔阳县','admin',0,_binary '\0','',NULL,'',NULL,1),(140725,1407,2,'寿阳','shou yang','shy','寿阳县','admin',0,_binary '\0','',NULL,'',NULL,1),(140726,1407,2,'太谷','tai gu','tag','太谷县','admin',0,_binary '\0','',NULL,'',NULL,1),(140727,1407,2,'祁县','qi xian','qix','祁县','admin',0,_binary '\0','',NULL,'',NULL,1),(140728,1407,2,'平遥','ping yao','piy','平遥县','admin',0,_binary '\0','',NULL,'',NULL,1),(140729,1407,2,'灵石','ling shi','lis','灵石县','admin',0,_binary '\0','',NULL,'',NULL,1),(140781,1407,2,'介休','jie xiu','jix','介休市','admin',0,_binary '\0','',NULL,'',NULL,1),(140802,1408,2,'盐湖','yan hu','yah','盐湖区','admin',0,_binary '\0','',NULL,'',NULL,1),(140821,1408,2,'临猗','lin yi','liy','临猗县','admin',0,_binary '\0','',NULL,'',NULL,1),(140822,1408,2,'万荣','wan rong','war','万荣县','admin',0,_binary '\0','',NULL,'',NULL,1),(140823,1408,2,'闻喜','wen xi','wex','闻喜县','admin',0,_binary '\0','',NULL,'',NULL,1),(140824,1408,2,'稷山','ji shan','jis','稷山县','admin',0,_binary '\0','',NULL,'',NULL,1),(140825,1408,2,'新绛','xin jiang','xij','新绛县','admin',0,_binary '\0','',NULL,'',NULL,1),(140826,1408,2,'绛县','jiang xian','jix','绛县','admin',0,_binary '\0','',NULL,'',NULL,1),(140827,1408,2,'垣曲','yuan qu','yuq','垣曲县','admin',0,_binary '\0','',NULL,'',NULL,1),(140828,1408,2,'夏县','xia xian','xix','夏县','admin',0,_binary '\0','',NULL,'',NULL,1),(140829,1408,2,'平陆','ping lu','pil','平陆县','admin',0,_binary '\0','',NULL,'',NULL,1),(140830,1408,2,'芮城','rui cheng','ruc','芮城县','admin',0,_binary '\0','',NULL,'',NULL,1),(140881,1408,2,'永济','yong ji','yoj','永济市','admin',0,_binary '\0','',NULL,'',NULL,1),(140882,1408,2,'河津','he jin','hej','河津市','admin',0,_binary '\0','',NULL,'',NULL,1),(140902,1409,2,'忻府','xin fu','xif','忻府区','admin',0,_binary '\0','',NULL,'',NULL,1),(140921,1409,2,'定襄','ding xiang','dix','定襄县','admin',0,_binary '\0','',NULL,'',NULL,1),(140922,1409,2,'五台','wu tai','wut','五台县','admin',0,_binary '\0','',NULL,'',NULL,1),(140923,1409,2,'代县','dai xian','dax','代县','admin',0,_binary '\0','',NULL,'',NULL,1),(140924,1409,2,'繁峙','fan shi','fas','繁峙县','admin',0,_binary '\0','',NULL,'',NULL,1),(140925,1409,2,'宁武','ning wu','niw','宁武县','admin',0,_binary '\0','',NULL,'',NULL,1),(140926,1409,2,'静乐','jing le','jil','静乐县','admin',0,_binary '\0','',NULL,'',NULL,1),(140927,1409,2,'神池','shen chi','shc','神池县','admin',0,_binary '\0','',NULL,'',NULL,1),(140928,1409,2,'五寨','wu zhai','wuz','五寨县','admin',0,_binary '\0','',NULL,'',NULL,1),(140929,1409,2,'岢岚','ke lan','kel','岢岚县','admin',0,_binary '\0','',NULL,'',NULL,1),(140930,1409,2,'河曲','he qu','heq','河曲县','admin',0,_binary '\0','',NULL,'',NULL,1),(140931,1409,2,'保德','bao de','bad','保德县','admin',0,_binary '\0','',NULL,'',NULL,1),(140932,1409,2,'偏关','pian guan','pig','偏关县','admin',0,_binary '\0','',NULL,'',NULL,1),(140971,1409,2,'五台山风景名胜区','wu tai shan feng jing ming sheng qu','wuts','五台山风景名胜区','admin',0,_binary '\0','',NULL,'',NULL,1),(140981,1409,2,'原平','yuan ping','yup','原平市','admin',0,_binary '\0','',NULL,'',NULL,1),(141002,1410,2,'尧都','yao du','yad','尧都区','admin',0,_binary '\0','',NULL,'',NULL,1),(141021,1410,2,'曲沃','qu wo','quw','曲沃县','admin',0,_binary '\0','',NULL,'',NULL,1),(141022,1410,2,'翼城','yi cheng','yic','翼城县','admin',0,_binary '\0','',NULL,'',NULL,1),(141023,1410,2,'襄汾','xiang fen','xif','襄汾县','admin',0,_binary '\0','',NULL,'',NULL,1),(141024,1410,2,'洪洞','hong dong','hod','洪洞县','admin',0,_binary '\0','',NULL,'',NULL,1),(141025,1410,2,'古县','gu xian','gux','古县','admin',0,_binary '\0','',NULL,'',NULL,1),(141026,1410,2,'安泽','an ze','anz','安泽县','admin',0,_binary '\0','',NULL,'',NULL,1),(141027,1410,2,'浮山','fu shan','fus','浮山县','admin',0,_binary '\0','',NULL,'',NULL,1),(141028,1410,2,'吉县','ji xian','jix','吉县','admin',0,_binary '\0','',NULL,'',NULL,1),(141029,1410,2,'乡宁','xiang ning','xin','乡宁县','admin',0,_binary '\0','',NULL,'',NULL,1),(141030,1410,2,'大宁','da ning','dan','大宁县','admin',0,_binary '\0','',NULL,'',NULL,1),(141031,1410,2,'隰县','xi xian','xix','隰县','admin',0,_binary '\0','',NULL,'',NULL,1),(141032,1410,2,'永和','yong he','yoh','永和县','admin',0,_binary '\0','',NULL,'',NULL,1),(141033,1410,2,'蒲县','pu xian','pux','蒲县','admin',0,_binary '\0','',NULL,'',NULL,1),(141034,1410,2,'汾西','fen xi','fex','汾西县','admin',0,_binary '\0','',NULL,'',NULL,1),(141081,1410,2,'侯马','hou ma','hom','侯马市','admin',0,_binary '\0','',NULL,'',NULL,1),(141082,1410,2,'霍州','huo zhou','huz','霍州市','admin',0,_binary '\0','',NULL,'',NULL,1),(141102,1411,2,'离石','li shi','lis','离石区','admin',0,_binary '\0','',NULL,'',NULL,1),(141121,1411,2,'文水','wen shui','wes','文水县','admin',0,_binary '\0','',NULL,'',NULL,1),(141122,1411,2,'交城','jiao cheng','jic','交城县','admin',0,_binary '\0','',NULL,'',NULL,1),(141123,1411,2,'兴县','xing xian','xix','兴县','admin',0,_binary '\0','',NULL,'',NULL,1),(141124,1411,2,'临县','lin xian','lix','临县','admin',0,_binary '\0','',NULL,'',NULL,1),(141125,1411,2,'柳林','liu lin','lil','柳林县','admin',0,_binary '\0','',NULL,'',NULL,1),(141126,1411,2,'石楼','shi lou','shl','石楼县','admin',0,_binary '\0','',NULL,'',NULL,1),(141127,1411,2,'岚县','lan xian','lax','岚县','admin',0,_binary '\0','',NULL,'',NULL,1),(141128,1411,2,'方山','fang shan','fas','方山县','admin',0,_binary '\0','',NULL,'',NULL,1),(141129,1411,2,'中阳','zhong yang','zhy','中阳县','admin',0,_binary '\0','',NULL,'',NULL,1),(141130,1411,2,'交口','jiao kou','jik','交口县','admin',0,_binary '\0','',NULL,'',NULL,1),(141181,1411,2,'孝义','xiao yi','xiy','孝义市','admin',0,_binary '\0','',NULL,'',NULL,1),(141182,1411,2,'汾阳','fen yang','fey','汾阳市','admin',0,_binary '\0','',NULL,'',NULL,1),(150102,1501,2,'新城','xin cheng','xic','新城区','admin',0,_binary '\0','',NULL,'',NULL,1),(150103,1501,2,'回民','hui min','hum','回民区','admin',0,_binary '\0','',NULL,'',NULL,1),(150104,1501,2,'玉泉','yu quan','yuq','玉泉区','admin',0,_binary '\0','',NULL,'',NULL,1),(150105,1501,2,'赛罕','sai han','sah','赛罕区','admin',0,_binary '\0','',NULL,'',NULL,1),(150121,1501,2,'土默特左旗','tu mo te zuo qi','tumt','土默特左旗','admin',0,_binary '\0','',NULL,'',NULL,1),(150122,1501,2,'托克托','tuo ke tuo','tukt','托克托县','admin',0,_binary '\0','',NULL,'',NULL,1),(150123,1501,2,'和林格尔','he lin ge er','helg','和林格尔县','admin',0,_binary '\0','',NULL,'',NULL,1),(150124,1501,2,'清水河','qing shui he','qish','清水河县','admin',0,_binary '\0','',NULL,'',NULL,1),(150125,1501,2,'武川','wu chuan','wuc','武川县','admin',0,_binary '\0','',NULL,'',NULL,1),(150171,1501,2,'呼和浩特金海工业园','hu he hao te jin hai gong ye yuan','huhh','呼和浩特金海工业园区','admin',0,_binary '\0','',NULL,'',NULL,1),(150172,1501,2,'呼和浩特经济技术开发区','hu he hao te jing ji ji shu kai fa qu','huhh','呼和浩特经济技术开发区','admin',0,_binary '\0','',NULL,'',NULL,1),(150202,1502,2,'东河','dong he','doh','东河区','admin',0,_binary '\0','',NULL,'',NULL,1),(150203,1502,2,'昆都仑','kun du lun','kudl','昆都仑区','admin',0,_binary '\0','',NULL,'',NULL,1),(150204,1502,2,'青山','qing shan','qis','青山区','admin',0,_binary '\0','',NULL,'',NULL,1),(150205,1502,2,'石拐','shi guai','shg','石拐区','admin',0,_binary '\0','',NULL,'',NULL,1),(150206,1502,2,'白云鄂博矿区','bai yun e bo kuang qu','baye','白云鄂博矿区','admin',0,_binary '\0','',NULL,'',NULL,1),(150207,1502,2,'九原','jiu yuan','jiy','九原区','admin',0,_binary '\0','',NULL,'',NULL,1),(150221,1502,2,'土默特右旗','tu mo te you qi','tumt','土默特右旗','admin',0,_binary '\0','',NULL,'',NULL,1),(150222,1502,2,'固阳','gu yang','guy','固阳县','admin',0,_binary '\0','',NULL,'',NULL,1),(150223,1502,2,'达尔罕茂明安联合旗','da er han mao ming an lian he qi','daeh','达尔罕茂明安联合旗','admin',0,_binary '\0','',NULL,'',NULL,1),(150271,1502,2,'包头稀土高新技术产业开发区','bao tou xi tu gao xin ji shu chan ye kai fa qu','batx','包头稀土高新技术产业开发区','admin',0,_binary '\0','',NULL,'',NULL,1),(150302,1503,2,'海勃湾','hai bo wan','habw','海勃湾区','admin',0,_binary '\0','',NULL,'',NULL,1),(150303,1503,2,'海南','hai nan','han','海南区','admin',0,_binary '\0','',NULL,'',NULL,1),(150304,1503,2,'乌达','wu da','wud','乌达区','admin',0,_binary '\0','',NULL,'',NULL,1),(150402,1504,2,'红山','hong shan','hos','红山区','admin',0,_binary '\0','',NULL,'',NULL,1),(150403,1504,2,'元宝山','yuan bao shan','yubs','元宝山区','admin',0,_binary '\0','',NULL,'',NULL,1),(150404,1504,2,'松山','song shan','sos','松山区','admin',0,_binary '\0','',NULL,'',NULL,1),(150421,1504,2,'阿鲁科尔沁旗','a lu ke er qin qi','alk','阿鲁科尔沁旗','admin',0,_binary '\0','',NULL,'',NULL,1),(150422,1504,2,'巴林左旗','ba lin zuo qi','balz','巴林左旗','admin',0,_binary '\0','',NULL,'',NULL,1),(150423,1504,2,'巴林右旗','ba lin you qi','baly','巴林右旗','admin',0,_binary '\0','',NULL,'',NULL,1),(150424,1504,2,'林西','lin xi','lix','林西县','admin',0,_binary '\0','',NULL,'',NULL,1),(150425,1504,2,'克什克腾旗','ke shi ke teng qi','kesk','克什克腾旗','admin',0,_binary '\0','',NULL,'',NULL,1),(150426,1504,2,'翁牛特旗','weng niu te qi','went','翁牛特旗','admin',0,_binary '\0','',NULL,'',NULL,1),(150428,1504,2,'喀喇沁旗','ka la qin qi','kalq','喀喇沁旗','admin',0,_binary '\0','',NULL,'',NULL,1),(150429,1504,2,'宁城','ning cheng','nic','宁城县','admin',0,_binary '\0','',NULL,'',NULL,1),(150430,1504,2,'敖汉旗','ao han qi','aohq','敖汉旗','admin',0,_binary '\0','',NULL,'',NULL,1),(150502,1505,2,'科尔沁','ke er qin','keeq','科尔沁区','admin',0,_binary '\0','',NULL,'',NULL,1),(150521,1505,2,'科尔沁左翼中旗','ke er qin zuo yi zhong qi','keeq','科尔沁左翼中旗','admin',0,_binary '\0','',NULL,'',NULL,1),(150522,1505,2,'科尔沁左翼后旗','ke er qin zuo yi hou qi','keeq','科尔沁左翼后旗','admin',0,_binary '\0','',NULL,'',NULL,1),(150523,1505,2,'开鲁','kai lu','kal','开鲁县','admin',0,_binary '\0','',NULL,'',NULL,1),(150524,1505,2,'库伦旗','ku lun qi','kulq','库伦旗','admin',0,_binary '\0','',NULL,'',NULL,1),(150525,1505,2,'奈曼旗','nai man qi','namq','奈曼旗','admin',0,_binary '\0','',NULL,'',NULL,1),(150526,1505,2,'扎鲁特旗','zha lu te qi','zhlt','扎鲁特旗','admin',0,_binary '\0','',NULL,'',NULL,1),(150571,1505,2,'通辽经济技术开发区','tong liao jing ji ji shu kai fa qu','tolj','通辽经济技术开发区','admin',0,_binary '\0','',NULL,'',NULL,1),(150581,1505,2,'霍林郭勒','huo lin guo le','hulg','霍林郭勒市','admin',0,_binary '\0','',NULL,'',NULL,1),(150602,1506,2,'东胜','dong sheng','dos','东胜区','admin',0,_binary '\0','',NULL,'',NULL,1),(150603,1506,2,'康巴什','kang ba shi','kabs','康巴什区','admin',0,_binary '\0','',NULL,'',NULL,1),(150621,1506,2,'达拉特旗','da la te qi','dalt','达拉特旗','admin',0,_binary '\0','',NULL,'',NULL,1),(150622,1506,2,'准格尔旗','zhun ge er qi','zhge','准格尔旗','admin',0,_binary '\0','',NULL,'',NULL,1),(150623,1506,2,'鄂托克前旗','e tuo ke qian qi','etk','鄂托克前旗','admin',0,_binary '\0','',NULL,'',NULL,1),(150624,1506,2,'鄂托克旗','e tuo ke qi','etk','鄂托克旗','admin',0,_binary '\0','',NULL,'',NULL,1),(150625,1506,2,'杭锦旗','hang jin qi','hajq','杭锦旗','admin',0,_binary '\0','',NULL,'',NULL,1),(150626,1506,2,'乌审旗','wu shen qi','wusq','乌审旗','admin',0,_binary '\0','',NULL,'',NULL,1),(150627,1506,2,'伊金霍洛旗','yi jin huo luo qi','yijh','伊金霍洛旗','admin',0,_binary '\0','',NULL,'',NULL,1),(150702,1507,2,'海拉尔','hai la er','hale','海拉尔区','admin',0,_binary '\0','',NULL,'',NULL,1),(150703,1507,2,'扎赉诺尔','zha lai nuo er','zhln','扎赉诺尔区','admin',0,_binary '\0','',NULL,'',NULL,1),(150721,1507,2,'阿荣旗','a rong qi','arq','阿荣旗','admin',0,_binary '\0','',NULL,'',NULL,1),(150722,1507,2,'莫力达瓦达斡尔族自治旗','mo li da wa da wo er zu zi zhi qi','mold','莫力达瓦达斡尔族自治旗','admin',0,_binary '\0','',NULL,'',NULL,1),(150723,1507,2,'鄂伦春自治旗','e lun chun zi zhi qi','elc','鄂伦春自治旗','admin',0,_binary '\0','',NULL,'',NULL,1),(150724,1507,2,'鄂温克族自治旗','e wen ke zu zi zhi qi','ewk','鄂温克族自治旗','admin',0,_binary '\0','',NULL,'',NULL,1),(150725,1507,2,'陈巴尔虎旗','chen ba er hu qi','chbe','陈巴尔虎旗','admin',0,_binary '\0','',NULL,'',NULL,1),(150726,1507,2,'新巴尔虎左旗','xin ba er hu zuo qi','xibe','新巴尔虎左旗','admin',0,_binary '\0','',NULL,'',NULL,1),(150727,1507,2,'新巴尔虎右旗','xin ba er hu you qi','xibe','新巴尔虎右旗','admin',0,_binary '\0','',NULL,'',NULL,1),(150781,1507,2,'满洲里','man zhou li','mazl','满洲里市','admin',0,_binary '\0','',NULL,'',NULL,1),(150782,1507,2,'牙克石','ya ke shi','yaks','牙克石市','admin',0,_binary '\0','',NULL,'',NULL,1),(150783,1507,2,'扎兰屯','zha lan tun','zhlt','扎兰屯市','admin',0,_binary '\0','',NULL,'',NULL,1),(150784,1507,2,'额尔古纳','e er gu na','eeg','额尔古纳市','admin',0,_binary '\0','',NULL,'',NULL,1),(150785,1507,2,'根河','gen he','geh','根河市','admin',0,_binary '\0','',NULL,'',NULL,1),(150802,1508,2,'临河','lin he','lih','临河区','admin',0,_binary '\0','',NULL,'',NULL,1),(150821,1508,2,'五原','wu yuan','wuy','五原县','admin',0,_binary '\0','',NULL,'',NULL,1),(150822,1508,2,'磴口','deng kou','dek','磴口县','admin',0,_binary '\0','',NULL,'',NULL,1),(150823,1508,2,'乌拉特前旗','wu la te qian qi','wult','乌拉特前旗','admin',0,_binary '\0','',NULL,'',NULL,1),(150824,1508,2,'乌拉特中旗','wu la te zhong qi','wult','乌拉特中旗','admin',0,_binary '\0','',NULL,'',NULL,1),(150825,1508,2,'乌拉特后旗','wu la te hou qi','wult','乌拉特后旗','admin',0,_binary '\0','',NULL,'',NULL,1),(150826,1508,2,'杭锦后旗','hang jin hou qi','hajh','杭锦后旗','admin',0,_binary '\0','',NULL,'',NULL,1),(150902,1509,2,'集宁','ji ning','jin','集宁区','admin',0,_binary '\0','',NULL,'',NULL,1),(150921,1509,2,'卓资','zhuo zi','zhz','卓资县','admin',0,_binary '\0','',NULL,'',NULL,1),(150922,1509,2,'化德','hua de','hud','化德县','admin',0,_binary '\0','',NULL,'',NULL,1),(150923,1509,2,'商都','shang du','shd','商都县','admin',0,_binary '\0','',NULL,'',NULL,1),(150924,1509,2,'兴和','xing he','xih','兴和县','admin',0,_binary '\0','',NULL,'',NULL,1),(150925,1509,2,'凉城','liang cheng','lic','凉城县','admin',0,_binary '\0','',NULL,'',NULL,1),(150926,1509,2,'察哈尔右翼前旗','cha ha er you yi qian qi','chhe','察哈尔右翼前旗','admin',0,_binary '\0','',NULL,'',NULL,1),(150927,1509,2,'察哈尔右翼中旗','cha ha er you yi zhong qi','chhe','察哈尔右翼中旗','admin',0,_binary '\0','',NULL,'',NULL,1),(150928,1509,2,'察哈尔右翼后旗','cha ha er you yi hou qi','chhe','察哈尔右翼后旗','admin',0,_binary '\0','',NULL,'',NULL,1),(150929,1509,2,'四子王旗','si zi wang qi','sizw','四子王旗','admin',0,_binary '\0','',NULL,'',NULL,1),(150981,1509,2,'丰镇','feng zhen','fez','丰镇市','admin',0,_binary '\0','',NULL,'',NULL,1),(152201,1522,2,'乌兰浩特','wu lan hao te','wulh','乌兰浩特市','admin',0,_binary '\0','',NULL,'',NULL,1),(152202,1522,2,'阿尔山','a er shan','aes','阿尔山市','admin',0,_binary '\0','',NULL,'',NULL,1),(152221,1522,2,'科尔沁右翼前旗','ke er qin you yi qian qi','keeq','科尔沁右翼前旗','admin',0,_binary '\0','',NULL,'',NULL,1),(152222,1522,2,'科尔沁右翼中旗','ke er qin you yi zhong qi','keeq','科尔沁右翼中旗','admin',0,_binary '\0','',NULL,'',NULL,1),(152223,1522,2,'扎赉特旗','zha lai te qi','zhlt','扎赉特旗','admin',0,_binary '\0','',NULL,'',NULL,1),(152224,1522,2,'突泉','tu quan','tuq','突泉县','admin',0,_binary '\0','',NULL,'',NULL,1),(152501,1525,2,'二连浩特','er lian hao te','erlh','二连浩特市','admin',0,_binary '\0','',NULL,'',NULL,1),(152502,1525,2,'锡林浩特','xi lin hao te','xilh','锡林浩特市','admin',0,_binary '\0','',NULL,'',NULL,1),(152522,1525,2,'阿巴嘎旗','a ba ga qi','abg','阿巴嘎旗','admin',0,_binary '\0','',NULL,'',NULL,1),(152523,1525,2,'苏尼特左旗','su ni te zuo qi','sunt','苏尼特左旗','admin',0,_binary '\0','',NULL,'',NULL,1),(152524,1525,2,'苏尼特右旗','su ni te you qi','sunt','苏尼特右旗','admin',0,_binary '\0','',NULL,'',NULL,1),(152525,1525,2,'东乌珠穆沁旗','dong wu zhu mu qin qi','dowz','东乌珠穆沁旗','admin',0,_binary '\0','',NULL,'',NULL,1),(152526,1525,2,'西乌珠穆沁旗','xi wu zhu mu qin qi','xiwz','西乌珠穆沁旗','admin',0,_binary '\0','',NULL,'',NULL,1),(152527,1525,2,'太仆寺旗','tai pu si qi','taps','太仆寺旗','admin',0,_binary '\0','',NULL,'',NULL,1),(152528,1525,2,'镶黄旗','xiang huang qi','xihq','镶黄旗','admin',0,_binary '\0','',NULL,'',NULL,1),(152529,1525,2,'正镶白旗','zheng xiang bai qi','zhxb','正镶白旗','admin',0,_binary '\0','',NULL,'',NULL,1),(152530,1525,2,'正蓝旗','zheng lan qi','zhlq','正蓝旗','admin',0,_binary '\0','',NULL,'',NULL,1),(152531,1525,2,'多伦','duo lun','dul','多伦县','admin',0,_binary '\0','',NULL,'',NULL,1),(152571,1525,2,'乌拉盖','wu la gai','wulg','乌拉盖管委会','admin',0,_binary '\0','',NULL,'',NULL,1),(152921,1529,2,'阿拉善左旗','a la shan zuo qi','als','阿拉善左旗','admin',0,_binary '\0','',NULL,'',NULL,1),(152922,1529,2,'阿拉善右旗','a la shan you qi','als','阿拉善右旗','admin',0,_binary '\0','',NULL,'',NULL,1),(152923,1529,2,'额济纳旗','e ji na qi','ejn','额济纳旗','admin',0,_binary '\0','',NULL,'',NULL,1),(152971,1529,2,'内蒙古阿拉善经济开发区','nei meng gu a la shan jing ji kai fa qu','nemg','内蒙古阿拉善经济开发区','admin',0,_binary '\0','',NULL,'',NULL,1),(210102,2101,2,'和平','he ping','hep','和平区','admin',0,_binary '\0','',NULL,'',NULL,1),(210103,2101,2,'沈河','shen he','shh','沈河区','admin',0,_binary '\0','',NULL,'',NULL,1),(210104,2101,2,'大东','da dong','dad','大东区','admin',0,_binary '\0','',NULL,'',NULL,1),(210105,2101,2,'皇姑','huang gu','hug','皇姑区','admin',0,_binary '\0','',NULL,'',NULL,1),(210106,2101,2,'铁西','tie xi','tix','铁西区','admin',0,_binary '\0','',NULL,'',NULL,1),(210111,2101,2,'苏家屯','su jia tun','sujt','苏家屯区','admin',0,_binary '\0','',NULL,'',NULL,1),(210112,2101,2,'浑南','hun nan','hun','浑南区','admin',0,_binary '\0','',NULL,'',NULL,1),(210113,2101,2,'沈北新区','shen bei xin qu','shbx','沈北新区','admin',0,_binary '\0','',NULL,'',NULL,1),(210114,2101,2,'于洪','yu hong','yuh','于洪区','admin',0,_binary '\0','',NULL,'',NULL,1),(210115,2101,2,'辽中','liao zhong','liz','辽中区','admin',0,_binary '\0','',NULL,'',NULL,1),(210123,2101,2,'康平','kang ping','kap','康平县','admin',0,_binary '\0','',NULL,'',NULL,1),(210124,2101,2,'法库','fa ku','fak','法库县','admin',0,_binary '\0','',NULL,'',NULL,1),(210181,2101,2,'新民','xin min','xim','新民市','admin',0,_binary '\0','',NULL,'',NULL,1),(210202,2102,2,'中山','zhong shan','zhs','中山区','admin',0,_binary '\0','',NULL,'',NULL,1),(210203,2102,2,'西岗','xi gang','xig','西岗区','admin',0,_binary '\0','',NULL,'',NULL,1),(210204,2102,2,'沙河口','sha he kou','shhk','沙河口区','admin',0,_binary '\0','',NULL,'',NULL,1),(210211,2102,2,'甘井子','gan jing zi','gajz','甘井子区','admin',0,_binary '\0','',NULL,'',NULL,1),(210212,2102,2,'旅顺口','lv shun kou','lvsk','旅顺口区','admin',0,_binary '\0','',NULL,'',NULL,1),(210213,2102,2,'金州','jin zhou','jiz','金州区','admin',0,_binary '\0','',NULL,'',NULL,1),(210214,2102,2,'普兰店','pu lan dian','puld','普兰店区','admin',0,_binary '\0','',NULL,'',NULL,1),(210224,2102,2,'长海','chang hai','chh','长海县','admin',0,_binary '\0','',NULL,'',NULL,1),(210281,2102,2,'瓦房店','wa fang dian','wafd','瓦房店市','admin',0,_binary '\0','',NULL,'',NULL,1),(210283,2102,2,'庄河','zhuang he','zhh','庄河市','admin',0,_binary '\0','',NULL,'',NULL,1),(210302,2103,2,'铁东','tie dong','tid','铁东区','admin',0,_binary '\0','',NULL,'',NULL,1),(210303,2103,2,'铁西','tie xi','tix','铁西区','admin',0,_binary '\0','',NULL,'',NULL,1),(210304,2103,2,'立山','li shan','lis','立山区','admin',0,_binary '\0','',NULL,'',NULL,1),(210311,2103,2,'千山','qian shan','qis','千山区','admin',0,_binary '\0','',NULL,'',NULL,1),(210321,2103,2,'台安','tai an','taa','台安县','admin',0,_binary '\0','',NULL,'',NULL,1),(210323,2103,2,'岫岩满族自治县','xiu yan man zu zi zhi xian','xiym','岫岩满族自治县','admin',0,_binary '\0','',NULL,'',NULL,1),(210381,2103,2,'海城','hai cheng','hac','海城市','admin',0,_binary '\0','',NULL,'',NULL,1),(210402,2104,2,'新抚','xin fu','xif','新抚区','admin',0,_binary '\0','',NULL,'',NULL,1),(210403,2104,2,'东洲','dong zhou','doz','东洲区','admin',0,_binary '\0','',NULL,'',NULL,1),(210404,2104,2,'望花','wang hua','wah','望花区','admin',0,_binary '\0','',NULL,'',NULL,1),(210411,2104,2,'顺城','shun cheng','shc','顺城区','admin',0,_binary '\0','',NULL,'',NULL,1),(210421,2104,2,'抚顺','fu shun','fus','抚顺县','admin',0,_binary '\0','',NULL,'',NULL,1),(210422,2104,2,'新宾满族自治县','xin bin man zu zi zhi xian','xibm','新宾满族自治县','admin',0,_binary '\0','',NULL,'',NULL,1),(210423,2104,2,'清原满族自治县','qing yuan man zu zi zhi xian','qiym','清原满族自治县','admin',0,_binary '\0','',NULL,'',NULL,1),(210502,2105,2,'平山','ping shan','pis','平山区','admin',0,_binary '\0','',NULL,'',NULL,1),(210503,2105,2,'溪湖','xi hu','xih','溪湖区','admin',0,_binary '\0','',NULL,'',NULL,1),(210504,2105,2,'明山','ming shan','mis','明山区','admin',0,_binary '\0','',NULL,'',NULL,1),(210505,2105,2,'南芬','nan fen','naf','南芬区','admin',0,_binary '\0','',NULL,'',NULL,1),(210521,2105,2,'本溪满族自治县','ben xi man zu zi zhi xian','bexm','本溪满族自治县','admin',0,_binary '\0','',NULL,'',NULL,1),(210522,2105,2,'桓仁满族自治县','huan ren man zu zi zhi xian','hurm','桓仁满族自治县','admin',0,_binary '\0','',NULL,'',NULL,1),(210602,2106,2,'元宝','yuan bao','yub','元宝区','admin',0,_binary '\0','',NULL,'',NULL,1),(210603,2106,2,'振兴','zhen xing','zhx','振兴区','admin',0,_binary '\0','',NULL,'',NULL,1),(210604,2106,2,'振安','zhen an','zha','振安区','admin',0,_binary '\0','',NULL,'',NULL,1),(210624,2106,2,'宽甸满族自治县','kuan dian man zu zi zhi xian','kudm','宽甸满族自治县','admin',0,_binary '\0','',NULL,'',NULL,1),(210681,2106,2,'东港','dong gang','dog','东港市','admin',0,_binary '\0','',NULL,'',NULL,1),(210682,2106,2,'凤城','feng cheng','fec','凤城市','admin',0,_binary '\0','',NULL,'',NULL,1),(210702,2107,2,'古塔','gu ta','gut','古塔区','admin',0,_binary '\0','',NULL,'',NULL,1),(210703,2107,2,'凌河','ling he','lih','凌河区','admin',0,_binary '\0','',NULL,'',NULL,1),(210711,2107,2,'太和','tai he','tah','太和区','admin',0,_binary '\0','',NULL,'',NULL,1),(210726,2107,2,'黑山','hei shan','hes','黑山县','admin',0,_binary '\0','',NULL,'',NULL,1),(210727,2107,2,'义县','yi xian','yix','义县','admin',0,_binary '\0','',NULL,'',NULL,1),(210781,2107,2,'凌海','ling hai','lih','凌海市','admin',0,_binary '\0','',NULL,'',NULL,1),(210782,2107,2,'北镇','bei zhen','bez','北镇市','admin',0,_binary '\0','',NULL,'',NULL,1),(210802,2108,2,'站前','zhan qian','zhq','站前区','admin',0,_binary '\0','',NULL,'',NULL,1),(210803,2108,2,'西市','xi shi','xis','西市区','admin',0,_binary '\0','',NULL,'',NULL,1),(210804,2108,2,'鲅鱼圈','ba yu quan','bayq','鲅鱼圈区','admin',0,_binary '\0','',NULL,'',NULL,1),(210811,2108,2,'老边','lao bian','lab','老边区','admin',0,_binary '\0','',NULL,'',NULL,1),(210881,2108,2,'盖州','gai zhou','gaz','盖州市','admin',0,_binary '\0','',NULL,'',NULL,1),(210882,2108,2,'大石桥','da shi qiao','dasq','大石桥市','admin',0,_binary '\0','',NULL,'',NULL,1),(210902,2109,2,'海州','hai zhou','haz','海州区','admin',0,_binary '\0','',NULL,'',NULL,1),(210903,2109,2,'新邱','xin qiu','xiq','新邱区','admin',0,_binary '\0','',NULL,'',NULL,1),(210904,2109,2,'太平','tai ping','tap','太平区','admin',0,_binary '\0','',NULL,'',NULL,1),(210905,2109,2,'清河门','qing he men','qihm','清河门区','admin',0,_binary '\0','',NULL,'',NULL,1),(210911,2109,2,'细河','xi he','xih','细河区','admin',0,_binary '\0','',NULL,'',NULL,1),(210921,2109,2,'阜新蒙古族自治县','fu xin meng gu zu zi zhi xian','fuxm','阜新蒙古族自治县','admin',0,_binary '\0','',NULL,'',NULL,1),(210922,2109,2,'彰武','zhang wu','zhw','彰武县','admin',0,_binary '\0','',NULL,'',NULL,1),(211002,2110,2,'白塔','bai ta','bat','白塔区','admin',0,_binary '\0','',NULL,'',NULL,1),(211003,2110,2,'文圣','wen sheng','wes','文圣区','admin',0,_binary '\0','',NULL,'',NULL,1),(211004,2110,2,'宏伟','hong wei','how','宏伟区','admin',0,_binary '\0','',NULL,'',NULL,1),(211005,2110,2,'弓长岭','gong chang ling','gocl','弓长岭区','admin',0,_binary '\0','',NULL,'',NULL,1),(211011,2110,2,'太子河','tai zi he','tazh','太子河区','admin',0,_binary '\0','',NULL,'',NULL,1),(211021,2110,2,'辽阳','liao yang','liy','辽阳县','admin',0,_binary '\0','',NULL,'',NULL,1),(211081,2110,2,'灯塔','deng ta','det','灯塔市','admin',0,_binary '\0','',NULL,'',NULL,1),(211102,2111,2,'双台子','shuang tai zi','shtz','双台子区','admin',0,_binary '\0','',NULL,'',NULL,1),(211103,2111,2,'兴隆台','xing long tai','xilt','兴隆台区','admin',0,_binary '\0','',NULL,'',NULL,1),(211104,2111,2,'大洼','da wa','daw','大洼区','admin',0,_binary '\0','',NULL,'',NULL,1),(211122,2111,2,'盘山','pan shan','pas','盘山县','admin',0,_binary '\0','',NULL,'',NULL,1),(211202,2112,2,'银州','yin zhou','yiz','银州区','admin',0,_binary '\0','',NULL,'',NULL,1),(211204,2112,2,'清河','qing he','qih','清河区','admin',0,_binary '\0','',NULL,'',NULL,1),(211221,2112,2,'铁岭','tie ling','til','铁岭县','admin',0,_binary '\0','',NULL,'',NULL,1),(211223,2112,2,'西丰','xi feng','xif','西丰县','admin',0,_binary '\0','',NULL,'',NULL,1),(211224,2112,2,'昌图','chang tu','cht','昌图县','admin',0,_binary '\0','',NULL,'',NULL,1),(211281,2112,2,'调兵山','diao bing shan','dibs','调兵山市','admin',0,_binary '\0','',NULL,'',NULL,1),(211282,2112,2,'开原','kai yuan','kay','开原市','admin',0,_binary '\0','',NULL,'',NULL,1),(211302,2113,2,'双塔','shuang ta','sht','双塔区','admin',0,_binary '\0','',NULL,'',NULL,1),(211303,2113,2,'龙城','long cheng','loc','龙城区','admin',0,_binary '\0','',NULL,'',NULL,1),(211321,2113,2,'朝阳','chao yang','chy','朝阳县','admin',0,_binary '\0','',NULL,'',NULL,1),(211322,2113,2,'建平','jian ping','jip','建平县','admin',0,_binary '\0','',NULL,'',NULL,1),(211324,2113,2,'喀喇沁左翼蒙古族自治县','ka la qin zuo yi meng gu zu zi zhi xian','kalq','喀喇沁左翼蒙古族自治县','admin',0,_binary '\0','',NULL,'',NULL,1),(211381,2113,2,'北票','bei piao','bep','北票市','admin',0,_binary '\0','',NULL,'',NULL,1),(211382,2113,2,'凌源','ling yuan','liy','凌源市','admin',0,_binary '\0','',NULL,'',NULL,1),(211402,2114,2,'连山','lian shan','lis','连山区','admin',0,_binary '\0','',NULL,'',NULL,1),(211403,2114,2,'龙港','long gang','log','龙港区','admin',0,_binary '\0','',NULL,'',NULL,1),(211404,2114,2,'南票','nan piao','nap','南票区','admin',0,_binary '\0','',NULL,'',NULL,1),(211421,2114,2,'绥中','sui zhong','suz','绥中县','admin',0,_binary '\0','',NULL,'',NULL,1),(211422,2114,2,'建昌','jian chang','jic','建昌县','admin',0,_binary '\0','',NULL,'',NULL,1),(211481,2114,2,'兴城','xing cheng','xic','兴城市','admin',0,_binary '\0','',NULL,'',NULL,1),(220102,2201,2,'南关','nan guan','nag','南关区','admin',0,_binary '\0','',NULL,'',NULL,1),(220103,2201,2,'宽城','kuan cheng','kuc','宽城区','admin',0,_binary '\0','',NULL,'',NULL,1),(220104,2201,2,'朝阳','chao yang','chy','朝阳区','admin',0,_binary '\0','',NULL,'',NULL,1),(220105,2201,2,'二道','er dao','erd','二道区','admin',0,_binary '\0','',NULL,'',NULL,1),(220106,2201,2,'绿园','lv yuan','lvy','绿园区','admin',0,_binary '\0','',NULL,'',NULL,1),(220112,2201,2,'双阳','shuang yang','shy','双阳区','admin',0,_binary '\0','',NULL,'',NULL,1),(220113,2201,2,'九台','jiu tai','jit','九台区','admin',0,_binary '\0','',NULL,'',NULL,1),(220122,2201,2,'农安','nong an','noa','农安县','admin',0,_binary '\0','',NULL,'',NULL,1),(220171,2201,2,'长春经济技术开发区','chang chun jing ji ji shu kai fa qu','chcj','长春经济技术开发区','admin',0,_binary '\0','',NULL,'',NULL,1),(220172,2201,2,'长春净月高新技术产业开发区','chang chun jing yue gao xin ji shu chan ye kai fa qu','chcj','长春净月高新技术产业开发区','admin',0,_binary '\0','',NULL,'',NULL,1),(220173,2201,2,'长春高新技术产业开发区','chang chun gao xin ji shu chan ye kai fa qu','chcg','长春高新技术产业开发区','admin',0,_binary '\0','',NULL,'',NULL,1),(220174,2201,2,'长春汽车经济技术开发区','chang chun qi che jing ji ji shu kai fa qu','chcq','长春汽车经济技术开发区','admin',0,_binary '\0','',NULL,'',NULL,1),(220182,2201,2,'榆树','yu shu','yus','榆树市','admin',0,_binary '\0','',NULL,'',NULL,1),(220183,2201,2,'德惠','de hui','deh','德惠市','admin',0,_binary '\0','',NULL,'',NULL,1),(220202,2202,2,'昌邑','chang yi','chy','昌邑区','admin',0,_binary '\0','',NULL,'',NULL,1),(220203,2202,2,'龙潭','long tan','lot','龙潭区','admin',0,_binary '\0','',NULL,'',NULL,1),(220204,2202,2,'船营','chuan ying','chy','船营区','admin',0,_binary '\0','',NULL,'',NULL,1),(220211,2202,2,'丰满','feng man','fem','丰满区','admin',0,_binary '\0','',NULL,'',NULL,1),(220221,2202,2,'永吉','yong ji','yoj','永吉县','admin',0,_binary '\0','',NULL,'',NULL,1),(220271,2202,2,'吉林经济开发区','ji lin jing ji kai fa qu','jilj','吉林经济开发区','admin',0,_binary '\0','',NULL,'',NULL,1),(220272,2202,2,'吉林高新技术产业开发区','ji lin gao xin ji shu chan ye kai fa qu','jilg','吉林高新技术产业开发区','admin',0,_binary '\0','',NULL,'',NULL,1),(220273,2202,2,'吉林中国新加坡食品','ji lin zhong guo xin jia po shi pin','jilz','吉林中国新加坡食品区','admin',0,_binary '\0','',NULL,'',NULL,1),(220281,2202,2,'蛟河','jiao he','jih','蛟河市','admin',0,_binary '\0','',NULL,'',NULL,1),(220282,2202,2,'桦甸','hua dian','hud','桦甸市','admin',0,_binary '\0','',NULL,'',NULL,1),(220283,2202,2,'舒兰','shu lan','shl','舒兰市','admin',0,_binary '\0','',NULL,'',NULL,1),(220284,2202,2,'磐石','pan shi','pas','磐石市','admin',0,_binary '\0','',NULL,'',NULL,1),(220302,2203,2,'铁西','tie xi','tix','铁西区','admin',0,_binary '\0','',NULL,'',NULL,1),(220303,2203,2,'铁东','tie dong','tid','铁东区','admin',0,_binary '\0','',NULL,'',NULL,1),(220322,2203,2,'梨树','li shu','lis','梨树县','admin',0,_binary '\0','',NULL,'',NULL,1),(220323,2203,2,'伊通满族自治县','yi tong man zu zi zhi xian','yitm','伊通满族自治县','admin',0,_binary '\0','',NULL,'',NULL,1),(220381,2203,2,'公主岭','gong zhu ling','gozl','公主岭市','admin',0,_binary '\0','',NULL,'',NULL,1),(220382,2203,2,'双辽','shuang liao','shl','双辽市','admin',0,_binary '\0','',NULL,'',NULL,1),(220402,2204,2,'龙山','long shan','los','龙山区','admin',0,_binary '\0','',NULL,'',NULL,1),(220403,2204,2,'西安','xi an','xia','西安区','admin',0,_binary '\0','',NULL,'',NULL,1),(220421,2204,2,'东丰','dong feng','dof','东丰县','admin',0,_binary '\0','',NULL,'',NULL,1),(220422,2204,2,'东辽','dong liao','dol','东辽县','admin',0,_binary '\0','',NULL,'',NULL,1),(220502,2205,2,'东昌','dong chang','doc','东昌区','admin',0,_binary '\0','',NULL,'',NULL,1),(220503,2205,2,'二道江','er dao jiang','erdj','二道江区','admin',0,_binary '\0','',NULL,'',NULL,1),(220521,2205,2,'通化','tong hua','toh','通化县','admin',0,_binary '\0','',NULL,'',NULL,1),(220523,2205,2,'辉南','hui nan','hun','辉南县','admin',0,_binary '\0','',NULL,'',NULL,1),(220524,2205,2,'柳河','liu he','lih','柳河县','admin',0,_binary '\0','',NULL,'',NULL,1),(220581,2205,2,'梅河口','mei he kou','mehk','梅河口市','admin',0,_binary '\0','',NULL,'',NULL,1),(220582,2205,2,'集安','ji an','jia','集安市','admin',0,_binary '\0','',NULL,'',NULL,1),(220602,2206,2,'浑江','hun jiang','huj','浑江区','admin',0,_binary '\0','',NULL,'',NULL,1),(220605,2206,2,'江源','jiang yuan','jiy','江源区','admin',0,_binary '\0','',NULL,'',NULL,1),(220621,2206,2,'抚松','fu song','fus','抚松县','admin',0,_binary '\0','',NULL,'',NULL,1),(220622,2206,2,'靖宇','jing yu','jiy','靖宇县','admin',0,_binary '\0','',NULL,'',NULL,1),(220623,2206,2,'长白朝鲜族自治县','chang bai chao xian zu zi zhi xian','chbc','长白朝鲜族自治县','admin',0,_binary '\0','',NULL,'',NULL,1),(220681,2206,2,'临江','lin jiang','lij','临江市','admin',0,_binary '\0','',NULL,'',NULL,1),(220702,2207,2,'宁江','ning jiang','nij','宁江区','admin',0,_binary '\0','',NULL,'',NULL,1),(220721,2207,2,'前郭尔罗斯蒙古族自治县','qian guo er luo si meng gu zu zi zhi xian','qige','前郭尔罗斯蒙古族自治县','admin',0,_binary '\0','',NULL,'',NULL,1),(220722,2207,2,'长岭','chang ling','chl','长岭县','admin',0,_binary '\0','',NULL,'',NULL,1),(220723,2207,2,'乾安','gan an','gaa','乾安县','admin',0,_binary '\0','',NULL,'',NULL,1),(220771,2207,2,'吉林松原经济开发区','ji lin song yuan jing ji kai fa qu','jils','吉林松原经济开发区','admin',0,_binary '\0','',NULL,'',NULL,1),(220781,2207,2,'扶余','fu yu','fuy','扶余市','admin',0,_binary '\0','',NULL,'',NULL,1),(220802,2208,2,'洮北','tao bei','tab','洮北区','admin',0,_binary '\0','',NULL,'',NULL,1),(220821,2208,2,'镇赉','zhen lai','zhl','镇赉县','admin',0,_binary '\0','',NULL,'',NULL,1),(220822,2208,2,'通榆','tong yu','toy','通榆县','admin',0,_binary '\0','',NULL,'',NULL,1),(220871,2208,2,'吉林白城经济开发区','ji lin bai cheng jing ji kai fa qu','jilb','吉林白城经济开发区','admin',0,_binary '\0','',NULL,'',NULL,1),(220881,2208,2,'洮南','tao nan','tan','洮南市','admin',0,_binary '\0','',NULL,'',NULL,1),(220882,2208,2,'大安','da an','daa','大安市','admin',0,_binary '\0','',NULL,'',NULL,1),(222401,2224,2,'延吉','yan ji','yaj','延吉市','admin',0,_binary '\0','',NULL,'',NULL,1),(222402,2224,2,'图们','tu men','tum','图们市','admin',0,_binary '\0','',NULL,'',NULL,1),(222403,2224,2,'敦化','dun hua','duh','敦化市','',0,_binary '\0','',NULL,'',NULL,1),(222404,2224,2,'珲春','hun chun','huc','珲春市','',0,_binary '\0','',NULL,'',NULL,1),(222405,2224,2,'龙井','long jing','loj','龙井市','',0,_binary '\0','',NULL,'',NULL,1),(222406,2224,2,'和龙','he long','hel','和龙市','',0,_binary '\0','',NULL,'',NULL,1),(222424,2224,2,'汪清','wang qing','waq','汪清县','',0,_binary '\0','',NULL,'',NULL,1),(222426,2224,2,'安图','an tu','ant','安图县','',0,_binary '\0','',NULL,'',NULL,1),(230102,2301,2,'道里','dao li','dal','道里区','',0,_binary '\0','',NULL,'',NULL,1),(230103,2301,2,'南岗','nan gang','nag','南岗区','',0,_binary '\0','',NULL,'',NULL,1),(230104,2301,2,'道外','dao wai','daw','道外区','',0,_binary '\0','',NULL,'',NULL,1),(230108,2301,2,'平房','ping fang','pif','平房区','',0,_binary '\0','',NULL,'',NULL,1),(230109,2301,2,'松北','song bei','sob','松北区','',0,_binary '\0','',NULL,'',NULL,1),(230110,2301,2,'香坊','xiang fang','xif','香坊区','',0,_binary '\0','',NULL,'',NULL,1),(230111,2301,2,'呼兰','hu lan','hul','呼兰区','',0,_binary '\0','',NULL,'',NULL,1),(230112,2301,2,'阿城','a cheng','ac','阿城区','',0,_binary '\0','',NULL,'',NULL,1),(230113,2301,2,'双城','shuang cheng','shc','双城区','',0,_binary '\0','',NULL,'',NULL,1),(230123,2301,2,'依兰','yi lan','yil','依兰县','',0,_binary '\0','',NULL,'',NULL,1),(230124,2301,2,'方正','fang zheng','faz','方正县','',0,_binary '\0','',NULL,'',NULL,1),(230125,2301,2,'宾县','bin xian','bix','宾县','',0,_binary '\0','',NULL,'',NULL,1),(230126,2301,2,'巴彦','ba yan','bay','巴彦县','',0,_binary '\0','',NULL,'',NULL,1),(230127,2301,2,'木兰','mu lan','mul','木兰县','',0,_binary '\0','',NULL,'',NULL,1),(230128,2301,2,'通河','tong he','toh','通河县','',0,_binary '\0','',NULL,'',NULL,1),(230129,2301,2,'延寿','yan shou','yas','延寿县','',0,_binary '\0','',NULL,'',NULL,1),(230183,2301,2,'尚志','shang zhi','shz','尚志市','',0,_binary '\0','',NULL,'',NULL,1),(230184,2301,2,'五常','wu chang','wuc','五常市','',0,_binary '\0','',NULL,'',NULL,1),(230202,2302,2,'龙沙','long sha','los','龙沙区','',0,_binary '\0','',NULL,'',NULL,1),(230203,2302,2,'建华','jian hua','jih','建华区','',0,_binary '\0','',NULL,'',NULL,1),(230204,2302,2,'铁锋','tie feng','tif','铁锋区','',0,_binary '\0','',NULL,'',NULL,1),(230205,2302,2,'昂昂溪','ang ang xi','anax','昂昂溪区','',0,_binary '\0','',NULL,'',NULL,1),(230206,2302,2,'富拉尔基','fu la er ji','fule','富拉尔基区','',0,_binary '\0','',NULL,'',NULL,1),(230207,2302,2,'碾子山','nian zi shan','nizs','碾子山区','',0,_binary '\0','',NULL,'',NULL,1),(230208,2302,2,'梅里斯达斡尔族','mei li si da wo er zu','mels','梅里斯达斡尔族区','',0,_binary '\0','',NULL,'',NULL,1),(230221,2302,2,'龙江','long jiang','loj','龙江县','',0,_binary '\0','',NULL,'',NULL,1),(230223,2302,2,'依安','yi an','yia','依安县','',0,_binary '\0','',NULL,'',NULL,1),(230224,2302,2,'泰来','tai lai','tal','泰来县','',0,_binary '\0','',NULL,'',NULL,1),(230225,2302,2,'甘南','gan nan','gan','甘南县','',0,_binary '\0','',NULL,'',NULL,1),(230227,2302,2,'富裕','fu yu','fuy','富裕县','',0,_binary '\0','',NULL,'',NULL,1),(230229,2302,2,'克山','ke shan','kes','克山县','',0,_binary '\0','',NULL,'',NULL,1),(230230,2302,2,'克东','ke dong','ked','克东县','',0,_binary '\0','',NULL,'',NULL,1),(230231,2302,2,'拜泉','bai quan','baq','拜泉县','',0,_binary '\0','',NULL,'',NULL,1),(230281,2302,2,'讷河','ne he','neh','讷河市','',0,_binary '\0','',NULL,'',NULL,1),(230302,2303,2,'鸡冠','ji guan','jig','鸡冠区','',0,_binary '\0','',NULL,'',NULL,1),(230303,2303,2,'恒山','heng shan','hes','恒山区','',0,_binary '\0','',NULL,'',NULL,1),(230304,2303,2,'滴道','di dao','did','滴道区','',0,_binary '\0','',NULL,'',NULL,1),(230305,2303,2,'梨树','li shu','lis','梨树区','',0,_binary '\0','',NULL,'',NULL,1),(230306,2303,2,'城子河','cheng zi he','chzh','城子河区','',0,_binary '\0','',NULL,'',NULL,1),(230307,2303,2,'麻山','ma shan','mas','麻山区','',0,_binary '\0','',NULL,'',NULL,1),(230321,2303,2,'鸡东','ji dong','jid','鸡东县','',0,_binary '\0','',NULL,'',NULL,1),(230381,2303,2,'虎林','hu lin','hul','虎林市','',0,_binary '\0','',NULL,'',NULL,1),(230382,2303,2,'密山','mi shan','mis','密山市','',0,_binary '\0','',NULL,'',NULL,1),(230402,2304,2,'向阳','xiang yang','xiy','向阳区','',0,_binary '\0','',NULL,'',NULL,1),(230403,2304,2,'工农','gong nong','gon','工农区','',0,_binary '\0','',NULL,'',NULL,1),(230404,2304,2,'南山','nan shan','nas','南山区','',0,_binary '\0','',NULL,'',NULL,1),(230405,2304,2,'兴安','xing an','xia','兴安区','',0,_binary '\0','',NULL,'',NULL,1),(230406,2304,2,'东山','dong shan','dos','东山区','',0,_binary '\0','',NULL,'',NULL,1),(230407,2304,2,'兴山','xing shan','xis','兴山区','',0,_binary '\0','',NULL,'',NULL,1),(230421,2304,2,'萝北','luo bei','lub','萝北县','',0,_binary '\0','',NULL,'',NULL,1),(230422,2304,2,'绥滨','sui bin','sub','绥滨县','',0,_binary '\0','',NULL,'',NULL,1),(230502,2305,2,'尖山','jian shan','jis','尖山区','',0,_binary '\0','',NULL,'',NULL,1),(230503,2305,2,'岭东','ling dong','lid','岭东区','',0,_binary '\0','',NULL,'',NULL,1),(230505,2305,2,'四方台','si fang tai','sift','四方台区','',0,_binary '\0','',NULL,'',NULL,1),(230506,2305,2,'宝山','bao shan','bas','宝山区','',0,_binary '\0','',NULL,'',NULL,1),(230521,2305,2,'集贤','ji xian','jix','集贤县','',0,_binary '\0','',NULL,'',NULL,1),(230522,2305,2,'友谊','you yi','yoy','友谊县','',0,_binary '\0','',NULL,'',NULL,1),(230523,2305,2,'宝清','bao qing','baq','宝清县','',0,_binary '\0','',NULL,'',NULL,1),(230524,2305,2,'饶河','rao he','rah','饶河县','',0,_binary '\0','',NULL,'',NULL,1),(230602,2306,2,'萨尔图','sa er tu','saet','萨尔图区','',0,_binary '\0','',NULL,'',NULL,1),(230603,2306,2,'龙凤','long feng','lof','龙凤区','',0,_binary '\0','',NULL,'',NULL,1),(230604,2306,2,'让胡路','rang hu lu','rahl','让胡路区','',0,_binary '\0','',NULL,'',NULL,1),(230605,2306,2,'红岗','hong gang','hog','红岗区','',0,_binary '\0','',NULL,'',NULL,1),(230606,2306,2,'大同','da tong','dat','大同区','',0,_binary '\0','',NULL,'',NULL,1),(230621,2306,2,'肇州','zhao zhou','zhz','肇州县','',0,_binary '\0','',NULL,'',NULL,1),(230622,2306,2,'肇源','zhao yuan','zhy','肇源县','',0,_binary '\0','',NULL,'',NULL,1),(230623,2306,2,'林甸','lin dian','lid','林甸县','',0,_binary '\0','',NULL,'',NULL,1),(230624,2306,2,'杜尔伯特蒙古族自治县','du er bo te meng gu zu zi zhi xian','dueb','杜尔伯特蒙古族自治县','',0,_binary '\0','',NULL,'',NULL,1),(230671,2306,2,'大庆高新技术产业开发区','da qing gao xin ji shu chan ye kai fa qu','daqg','大庆高新技术产业开发区','',0,_binary '\0','',NULL,'',NULL,1),(230702,2307,2,'伊春','yi chun','yic','伊春区','',0,_binary '\0','',NULL,'',NULL,1),(230703,2307,2,'南岔','nan cha','nac','南岔区','',0,_binary '\0','',NULL,'',NULL,1),(230704,2307,2,'友好','you hao','yoh','友好区','',0,_binary '\0','',NULL,'',NULL,1),(230705,2307,2,'西林','xi lin','xil','西林区','',0,_binary '\0','',NULL,'',NULL,1),(230706,2307,2,'翠峦','cui luan','cul','翠峦区','',0,_binary '\0','',NULL,'',NULL,1),(230707,2307,2,'新青','xin qing','xiq','新青区','',0,_binary '\0','',NULL,'',NULL,1),(230708,2307,2,'美溪','mei xi','mex','美溪区','',0,_binary '\0','',NULL,'',NULL,1),(230709,2307,2,'金山屯','jin shan tun','jist','金山屯区','',0,_binary '\0','',NULL,'',NULL,1),(230710,2307,2,'五营','wu ying','wuy','五营区','',0,_binary '\0','',NULL,'',NULL,1),(230711,2307,2,'乌马河','wu ma he','wumh','乌马河区','',0,_binary '\0','',NULL,'',NULL,1),(230712,2307,2,'汤旺河','tang wang he','tawh','汤旺河区','',0,_binary '\0','',NULL,'',NULL,1),(230713,2307,2,'带岭','dai ling','dal','带岭区','',0,_binary '\0','',NULL,'',NULL,1),(230714,2307,2,'乌伊岭','wu yi ling','wuyl','乌伊岭区','',0,_binary '\0','',NULL,'',NULL,1),(230715,2307,2,'红星','hong xing','hox','红星区','',0,_binary '\0','',NULL,'',NULL,1),(230716,2307,2,'上甘岭','shang gan ling','shgl','上甘岭区','',0,_binary '\0','',NULL,'',NULL,1),(230722,2307,2,'嘉荫','jia yin','jiy','嘉荫县','',0,_binary '\0','',NULL,'',NULL,1),(230781,2307,2,'铁力','tie li','til','铁力市','',0,_binary '\0','',NULL,'',NULL,1),(230803,2308,2,'向阳','xiang yang','xiy','向阳区','',0,_binary '\0','',NULL,'',NULL,1),(230804,2308,2,'前进','qian jin','qij','前进区','',0,_binary '\0','',NULL,'',NULL,1),(230805,2308,2,'东风','dong feng','dof','东风区','',0,_binary '\0','',NULL,'',NULL,1),(230811,2308,2,'郊区','jiao qu','jiq','郊区','',0,_binary '\0','',NULL,'',NULL,1),(230822,2308,2,'桦南','hua nan','hun','桦南县','',0,_binary '\0','',NULL,'',NULL,1),(230826,2308,2,'桦川','hua chuan','huc','桦川县','',0,_binary '\0','',NULL,'',NULL,1),(230828,2308,2,'汤原','tang yuan','tay','汤原县','',0,_binary '\0','',NULL,'',NULL,1),(230881,2308,2,'同江','tong jiang','toj','同江市','',0,_binary '\0','',NULL,'',NULL,1),(230882,2308,2,'富锦','fu jin','fuj','富锦市','',0,_binary '\0','',NULL,'',NULL,1),(230883,2308,2,'抚远','fu yuan','fuy','抚远市','',0,_binary '\0','',NULL,'',NULL,1),(230902,2309,2,'新兴','xin xing','xix','新兴区','',0,_binary '\0','',NULL,'',NULL,1),(230903,2309,2,'桃山','tao shan','tas','桃山区','',0,_binary '\0','',NULL,'',NULL,1),(230904,2309,2,'茄子河','qie zi he','qizh','茄子河区','',0,_binary '\0','',NULL,'',NULL,1),(230921,2309,2,'勃利','bo li','bol','勃利县','',0,_binary '\0','',NULL,'',NULL,1),(231002,2310,2,'东安','dong an','doa','东安区','',0,_binary '\0','',NULL,'',NULL,1),(231003,2310,2,'阳明','yang ming','yam','阳明区','',0,_binary '\0','',NULL,'',NULL,1),(231004,2310,2,'爱民','ai min','aim','爱民区','',0,_binary '\0','',NULL,'',NULL,1),(231005,2310,2,'西安','xi an','xia','西安区','',0,_binary '\0','',NULL,'',NULL,1),(231025,2310,2,'林口','lin kou','lik','林口县','',0,_binary '\0','',NULL,'',NULL,1),(231071,2310,2,'牡丹江经济技术开发区','mu dan jiang jing ji ji shu kai fa qu','mudj','牡丹江经济技术开发区','',0,_binary '\0','',NULL,'',NULL,1),(231081,2310,2,'绥芬河','sui fen he','sufh','绥芬河市','',0,_binary '\0','',NULL,'',NULL,1),(231083,2310,2,'海林','hai lin','hal','海林市','',0,_binary '\0','',NULL,'',NULL,1),(231084,2310,2,'宁安','ning an','nia','宁安市','',0,_binary '\0','',NULL,'',NULL,1),(231085,2310,2,'穆棱','mu ling','mul','穆棱市','',0,_binary '\0','',NULL,'',NULL,1),(231086,2310,2,'东宁','dong ning','don','东宁市','',0,_binary '\0','',NULL,'',NULL,1),(231102,2311,2,'爱辉','ai hui','aih','爱辉区','',0,_binary '\0','',NULL,'',NULL,1),(231121,2311,2,'嫩江','nen jiang','nej','嫩江县','',0,_binary '\0','',NULL,'',NULL,1),(231123,2311,2,'逊克','xun ke','xuk','逊克县','',0,_binary '\0','',NULL,'',NULL,1),(231124,2311,2,'孙吴','sun wu','suw','孙吴县','',0,_binary '\0','',NULL,'',NULL,1),(231181,2311,2,'北安','bei an','bea','北安市','',0,_binary '\0','',NULL,'',NULL,1),(231182,2311,2,'五大连池','wu da lian chi','wudl','五大连池市','',0,_binary '\0','',NULL,'',NULL,1),(231202,2312,2,'北林','bei lin','bel','北林区','',0,_binary '\0','',NULL,'',NULL,1),(231221,2312,2,'望奎','wang kui','wak','望奎县','',0,_binary '\0','',NULL,'',NULL,1),(231222,2312,2,'兰西','lan xi','lax','兰西县','',0,_binary '\0','',NULL,'',NULL,1),(231223,2312,2,'青冈','qing gang','qig','青冈县','',0,_binary '\0','',NULL,'',NULL,1),(231224,2312,2,'庆安','qing an','qia','庆安县','',0,_binary '\0','',NULL,'',NULL,1),(231225,2312,2,'明水','ming shui','mis','明水县','',0,_binary '\0','',NULL,'',NULL,1),(231226,2312,2,'绥棱','sui ling','sul','绥棱县','',0,_binary '\0','',NULL,'',NULL,1),(231281,2312,2,'安达','an da','and','安达市','',0,_binary '\0','',NULL,'',NULL,1),(231282,2312,2,'肇东','zhao dong','zhd','肇东市','',0,_binary '\0','',NULL,'',NULL,1),(231283,2312,2,'海伦','hai lun','hal','海伦市','',0,_binary '\0','',NULL,'',NULL,1),(232701,2327,2,'加格达奇','jia ge da qi','jigd','加格达奇区','',0,_binary '\0','',NULL,'',NULL,1),(232702,2327,2,'松岭','song ling','sol','松岭区','',0,_binary '\0','',NULL,'',NULL,1),(232703,2327,2,'新林','xin lin','xil','新林区','',0,_binary '\0','',NULL,'',NULL,1),(232704,2327,2,'呼中','hu zhong','huz','呼中区','',0,_binary '\0','',NULL,'',NULL,1),(232721,2327,2,'呼玛','hu ma','hum','呼玛县','',0,_binary '\0','',NULL,'',NULL,1),(232722,2327,2,'塔河','ta he','tah','塔河县','',0,_binary '\0','',NULL,'',NULL,1),(232723,2327,2,'漠河','mo he','moh','漠河县','',0,_binary '\0','',NULL,'',NULL,1),(310101,3101,2,'黄浦','huang pu','hup','黄浦区','',0,_binary '\0','',NULL,'',NULL,1),(310104,3101,2,'徐汇','xu hui','xuh','徐汇区','',0,_binary '\0','',NULL,'',NULL,1),(310105,3101,2,'长宁','chang ning','chn','长宁区','',0,_binary '\0','',NULL,'',NULL,1),(310106,3101,2,'静安','jing an','jia','静安区','',0,_binary '\0','',NULL,'',NULL,1),(310107,3101,2,'普陀','pu tuo','put','普陀区','',0,_binary '\0','',NULL,'',NULL,1),(310109,3101,2,'虹口','hong kou','hok','虹口区','',0,_binary '\0','',NULL,'',NULL,1),(310110,3101,2,'杨浦','yang pu','yap','杨浦区','',0,_binary '\0','',NULL,'',NULL,1),(310112,3101,2,'闵行','min hang','mih','闵行区','',0,_binary '\0','',NULL,'',NULL,1),(310113,3101,2,'宝山','bao shan','bas','宝山区','',0,_binary '\0','',NULL,'',NULL,1),(310114,3101,2,'嘉定','jia ding','jid','嘉定区','',0,_binary '\0','',NULL,'',NULL,1),(310115,3101,2,'浦东新区','pu dong xin qu','pudx','浦东新区','',0,_binary '\0','',NULL,'',NULL,1),(310116,3101,2,'金山','jin shan','jis','金山区','',0,_binary '\0','',NULL,'',NULL,1),(310117,3101,2,'松江','song jiang','soj','松江区','',0,_binary '\0','',NULL,'',NULL,1),(310118,3101,2,'青浦','qing pu','qip','青浦区','',0,_binary '\0','',NULL,'',NULL,1),(310120,3101,2,'奉贤','feng xian','fex','奉贤区','',0,_binary '\0','',NULL,'',NULL,1),(310151,3101,2,'崇明','chong ming','chm','崇明区','',0,_binary '\0','',NULL,'',NULL,1),(320102,3201,2,'玄武','xuan wu','xuw','玄武区','',0,_binary '\0','',NULL,'',NULL,1),(320104,3201,2,'秦淮','qin huai','qih','秦淮区','',0,_binary '\0','',NULL,'',NULL,1),(320105,3201,2,'建邺','jian ye','jiy','建邺区','',0,_binary '\0','',NULL,'',NULL,1),(320106,3201,2,'鼓楼','gu lou','gul','鼓楼区','',0,_binary '\0','',NULL,'',NULL,1),(320111,3201,2,'浦口','pu kou','puk','浦口区','',0,_binary '\0','',NULL,'',NULL,1),(320113,3201,2,'栖霞','qi xia','qix','栖霞区','',0,_binary '\0','',NULL,'',NULL,1),(320114,3201,2,'雨花台','yu hua tai','yuht','雨花台区','',0,_binary '\0','',NULL,'',NULL,1),(320115,3201,2,'江宁','jiang ning','jin','江宁区','',0,_binary '\0','',NULL,'',NULL,1),(320116,3201,2,'六合','liu he','lih','六合区','',0,_binary '\0','',NULL,'',NULL,1),(320117,3201,2,'溧水','li shui','lis','溧水区','',0,_binary '\0','',NULL,'',NULL,1),(320118,3201,2,'高淳','gao chun','gac','高淳区','',0,_binary '\0','',NULL,'',NULL,1),(320205,3202,2,'锡山','xi shan','xis','锡山区','',0,_binary '\0','',NULL,'',NULL,1),(320206,3202,2,'惠山','hui shan','hus','惠山区','',0,_binary '\0','',NULL,'',NULL,1),(320211,3202,2,'滨湖','bin hu','bih','滨湖区','',0,_binary '\0','',NULL,'',NULL,1),(320213,3202,2,'梁溪','liang xi','lix','梁溪区','',0,_binary '\0','',NULL,'',NULL,1),(320214,3202,2,'新吴','xin wu','xiw','新吴区','',0,_binary '\0','',NULL,'',NULL,1),(320281,3202,2,'江阴','jiang yin','jiy','江阴市','',0,_binary '\0','',NULL,'',NULL,1),(320282,3202,2,'宜兴','yi xing','yix','宜兴市','',0,_binary '\0','',NULL,'',NULL,1),(320302,3203,2,'鼓楼','gu lou','gul','鼓楼区','',0,_binary '\0','',NULL,'',NULL,1),(320303,3203,2,'云龙','yun long','yul','云龙区','',0,_binary '\0','',NULL,'',NULL,1),(320305,3203,2,'贾汪','jia wang','jiw','贾汪区','',0,_binary '\0','',NULL,'',NULL,1),(320311,3203,2,'泉山','quan shan','qus','泉山区','',0,_binary '\0','',NULL,'',NULL,1),(320312,3203,2,'铜山','tong shan','tos','铜山区','',0,_binary '\0','',NULL,'',NULL,1),(320321,3203,2,'丰县','feng xian','fex','丰县','',0,_binary '\0','',NULL,'',NULL,1),(320322,3203,2,'沛县','pei xian','pex','沛县','',0,_binary '\0','',NULL,'',NULL,1),(320324,3203,2,'睢宁','sui ning','sun','睢宁县','',0,_binary '\0','',NULL,'',NULL,1),(320371,3203,2,'徐州经济技术开发区','xu zhou jing ji ji shu kai fa qu','xuzj','徐州经济技术开发区','',0,_binary '\0','',NULL,'',NULL,1),(320381,3203,2,'新沂','xin yi','xiy','新沂市','',0,_binary '\0','',NULL,'',NULL,1),(320382,3203,2,'邳州','pi zhou','piz','邳州市','',0,_binary '\0','',NULL,'',NULL,1),(320402,3204,2,'天宁','tian ning','tin','天宁区','',0,_binary '\0','',NULL,'',NULL,1),(320404,3204,2,'钟楼','zhong lou','zhl','钟楼区','',0,_binary '\0','',NULL,'',NULL,1),(320411,3204,2,'新北','xin bei','xib','新北区','',0,_binary '\0','',NULL,'',NULL,1),(320412,3204,2,'武进','wu jin','wuj','武进区','',0,_binary '\0','',NULL,'',NULL,1),(320413,3204,2,'金坛','jin tan','jit','金坛区','',0,_binary '\0','',NULL,'',NULL,1),(320481,3204,2,'溧阳','li yang','liy','溧阳市','',0,_binary '\0','',NULL,'',NULL,1),(320505,3205,2,'虎丘','hu qiu','huq','虎丘区','',0,_binary '\0','',NULL,'',NULL,1),(320506,3205,2,'吴中','wu zhong','wuz','吴中区','',0,_binary '\0','',NULL,'',NULL,1),(320507,3205,2,'相城','xiang cheng','xic','相城区','',0,_binary '\0','',NULL,'',NULL,1),(320508,3205,2,'姑苏','gu su','gus','姑苏区','',0,_binary '\0','',NULL,'',NULL,1),(320509,3205,2,'吴江','wu jiang','wuj','吴江区','',0,_binary '\0','',NULL,'',NULL,1),(320571,3205,2,'苏州工业园','su zhou gong ye yuan','suzg','苏州工业园区','',0,_binary '\0','',NULL,'',NULL,1),(320581,3205,2,'常熟','chang shu','chs','常熟市','',0,_binary '\0','',NULL,'',NULL,1),(320582,3205,2,'张家港','zhang jia gang','zhjg','张家港市','',0,_binary '\0','',NULL,'',NULL,1),(320583,3205,2,'昆山','kun shan','kus','昆山市','',0,_binary '\0','',NULL,'',NULL,1),(320585,3205,2,'太仓','tai cang','tac','太仓市','',0,_binary '\0','',NULL,'',NULL,1),(320602,3206,2,'崇川','chong chuan','chc','崇川区','',0,_binary '\0','',NULL,'',NULL,1),(320611,3206,2,'港闸','gang zha','gaz','港闸区','',0,_binary '\0','',NULL,'',NULL,1),(320612,3206,2,'通州','tong zhou','toz','通州区','',0,_binary '\0','',NULL,'',NULL,1),(320621,3206,2,'海安','hai an','haa','海安县','',0,_binary '\0','',NULL,'',NULL,1),(320623,3206,2,'如东','ru dong','rud','如东县','',0,_binary '\0','',NULL,'',NULL,1),(320671,3206,2,'南通经济技术开发区','nan tong jing ji ji shu kai fa qu','natj','南通经济技术开发区','',0,_binary '\0','',NULL,'',NULL,1),(320681,3206,2,'启东','qi dong','qid','启东市','',0,_binary '\0','',NULL,'',NULL,1),(320682,3206,2,'如皋','ru gao','rug','如皋市','',0,_binary '\0','',NULL,'',NULL,1),(320684,3206,2,'海门','hai men','ham','海门市','',0,_binary '\0','',NULL,'',NULL,1),(320703,3207,2,'连云','lian yun','liy','连云区','',0,_binary '\0','',NULL,'',NULL,1),(320706,3207,2,'海州','hai zhou','haz','海州区','',0,_binary '\0','',NULL,'',NULL,1),(320707,3207,2,'赣榆','gan yu','gay','赣榆区','',0,_binary '\0','',NULL,'',NULL,1),(320722,3207,2,'东海','dong hai','doh','东海县','',0,_binary '\0','',NULL,'',NULL,1),(320723,3207,2,'灌云','guan yun','guy','灌云县','',0,_binary '\0','',NULL,'',NULL,1),(320724,3207,2,'灌南','guan nan','gun','灌南县','',0,_binary '\0','',NULL,'',NULL,1),(320771,3207,2,'连云港经济技术开发区','lian yun gang jing ji ji shu kai fa qu','liyg','连云港经济技术开发区','',0,_binary '\0','',NULL,'',NULL,1),(320772,3207,2,'连云港高新技术产业开发区','lian yun gang gao xin ji shu chan ye kai fa qu','liyg','连云港高新技术产业开发区','',0,_binary '\0','',NULL,'',NULL,1),(320803,3208,2,'淮安','huai an','hua','淮安区','',0,_binary '\0','',NULL,'',NULL,1),(320804,3208,2,'淮阴','huai yin','huy','淮阴区','',0,_binary '\0','',NULL,'',NULL,1),(320812,3208,2,'清江浦','qing jiang pu','qijp','清江浦区','',0,_binary '\0','',NULL,'',NULL,1),(320813,3208,2,'洪泽','hong ze','hoz','洪泽区','',0,_binary '\0','',NULL,'',NULL,1),(320826,3208,2,'涟水','lian shui','lis','涟水县','',0,_binary '\0','',NULL,'',NULL,1),(320830,3208,2,'盱眙','xu yi','xuy','盱眙县','',0,_binary '\0','',NULL,'',NULL,1),(320831,3208,2,'金湖','jin hu','jih','金湖县','',0,_binary '\0','',NULL,'',NULL,1),(320871,3208,2,'淮安经济技术开发区','huai an jing ji ji shu kai fa qu','huaj','淮安经济技术开发区','',0,_binary '\0','',NULL,'',NULL,1),(320902,3209,2,'亭湖','ting hu','tih','亭湖区','',0,_binary '\0','',NULL,'',NULL,1),(320903,3209,2,'盐都','yan du','yad','盐都区','',0,_binary '\0','',NULL,'',NULL,1),(320904,3209,2,'大丰','da feng','daf','大丰区','',0,_binary '\0','',NULL,'',NULL,1),(320921,3209,2,'响水','xiang shui','xis','响水县','',0,_binary '\0','',NULL,'',NULL,1),(320922,3209,2,'滨海','bin hai','bih','滨海县','',0,_binary '\0','',NULL,'',NULL,1),(320923,3209,2,'阜宁','fu ning','fun','阜宁县','',0,_binary '\0','',NULL,'',NULL,1),(320924,3209,2,'射阳','she yang','shy','射阳县','',0,_binary '\0','',NULL,'',NULL,1),(320925,3209,2,'建湖','jian hu','jih','建湖县','',0,_binary '\0','',NULL,'',NULL,1),(320971,3209,2,'盐城经济技术开发区','yan cheng jing ji ji shu kai fa qu','yacj','盐城经济技术开发区','',0,_binary '\0','',NULL,'',NULL,1),(320981,3209,2,'东台','dong tai','dot','东台市','',0,_binary '\0','',NULL,'',NULL,1),(321002,3210,2,'广陵','guang ling','gul','广陵区','',0,_binary '\0','',NULL,'',NULL,1),(321003,3210,2,'邗江','han jiang','haj','邗江区','',0,_binary '\0','',NULL,'',NULL,1),(321012,3210,2,'江都','jiang du','jid','江都区','',0,_binary '\0','',NULL,'',NULL,1),(321023,3210,2,'宝应','bao ying','bay','宝应县','',0,_binary '\0','',NULL,'',NULL,1),(321071,3210,2,'扬州经济技术开发区','yang zhou jing ji ji shu kai fa qu','yazj','扬州经济技术开发区','',0,_binary '\0','',NULL,'',NULL,1),(321081,3210,2,'仪征','yi zheng','yiz','仪征市','',0,_binary '\0','',NULL,'',NULL,1),(321084,3210,2,'高邮','gao you','gay','高邮市','',0,_binary '\0','',NULL,'',NULL,1),(321102,3211,2,'京口','jing kou','jik','京口区','',0,_binary '\0','',NULL,'',NULL,1),(321111,3211,2,'润州','run zhou','ruz','润州区','',0,_binary '\0','',NULL,'',NULL,1),(321112,3211,2,'丹徒','dan tu','dat','丹徒区','',0,_binary '\0','',NULL,'',NULL,1),(321171,3211,2,'镇江新区','zhen jiang xin qu','zhjx','镇江新区','',0,_binary '\0','',NULL,'',NULL,1),(321181,3211,2,'丹阳','dan yang','day','丹阳市','',0,_binary '\0','',NULL,'',NULL,1),(321182,3211,2,'扬中','yang zhong','yaz','扬中市','',0,_binary '\0','',NULL,'',NULL,1),(321183,3211,2,'句容','ju rong','jur','句容市','',0,_binary '\0','',NULL,'',NULL,1),(321202,3212,2,'海陵','hai ling','hal','海陵区','',0,_binary '\0','',NULL,'',NULL,1),(321203,3212,2,'高港','gao gang','gag','高港区','',0,_binary '\0','',NULL,'',NULL,1),(321204,3212,2,'姜堰','jiang yan','jiy','姜堰区','',0,_binary '\0','',NULL,'',NULL,1),(321271,3212,2,'泰州医药高新技术产业开发区','tai zhou yi yao gao xin ji shu chan ye kai fa qu','tazy','泰州医药高新技术产业开发区','',0,_binary '\0','',NULL,'',NULL,1),(321281,3212,2,'兴化','xing hua','xih','兴化市','',0,_binary '\0','',NULL,'',NULL,1),(321282,3212,2,'靖江','jing jiang','jij','靖江市','',0,_binary '\0','',NULL,'',NULL,1),(321283,3212,2,'泰兴','tai xing','tax','泰兴市','',0,_binary '\0','',NULL,'',NULL,1),(321302,3213,2,'宿城','su cheng','suc','宿城区','',0,_binary '\0','',NULL,'',NULL,1),(321311,3213,2,'宿豫','su yu','suy','宿豫区','',0,_binary '\0','',NULL,'',NULL,1),(321322,3213,2,'沭阳','shu yang','shy','沭阳县','',0,_binary '\0','',NULL,'',NULL,1),(321323,3213,2,'泗阳','si yang','siy','泗阳县','',0,_binary '\0','',NULL,'',NULL,1),(321324,3213,2,'泗洪','si hong','sih','泗洪县','',0,_binary '\0','',NULL,'',NULL,1),(321371,3213,2,'宿迁经济技术开发区','su qian jing ji ji shu kai fa qu','suqj','宿迁经济技术开发区','',0,_binary '\0','',NULL,'',NULL,1),(330102,3301,2,'上城','shang cheng','shc','上城区','',0,_binary '\0','',NULL,'',NULL,1),(330103,3301,2,'下城','xia cheng','xic','下城区','',0,_binary '\0','',NULL,'',NULL,1),(330104,3301,2,'江干','jiang gan','jig','江干区','',0,_binary '\0','',NULL,'',NULL,1),(330105,3301,2,'拱墅','gong shu','gos','拱墅区','',0,_binary '\0','',NULL,'',NULL,1),(330106,3301,2,'西湖','xi hu','xih','西湖区','',0,_binary '\0','',NULL,'',NULL,1),(330108,3301,2,'滨江','bin jiang','bij','滨江区','',0,_binary '\0','',NULL,'',NULL,1),(330109,3301,2,'萧山','xiao shan','xis','萧山区','',0,_binary '\0','',NULL,'',NULL,1),(330110,3301,2,'余杭','yu hang','yuh','余杭区','',0,_binary '\0','',NULL,'',NULL,1),(330111,3301,2,'富阳','fu yang','fuy','富阳区','',0,_binary '\0','',NULL,'',NULL,1),(330112,3301,2,'临安','lin an','lia','临安区','',0,_binary '\0','',NULL,'',NULL,1),(330122,3301,2,'桐庐','tong lu','tol','桐庐县','',0,_binary '\0','',NULL,'',NULL,1),(330127,3301,2,'淳安','chun an','cha','淳安县','',0,_binary '\0','',NULL,'',NULL,1),(330182,3301,2,'建德','jian de','jid','建德市','',0,_binary '\0','',NULL,'',NULL,1),(330203,3302,2,'海曙','hai shu','has','海曙区','',0,_binary '\0','',NULL,'',NULL,1),(330205,3302,2,'江北','jiang bei','jib','江北区','',0,_binary '\0','',NULL,'',NULL,1),(330206,3302,2,'北仑','bei lun','bel','北仑区','',0,_binary '\0','',NULL,'',NULL,1),(330211,3302,2,'镇海','zhen hai','zhh','镇海区','',0,_binary '\0','',NULL,'',NULL,1),(330212,3302,2,'鄞州','yin zhou','yiz','鄞州区','',0,_binary '\0','',NULL,'',NULL,1),(330213,3302,2,'奉化','feng hua','feh','奉化区','',0,_binary '\0','',NULL,'',NULL,1),(330225,3302,2,'象山','xiang shan','xis','象山县','',0,_binary '\0','',NULL,'',NULL,1),(330226,3302,2,'宁海','ning hai','nih','宁海县','',0,_binary '\0','',NULL,'',NULL,1),(330281,3302,2,'余姚','yu yao','yuy','余姚市','',0,_binary '\0','',NULL,'',NULL,1),(330282,3302,2,'慈溪','ci xi','cix','慈溪市','',0,_binary '\0','',NULL,'',NULL,1),(330302,3303,2,'鹿城','lu cheng','luc','鹿城区','',0,_binary '\0','',NULL,'',NULL,1),(330303,3303,2,'龙湾','long wan','low','龙湾区','',0,_binary '\0','',NULL,'',NULL,1),(330304,3303,2,'瓯海','ou hai','ouh','瓯海区','',0,_binary '\0','',NULL,'',NULL,1),(330305,3303,2,'洞头','dong tou','dot','洞头区','',0,_binary '\0','',NULL,'',NULL,1),(330324,3303,2,'永嘉','yong jia','yoj','永嘉县','',0,_binary '\0','',NULL,'',NULL,1),(330326,3303,2,'平阳','ping yang','piy','平阳县','',0,_binary '\0','',NULL,'',NULL,1),(330327,3303,2,'苍南','cang nan','can','苍南县','',0,_binary '\0','',NULL,'',NULL,1),(330328,3303,2,'文成','wen cheng','wec','文成县','',0,_binary '\0','',NULL,'',NULL,1),(330329,3303,2,'泰顺','tai shun','tas','泰顺县','',0,_binary '\0','',NULL,'',NULL,1),(330371,3303,2,'温州经济技术开发区','wen zhou jing ji ji shu kai fa qu','wezj','温州经济技术开发区','',0,_binary '\0','',NULL,'',NULL,1),(330381,3303,2,'瑞安','rui an','rua','瑞安市','',0,_binary '\0','',NULL,'',NULL,1),(330382,3303,2,'乐清','yue qing','yuq','乐清市','',0,_binary '\0','',NULL,'',NULL,1),(330402,3304,2,'南湖','nan hu','nah','南湖区','',0,_binary '\0','',NULL,'',NULL,1),(330411,3304,2,'秀洲','xiu zhou','xiz','秀洲区','',0,_binary '\0','',NULL,'',NULL,1),(330421,3304,2,'嘉善','jia shan','jis','嘉善县','',0,_binary '\0','',NULL,'',NULL,1),(330424,3304,2,'海盐','hai yan','hay','海盐县','',0,_binary '\0','',NULL,'',NULL,1),(330481,3304,2,'海宁','hai ning','han','海宁市','',0,_binary '\0','',NULL,'',NULL,1),(330482,3304,2,'平湖','ping hu','pih','平湖市','',0,_binary '\0','',NULL,'',NULL,1),(330483,3304,2,'桐乡','tong xiang','tox','桐乡市','',0,_binary '\0','',NULL,'',NULL,1),(330502,3305,2,'吴兴','wu xing','wux','吴兴区','',0,_binary '\0','',NULL,'',NULL,1),(330503,3305,2,'南浔','nan xun','nax','南浔区','',0,_binary '\0','',NULL,'',NULL,1),(330521,3305,2,'德清','de qing','deq','德清县','',0,_binary '\0','',NULL,'',NULL,1),(330522,3305,2,'长兴','chang xing','chx','长兴县','',0,_binary '\0','',NULL,'',NULL,1),(330523,3305,2,'安吉','an ji','anj','安吉县','',0,_binary '\0','',NULL,'',NULL,1),(330602,3306,2,'越城','yue cheng','yuc','越城区','',0,_binary '\0','',NULL,'',NULL,1),(330603,3306,2,'柯桥','ke qiao','keq','柯桥区','',0,_binary '\0','',NULL,'',NULL,1),(330604,3306,2,'上虞','shang yu','shy','上虞区','',0,_binary '\0','',NULL,'',NULL,1),(330624,3306,2,'新昌','xin chang','xic','新昌县','',0,_binary '\0','',NULL,'',NULL,1),(330681,3306,2,'诸暨','zhu ji','zhj','诸暨市','',0,_binary '\0','',NULL,'',NULL,1),(330683,3306,2,'嵊州','sheng zhou','shz','嵊州市','',0,_binary '\0','',NULL,'',NULL,1),(330702,3307,2,'婺城','wu cheng','wuc','婺城区','',0,_binary '\0','',NULL,'',NULL,1),(330703,3307,2,'金东','jin dong','jid','金东区','',0,_binary '\0','',NULL,'',NULL,1),(330723,3307,2,'武义','wu yi','wuy','武义县','',0,_binary '\0','',NULL,'',NULL,1),(330726,3307,2,'浦江','pu jiang','puj','浦江县','',0,_binary '\0','',NULL,'',NULL,1),(330727,3307,2,'磐安','pan an','paa','磐安县','',0,_binary '\0','',NULL,'',NULL,1),(330781,3307,2,'兰溪','lan xi','lax','兰溪市','',0,_binary '\0','',NULL,'',NULL,1),(330782,3307,2,'义乌','yi wu','yiw','义乌市','',0,_binary '\0','',NULL,'',NULL,1),(330783,3307,2,'东阳','dong yang','doy','东阳市','',0,_binary '\0','',NULL,'',NULL,1),(330784,3307,2,'永康','yong kang','yok','永康市','',0,_binary '\0','',NULL,'',NULL,1),(330802,3308,2,'柯城','ke cheng','kec','柯城区','',0,_binary '\0','',NULL,'',NULL,1),(330803,3308,2,'衢江','qu jiang','quj','衢江区','',0,_binary '\0','',NULL,'',NULL,1),(330822,3308,2,'常山','chang shan','chs','常山县','',0,_binary '\0','',NULL,'',NULL,1),(330824,3308,2,'开化','kai hua','kah','开化县','',0,_binary '\0','',NULL,'',NULL,1),(330825,3308,2,'龙游','long you','loy','龙游县','',0,_binary '\0','',NULL,'',NULL,1),(330881,3308,2,'江山','jiang shan','jis','江山市','',0,_binary '\0','',NULL,'',NULL,1),(330902,3309,2,'定海','ding hai','dih','定海区','',0,_binary '\0','',NULL,'',NULL,1),(330903,3309,2,'普陀','pu tuo','put','普陀区','',0,_binary '\0','',NULL,'',NULL,1),(330921,3309,2,'岱山','dai shan','das','岱山县','',0,_binary '\0','',NULL,'',NULL,1),(330922,3309,2,'嵊泗','sheng si','shs','嵊泗县','',0,_binary '\0','',NULL,'',NULL,1),(331002,3310,2,'椒江','jiao jiang','jij','椒江区','',0,_binary '\0','',NULL,'',NULL,1),(331003,3310,2,'黄岩','huang yan','huy','黄岩区','',0,_binary '\0','',NULL,'',NULL,1),(331004,3310,2,'路桥','lu qiao','luq','路桥区','',0,_binary '\0','',NULL,'',NULL,1),(331022,3310,2,'三门','san men','sam','三门县','',0,_binary '\0','',NULL,'',NULL,1),(331023,3310,2,'天台','tian tai','tit','天台县','',0,_binary '\0','',NULL,'',NULL,1),(331024,3310,2,'仙居','xian ju','xij','仙居县','',0,_binary '\0','',NULL,'',NULL,1),(331081,3310,2,'温岭','wen ling','wel','温岭市','',0,_binary '\0','',NULL,'',NULL,1),(331082,3310,2,'临海','lin hai','lih','临海市','',0,_binary '\0','',NULL,'',NULL,1),(331083,3310,2,'玉环','yu huan','yuh','玉环市','',0,_binary '\0','',NULL,'',NULL,1),(331102,3311,2,'莲都','lian du','lid','莲都区','',0,_binary '\0','',NULL,'',NULL,1),(331121,3311,2,'青田','qing tian','qit','青田县','',0,_binary '\0','',NULL,'',NULL,1),(331122,3311,2,'缙云','jin yun','jiy','缙云县','',0,_binary '\0','',NULL,'',NULL,1),(331123,3311,2,'遂昌','sui chang','suc','遂昌县','',0,_binary '\0','',NULL,'',NULL,1),(331124,3311,2,'松阳','song yang','soy','松阳县','',0,_binary '\0','',NULL,'',NULL,1),(331125,3311,2,'云和','yun he','yuh','云和县','',0,_binary '\0','',NULL,'',NULL,1),(331126,3311,2,'庆元','qing yuan','qiy','庆元县','',0,_binary '\0','',NULL,'',NULL,1),(331127,3311,2,'景宁畲族自治县','jing ning she zu zi zhi xian','jins','景宁畲族自治县','',0,_binary '\0','',NULL,'',NULL,1),(331181,3311,2,'龙泉','long quan','loq','龙泉市','',0,_binary '\0','',NULL,'',NULL,1),(340102,3401,2,'瑶海','yao hai','yah','瑶海区','',0,_binary '\0','',NULL,'',NULL,1),(340103,3401,2,'庐阳','lu yang','luy','庐阳区','',0,_binary '\0','',NULL,'',NULL,1),(340104,3401,2,'蜀山','shu shan','shs','蜀山区','',0,_binary '\0','',NULL,'',NULL,1),(340111,3401,2,'包河','bao he','bah','包河区','',0,_binary '\0','',NULL,'',NULL,1),(340121,3401,2,'长丰','chang feng','chf','长丰县','',0,_binary '\0','',NULL,'',NULL,1),(340122,3401,2,'肥东','fei dong','fed','肥东县','',0,_binary '\0','',NULL,'',NULL,1),(340123,3401,2,'肥西','fei xi','fex','肥西县','',0,_binary '\0','',NULL,'',NULL,1),(340124,3401,2,'庐江','lu jiang','luj','庐江县','',0,_binary '\0','',NULL,'',NULL,1),(340171,3401,2,'合肥高新技术产业开发区','he fei gao xin ji shu chan ye kai fa qu','hefg','合肥高新技术产业开发区','',0,_binary '\0','',NULL,'',NULL,1),(340172,3401,2,'合肥经济技术开发区','he fei jing ji ji shu kai fa qu','hefj','合肥经济技术开发区','',0,_binary '\0','',NULL,'',NULL,1),(340173,3401,2,'合肥新站高新技术产业开发区','he fei xin zhan gao xin ji shu chan ye kai fa qu','hefx','合肥新站高新技术产业开发区','',0,_binary '\0','',NULL,'',NULL,1),(340181,3401,2,'巢湖','chao hu','chh','巢湖市','',0,_binary '\0','',NULL,'',NULL,1),(340202,3402,2,'镜湖','jing hu','jih','镜湖区','',0,_binary '\0','',NULL,'',NULL,1),(340203,3402,2,'弋江','yi jiang','yij','弋江区','',0,_binary '\0','',NULL,'',NULL,1),(340207,3402,2,'鸠江','jiu jiang','jij','鸠江区','',0,_binary '\0','',NULL,'',NULL,1),(340208,3402,2,'三山','san shan','sas','三山区','',0,_binary '\0','',NULL,'',NULL,1),(340221,3402,2,'芜湖','wu hu','wuh','芜湖县','',0,_binary '\0','',NULL,'',NULL,1),(340222,3402,2,'繁昌','fan chang','fac','繁昌县','',0,_binary '\0','',NULL,'',NULL,1),(340223,3402,2,'南陵','nan ling','nal','南陵县','',0,_binary '\0','',NULL,'',NULL,1),(340225,3402,2,'无为','wu wei','wuw','无为县','',0,_binary '\0','',NULL,'',NULL,1),(340271,3402,2,'芜湖经济技术开发区','wu hu jing ji ji shu kai fa qu','wuhj','芜湖经济技术开发区','',0,_binary '\0','',NULL,'',NULL,1),(340272,3402,2,'安徽芜湖长江大桥经济开发区','an hui wu hu chang jiang da qiao jing ji kai fa qu','anhw','安徽芜湖长江大桥经济开发区','',0,_binary '\0','',NULL,'',NULL,1),(340302,3403,2,'龙子湖','long zi hu','lozh','龙子湖区','',0,_binary '\0','',NULL,'',NULL,1),(340303,3403,2,'蚌山','beng shan','bes','蚌山区','',0,_binary '\0','',NULL,'',NULL,1),(340304,3403,2,'禹会','yu hui','yuh','禹会区','',0,_binary '\0','',NULL,'',NULL,1),(340311,3403,2,'淮上','huai shang','hus','淮上区','',0,_binary '\0','',NULL,'',NULL,1),(340321,3403,2,'怀远','huai yuan','huy','怀远县','',0,_binary '\0','',NULL,'',NULL,1),(340322,3403,2,'五河','wu he','wuh','五河县','',0,_binary '\0','',NULL,'',NULL,1),(340323,3403,2,'固镇','gu zhen','guz','固镇县','',0,_binary '\0','',NULL,'',NULL,1),(340371,3403,2,'蚌埠市高新技术开发区','beng bu shi gao xin ji shu kai fa qu','bebs','蚌埠市高新技术开发区','',0,_binary '\0','',NULL,'',NULL,1),(340372,3403,2,'蚌埠市经济开发区','beng bu shi jing ji kai fa qu','bebs','蚌埠市经济开发区','',0,_binary '\0','',NULL,'',NULL,1),(340402,3404,2,'大通','da tong','dat','大通区','',0,_binary '\0','',NULL,'',NULL,1),(340403,3404,2,'田家庵','tian jia an','tija','田家庵区','',0,_binary '\0','',NULL,'',NULL,1),(340404,3404,2,'谢家集','xie jia ji','xijj','谢家集区','',0,_binary '\0','',NULL,'',NULL,1),(340405,3404,2,'八公山','ba gong shan','bags','八公山区','',0,_binary '\0','',NULL,'',NULL,1),(340406,3404,2,'潘集','pan ji','paj','潘集区','',0,_binary '\0','',NULL,'',NULL,1),(340421,3404,2,'凤台','feng tai','fet','凤台县','',0,_binary '\0','',NULL,'',NULL,1),(340422,3404,2,'寿县','shou xian','shx','寿县','',0,_binary '\0','',NULL,'',NULL,1),(340503,3405,2,'花山','hua shan','hus','花山区','',0,_binary '\0','',NULL,'',NULL,1),(340504,3405,2,'雨山','yu shan','yus','雨山区','',0,_binary '\0','',NULL,'',NULL,1),(340506,3405,2,'博望','bo wang','bow','博望区','',0,_binary '\0','',NULL,'',NULL,1),(340521,3405,2,'当涂','dang tu','dat','当涂县','',0,_binary '\0','',NULL,'',NULL,1),(340522,3405,2,'含山','han shan','has','含山县','',0,_binary '\0','',NULL,'',NULL,1),(340523,3405,2,'和县','he xian','hex','和县','',0,_binary '\0','',NULL,'',NULL,1),(340602,3406,2,'杜集','du ji','duj','杜集区','',0,_binary '\0','',NULL,'',NULL,1),(340603,3406,2,'相山','xiang shan','xis','相山区','',0,_binary '\0','',NULL,'',NULL,1),(340604,3406,2,'烈山','lie shan','lis','烈山区','',0,_binary '\0','',NULL,'',NULL,1),(340621,3406,2,'濉溪','sui xi','sux','濉溪县','',0,_binary '\0','',NULL,'',NULL,1),(340705,3407,2,'铜官','tong guan','tog','铜官区','',0,_binary '\0','',NULL,'',NULL,1),(340706,3407,2,'义安','yi an','yia','义安区','',0,_binary '\0','',NULL,'',NULL,1),(340711,3407,2,'郊区','jiao qu','jiq','郊区','',0,_binary '\0','',NULL,'',NULL,1),(340722,3407,2,'枞阳','zong yang','zoy','枞阳县','',0,_binary '\0','',NULL,'',NULL,1),(340802,3408,2,'迎江','ying jiang','yij','迎江区','',0,_binary '\0','',NULL,'',NULL,1),(340803,3408,2,'大观','da guan','dag','大观区','',0,_binary '\0','',NULL,'',NULL,1),(340811,3408,2,'宜秀','yi xiu','yix','宜秀区','',0,_binary '\0','',NULL,'',NULL,1),(340822,3408,2,'怀宁','huai ning','hun','怀宁县','',0,_binary '\0','',NULL,'',NULL,1),(340824,3408,2,'潜山','qian shan','qis','潜山县','',0,_binary '\0','',NULL,'',NULL,1),(340825,3408,2,'太湖','tai hu','tah','太湖县','',0,_binary '\0','',NULL,'',NULL,1),(340826,3408,2,'宿松','su song','sus','宿松县','',0,_binary '\0','',NULL,'',NULL,1),(340827,3408,2,'望江','wang jiang','waj','望江县','',0,_binary '\0','',NULL,'',NULL,1),(340828,3408,2,'岳西','yue xi','yux','岳西县','',0,_binary '\0','',NULL,'',NULL,1),(340871,3408,2,'安徽安庆经济开发区','an hui an qing jing ji kai fa qu','anha','安徽安庆经济开发区','',0,_binary '\0','',NULL,'',NULL,1),(340881,3408,2,'桐城','tong cheng','toc','桐城市','',0,_binary '\0','',NULL,'',NULL,1),(341002,3410,2,'屯溪','tun xi','tux','屯溪区','',0,_binary '\0','',NULL,'',NULL,1),(341003,3410,2,'黄山','huang shan','hus','黄山区','',0,_binary '\0','',NULL,'',NULL,1),(341004,3410,2,'徽州','hui zhou','huz','徽州区','',0,_binary '\0','',NULL,'',NULL,1),(341021,3410,2,'歙县','she xian','shx','歙县','',0,_binary '\0','',NULL,'',NULL,1),(341022,3410,2,'休宁','xiu ning','xin','休宁县','',0,_binary '\0','',NULL,'',NULL,1),(341023,3410,2,'黟县','yi xian','yix','黟县','',0,_binary '\0','',NULL,'',NULL,1),(341024,3410,2,'祁门','qi men','qim','祁门县','',0,_binary '\0','',NULL,'',NULL,1),(341102,3411,2,'琅琊','lang ya','lay','琅琊区','',0,_binary '\0','',NULL,'',NULL,1),(341103,3411,2,'南谯','nan qiao','naq','南谯区','',0,_binary '\0','',NULL,'',NULL,1),(341122,3411,2,'来安','lai an','laa','来安县','',0,_binary '\0','',NULL,'',NULL,1),(341124,3411,2,'全椒','quan jiao','quj','全椒县','',0,_binary '\0','',NULL,'',NULL,1),(341125,3411,2,'定远','ding yuan','diy','定远县','',0,_binary '\0','',NULL,'',NULL,1),(341126,3411,2,'凤阳','feng yang','fey','凤阳县','',0,_binary '\0','',NULL,'',NULL,1),(341171,3411,2,'苏滁现代产业园','su chu xian dai chan ye yuan','sucx','苏滁现代产业园','',0,_binary '\0','',NULL,'',NULL,1),(341172,3411,2,'滁州经济技术开发区','chu zhou jing ji ji shu kai fa qu','chzj','滁州经济技术开发区','',0,_binary '\0','',NULL,'',NULL,1),(341181,3411,2,'天长','tian chang','tic','天长市','',0,_binary '\0','',NULL,'',NULL,1),(341182,3411,2,'明光','ming guang','mig','明光市','',0,_binary '\0','',NULL,'',NULL,1),(341202,3412,2,'颍州','ying zhou','yiz','颍州区','',0,_binary '\0','',NULL,'',NULL,1),(341203,3412,2,'颍东','ying dong','yid','颍东区','',0,_binary '\0','',NULL,'',NULL,1),(341204,3412,2,'颍泉','ying quan','yiq','颍泉区','',0,_binary '\0','',NULL,'',NULL,1),(341221,3412,2,'临泉','lin quan','liq','临泉县','',0,_binary '\0','',NULL,'',NULL,1),(341222,3412,2,'太和','tai he','tah','太和县','',0,_binary '\0','',NULL,'',NULL,1),(341225,3412,2,'阜南','fu nan','fun','阜南县','',0,_binary '\0','',NULL,'',NULL,1),(341226,3412,2,'颍上','ying shang','yis','颍上县','',0,_binary '\0','',NULL,'',NULL,1),(341271,3412,2,'阜阳合肥现代产业园','fu yang he fei xian dai chan ye yuan','fuyh','阜阳合肥现代产业园区','',0,_binary '\0','',NULL,'',NULL,1),(341272,3412,2,'阜阳经济技术开发区','fu yang jing ji ji shu kai fa qu','fuyj','阜阳经济技术开发区','',0,_binary '\0','',NULL,'',NULL,1),(341282,3412,2,'界首','jie shou','jis','界首市','',0,_binary '\0','',NULL,'',NULL,1),(341302,3413,2,'埇桥','yong qiao','yoq','埇桥区','',0,_binary '\0','',NULL,'',NULL,1),(341321,3413,2,'砀山','dang shan','das','砀山县','',0,_binary '\0','',NULL,'',NULL,1),(341322,3413,2,'萧县','xiao xian','xix','萧县','',0,_binary '\0','',NULL,'',NULL,1),(341323,3413,2,'灵璧','ling bi','lib','灵璧县','',0,_binary '\0','',NULL,'',NULL,1),(341324,3413,2,'泗县','si xian','six','泗县','',0,_binary '\0','',NULL,'',NULL,1),(341371,3413,2,'宿州马鞍山现代产业园','su zhou ma an shan xian dai chan ye yuan','suzm','宿州马鞍山现代产业园区','',0,_binary '\0','',NULL,'',NULL,1),(341372,3413,2,'宿州经济技术开发区','su zhou jing ji ji shu kai fa qu','suzj','宿州经济技术开发区','',0,_binary '\0','',NULL,'',NULL,1),(341502,3415,2,'金安','jin an','jia','金安区','',0,_binary '\0','',NULL,'',NULL,1),(341503,3415,2,'裕安','yu an','yua','裕安区','',0,_binary '\0','',NULL,'',NULL,1),(341504,3415,2,'叶集','ye ji','yej','叶集区','',0,_binary '\0','',NULL,'',NULL,1),(341522,3415,2,'霍邱','huo qiu','huq','霍邱县','',0,_binary '\0','',NULL,'',NULL,1),(341523,3415,2,'舒城','shu cheng','shc','舒城县','',0,_binary '\0','',NULL,'',NULL,1),(341524,3415,2,'金寨','jin zhai','jiz','金寨县','',0,_binary '\0','',NULL,'',NULL,1),(341525,3415,2,'霍山','huo shan','hus','霍山县','',0,_binary '\0','',NULL,'',NULL,1),(341602,3416,2,'谯城','qiao cheng','qic','谯城区','',0,_binary '\0','',NULL,'',NULL,1),(341621,3416,2,'涡阳','guo yang','guy','涡阳县','',0,_binary '\0','',NULL,'',NULL,1),(341622,3416,2,'蒙城','meng cheng','mec','蒙城县','',0,_binary '\0','',NULL,'',NULL,1),(341623,3416,2,'利辛','li xin','lix','利辛县','',0,_binary '\0','',NULL,'',NULL,1),(341702,3417,2,'贵池','gui chi','guc','贵池区','',0,_binary '\0','',NULL,'',NULL,1),(341721,3417,2,'东至','dong zhi','doz','东至县','',0,_binary '\0','',NULL,'',NULL,1),(341722,3417,2,'石台','shi tai','sht','石台县','',0,_binary '\0','',NULL,'',NULL,1),(341723,3417,2,'青阳','qing yang','qiy','青阳县','',0,_binary '\0','',NULL,'',NULL,1),(341802,3418,2,'宣州','xuan zhou','xuz','宣州区','',0,_binary '\0','',NULL,'',NULL,1),(341821,3418,2,'郎溪','lang xi','lax','郎溪县','',0,_binary '\0','',NULL,'',NULL,1),(341822,3418,2,'广德','guang de','gud','广德县','',0,_binary '\0','',NULL,'',NULL,1),(341823,3418,2,'泾县','jing xian','jix','泾县','',0,_binary '\0','',NULL,'',NULL,1),(341824,3418,2,'绩溪','ji xi','jix','绩溪县','',0,_binary '\0','',NULL,'',NULL,1),(341825,3418,2,'旌德','jing de','jid','旌德县','',0,_binary '\0','',NULL,'',NULL,1),(341871,3418,2,'宣城市经济开发区','xuan cheng shi jing ji kai fa qu','xucs','宣城市经济开发区','',0,_binary '\0','',NULL,'',NULL,1),(341881,3418,2,'宁国','ning guo','nig','宁国市','',0,_binary '\0','',NULL,'',NULL,1),(350102,3501,2,'鼓楼','gu lou','gul','鼓楼区','',0,_binary '\0','',NULL,'',NULL,1),(350103,3501,2,'台江','tai jiang','taj','台江区','',0,_binary '\0','',NULL,'',NULL,1),(350104,3501,2,'仓山','cang shan','cas','仓山区','',0,_binary '\0','',NULL,'',NULL,1),(350105,3501,2,'马尾','ma wei','maw','马尾区','',0,_binary '\0','',NULL,'',NULL,1),(350111,3501,2,'晋安','jin an','jia','晋安区','',0,_binary '\0','',NULL,'',NULL,1),(350121,3501,2,'闽侯','min hou','mih','闽侯县','',0,_binary '\0','',NULL,'',NULL,1),(350122,3501,2,'连江','lian jiang','lij','连江县','',0,_binary '\0','',NULL,'',NULL,1),(350123,3501,2,'罗源','luo yuan','luy','罗源县','',0,_binary '\0','',NULL,'',NULL,1),(350124,3501,2,'闽清','min qing','miq','闽清县','',0,_binary '\0','',NULL,'',NULL,1),(350125,3501,2,'永泰','yong tai','yot','永泰县','',0,_binary '\0','',NULL,'',NULL,1),(350128,3501,2,'平潭','ping tan','pit','平潭县','',0,_binary '\0','',NULL,'',NULL,1),(350181,3501,2,'福清','fu qing','fuq','福清市','',0,_binary '\0','',NULL,'',NULL,1),(350182,3501,2,'长乐','chang le','chl','长乐市','',0,_binary '\0','',NULL,'',NULL,1),(350203,3502,2,'思明','si ming','sim','思明区','',0,_binary '\0','',NULL,'',NULL,1),(350205,3502,2,'海沧','hai cang','hac','海沧区','',0,_binary '\0','',NULL,'',NULL,1),(350206,3502,2,'湖里','hu li','hul','湖里区','',0,_binary '\0','',NULL,'',NULL,1),(350211,3502,2,'集美','ji mei','jim','集美区','',0,_binary '\0','',NULL,'',NULL,1),(350212,3502,2,'同安','tong an','toa','同安区','',0,_binary '\0','',NULL,'',NULL,1),(350213,3502,2,'翔安','xiang an','xia','翔安区','',0,_binary '\0','',NULL,'',NULL,1),(350302,3503,2,'城厢','cheng xiang','chx','城厢区','',0,_binary '\0','',NULL,'',NULL,1),(350303,3503,2,'涵江','han jiang','haj','涵江区','',0,_binary '\0','',NULL,'',NULL,1),(350304,3503,2,'荔城','li cheng','lic','荔城区','',0,_binary '\0','',NULL,'',NULL,1),(350305,3503,2,'秀屿','xiu yu','xiy','秀屿区','',0,_binary '\0','',NULL,'',NULL,1),(350322,3503,2,'仙游','xian you','xiy','仙游县','',0,_binary '\0','',NULL,'',NULL,1),(350402,3504,2,'梅列','mei lie','mel','梅列区','',0,_binary '\0','',NULL,'',NULL,1),(350403,3504,2,'三元','san yuan','say','三元区','',0,_binary '\0','',NULL,'',NULL,1),(350421,3504,2,'明溪','ming xi','mix','明溪县','',0,_binary '\0','',NULL,'',NULL,1),(350423,3504,2,'清流','qing liu','qil','清流县','',0,_binary '\0','',NULL,'',NULL,1),(350424,3504,2,'宁化','ning hua','nih','宁化县','',0,_binary '\0','',NULL,'',NULL,1),(350425,3504,2,'大田','da tian','dat','大田县','',0,_binary '\0','',NULL,'',NULL,1),(350426,3504,2,'尤溪','you xi','yox','尤溪县','',0,_binary '\0','',NULL,'',NULL,1),(350427,3504,2,'沙县','sha xian','shx','沙县','',0,_binary '\0','',NULL,'',NULL,1),(350428,3504,2,'将乐','jiang le','jil','将乐县','',0,_binary '\0','',NULL,'',NULL,1),(350429,3504,2,'泰宁','tai ning','tan','泰宁县','',0,_binary '\0','',NULL,'',NULL,1),(350430,3504,2,'建宁','jian ning','jin','建宁县','',0,_binary '\0','',NULL,'',NULL,1),(350481,3504,2,'永安','yong an','yoa','永安市','',0,_binary '\0','',NULL,'',NULL,1),(350502,3505,2,'鲤城','li cheng','lic','鲤城区','',0,_binary '\0','',NULL,'',NULL,1),(350503,3505,2,'丰泽','feng ze','fez','丰泽区','',0,_binary '\0','',NULL,'',NULL,1),(350504,3505,2,'洛江','luo jiang','luj','洛江区','',0,_binary '\0','',NULL,'',NULL,1),(350505,3505,2,'泉港','quan gang','qug','泉港区','',0,_binary '\0','',NULL,'',NULL,1),(350521,3505,2,'惠安','hui an','hua','惠安县','',0,_binary '\0','',NULL,'',NULL,1),(350524,3505,2,'安溪','an xi','anx','安溪县','',0,_binary '\0','',NULL,'',NULL,1),(350525,3505,2,'永春','yong chun','yoc','永春县','',0,_binary '\0','',NULL,'',NULL,1),(350526,3505,2,'德化','de hua','deh','德化县','',0,_binary '\0','',NULL,'',NULL,1),(350527,3505,2,'金门','jin men','jim','金门县','',0,_binary '\0','',NULL,'',NULL,1),(350581,3505,2,'石狮','shi shi','shs','石狮市','',0,_binary '\0','',NULL,'',NULL,1),(350582,3505,2,'晋江','jin jiang','jij','晋江市','',0,_binary '\0','',NULL,'',NULL,1),(350583,3505,2,'南安','nan an','naa','南安市','',0,_binary '\0','',NULL,'',NULL,1),(350602,3506,2,'芗城','xiang cheng','xic','芗城区','',0,_binary '\0','',NULL,'',NULL,1),(350603,3506,2,'龙文','long wen','low','龙文区','',0,_binary '\0','',NULL,'',NULL,1),(350622,3506,2,'云霄','yun xiao','yux','云霄县','',0,_binary '\0','',NULL,'',NULL,1),(350623,3506,2,'漳浦','zhang pu','zhp','漳浦县','',0,_binary '\0','',NULL,'',NULL,1),(350624,3506,2,'诏安','zhao an','zha','诏安县','',0,_binary '\0','',NULL,'',NULL,1),(350625,3506,2,'长泰','chang tai','cht','长泰县','',0,_binary '\0','',NULL,'',NULL,1),(350626,3506,2,'东山','dong shan','dos','东山县','',0,_binary '\0','',NULL,'',NULL,1),(350627,3506,2,'南靖','nan jing','naj','南靖县','',0,_binary '\0','',NULL,'',NULL,1),(350628,3506,2,'平和','ping he','pih','平和县','',0,_binary '\0','',NULL,'',NULL,1),(350629,3506,2,'华安','hua an','hua','华安县','',0,_binary '\0','',NULL,'',NULL,1),(350681,3506,2,'龙海','long hai','loh','龙海市','',0,_binary '\0','',NULL,'',NULL,1),(350702,3507,2,'延平','yan ping','yap','延平区','',0,_binary '\0','',NULL,'',NULL,1),(350703,3507,2,'建阳','jian yang','jiy','建阳区','',0,_binary '\0','',NULL,'',NULL,1),(350721,3507,2,'顺昌','shun chang','shc','顺昌县','',0,_binary '\0','',NULL,'',NULL,1),(350722,3507,2,'浦城','pu cheng','puc','浦城县','',0,_binary '\0','',NULL,'',NULL,1),(350723,3507,2,'光泽','guang ze','guz','光泽县','',0,_binary '\0','',NULL,'',NULL,1),(350724,3507,2,'松溪','song xi','sox','松溪县','',0,_binary '\0','',NULL,'',NULL,1),(350725,3507,2,'政和','zheng he','zhh','政和县','',0,_binary '\0','',NULL,'',NULL,1),(350781,3507,2,'邵武','shao wu','shw','邵武市','',0,_binary '\0','',NULL,'',NULL,1),(350782,3507,2,'武夷山','wu yi shan','wuys','武夷山市','',0,_binary '\0','',NULL,'',NULL,1),(350783,3507,2,'建瓯','jian ou','jio','建瓯市','',0,_binary '\0','',NULL,'',NULL,1),(350802,3508,2,'新罗','xin luo','xil','新罗区','',0,_binary '\0','',NULL,'',NULL,1),(350803,3508,2,'永定','yong ding','yod','永定区','',0,_binary '\0','',NULL,'',NULL,1),(350821,3508,2,'长汀','chang ting','cht','长汀县','',0,_binary '\0','',NULL,'',NULL,1),(350823,3508,2,'上杭','shang hang','shh','上杭县','',0,_binary '\0','',NULL,'',NULL,1),(350824,3508,2,'武平','wu ping','wup','武平县','',0,_binary '\0','',NULL,'',NULL,1),(350825,3508,2,'连城','lian cheng','lic','连城县','',0,_binary '\0','',NULL,'',NULL,1),(350881,3508,2,'漳平','zhang ping','zhp','漳平市','',0,_binary '\0','',NULL,'',NULL,1),(350902,3509,2,'蕉城','jiao cheng','jic','蕉城区','',0,_binary '\0','',NULL,'',NULL,1),(350921,3509,2,'霞浦','xia pu','xip','霞浦县','',0,_binary '\0','',NULL,'',NULL,1),(350922,3509,2,'古田','gu tian','gut','古田县','',0,_binary '\0','',NULL,'',NULL,1),(350923,3509,2,'屏南','ping nan','pin','屏南县','',0,_binary '\0','',NULL,'',NULL,1),(350924,3509,2,'寿宁','shou ning','shn','寿宁县','',0,_binary '\0','',NULL,'',NULL,1),(350925,3509,2,'周宁','zhou ning','zhn','周宁县','',0,_binary '\0','',NULL,'',NULL,1),(350926,3509,2,'柘荣','zhe rong','zhr','柘荣县','',0,_binary '\0','',NULL,'',NULL,1),(350981,3509,2,'福安','fu an','fua','福安市','',0,_binary '\0','',NULL,'',NULL,1),(350982,3509,2,'福鼎','fu ding','fud','福鼎市','',0,_binary '\0','',NULL,'',NULL,1),(360102,3601,2,'东湖','dong hu','doh','东湖区','',0,_binary '\0','',NULL,'',NULL,1),(360103,3601,2,'西湖','xi hu','xih','西湖区','',0,_binary '\0','',NULL,'',NULL,1),(360104,3601,2,'青云谱','qing yun pu','qiyp','青云谱区','',0,_binary '\0','',NULL,'',NULL,1),(360105,3601,2,'湾里','wan li','wal','湾里区','',0,_binary '\0','',NULL,'',NULL,1),(360111,3601,2,'青山湖','qing shan hu','qish','青山湖区','',0,_binary '\0','',NULL,'',NULL,1),(360112,3601,2,'新建','xin jian','xij','新建区','',0,_binary '\0','',NULL,'',NULL,1),(360121,3601,2,'南昌','nan chang','nac','南昌县','',0,_binary '\0','',NULL,'',NULL,1),(360123,3601,2,'安义','an yi','any','安义县','',0,_binary '\0','',NULL,'',NULL,1),(360124,3601,2,'进贤','jin xian','jix','进贤县','',0,_binary '\0','',NULL,'',NULL,1),(360202,3602,2,'昌江','chang jiang','chj','昌江区','',0,_binary '\0','',NULL,'',NULL,1),(360203,3602,2,'珠山','zhu shan','zhs','珠山区','',0,_binary '\0','',NULL,'',NULL,1),(360222,3602,2,'浮梁','fu liang','ful','浮梁县','',0,_binary '\0','',NULL,'',NULL,1),(360281,3602,2,'乐平','le ping','lep','乐平市','',0,_binary '\0','',NULL,'',NULL,1),(360302,3603,2,'安源','an yuan','any','安源区','',0,_binary '\0','',NULL,'',NULL,1),(360313,3603,2,'湘东','xiang dong','xid','湘东区','',0,_binary '\0','',NULL,'',NULL,1),(360321,3603,2,'莲花','lian hua','lih','莲花县','',0,_binary '\0','',NULL,'',NULL,1),(360322,3603,2,'上栗','shang li','shl','上栗县','',0,_binary '\0','',NULL,'',NULL,1),(360323,3603,2,'芦溪','lu xi','lux','芦溪县','',0,_binary '\0','',NULL,'',NULL,1),(360402,3604,2,'濂溪','lian xi','lix','濂溪区','',0,_binary '\0','',NULL,'',NULL,1),(360403,3604,2,'浔阳','xun yang','xuy','浔阳区','',0,_binary '\0','',NULL,'',NULL,1),(360404,3604,2,'柴桑','chai sang','chs','柴桑区','',0,_binary '\0','',NULL,'',NULL,1),(360423,3604,2,'武宁','wu ning','wun','武宁县','',0,_binary '\0','',NULL,'',NULL,1),(360424,3604,2,'修水','xiu shui','xis','修水县','',0,_binary '\0','',NULL,'',NULL,1),(360425,3604,2,'永修','yong xiu','yox','永修县','',0,_binary '\0','',NULL,'',NULL,1),(360426,3604,2,'德安','de an','dea','德安县','',0,_binary '\0','',NULL,'',NULL,1),(360428,3604,2,'都昌','du chang','duc','都昌县','',0,_binary '\0','',NULL,'',NULL,1),(360429,3604,2,'湖口','hu kou','huk','湖口县','',0,_binary '\0','',NULL,'',NULL,1),(360430,3604,2,'彭泽','peng ze','pez','彭泽县','',0,_binary '\0','',NULL,'',NULL,1),(360481,3604,2,'瑞昌','rui chang','ruc','瑞昌市','',0,_binary '\0','',NULL,'',NULL,1),(360482,3604,2,'共青城','gong qing cheng','goqc','共青城市','',0,_binary '\0','',NULL,'',NULL,1),(360483,3604,2,'庐山','lu shan','lus','庐山市','',0,_binary '\0','',NULL,'',NULL,1),(360502,3605,2,'渝水','yu shui','yus','渝水区','',0,_binary '\0','',NULL,'',NULL,1),(360521,3605,2,'分宜','fen yi','fey','分宜县','',0,_binary '\0','',NULL,'',NULL,1),(360602,3606,2,'月湖','yue hu','yuh','月湖区','',0,_binary '\0','',NULL,'',NULL,1),(360622,3606,2,'余江','yu jiang','yuj','余江县','',0,_binary '\0','',NULL,'',NULL,1),(360681,3606,2,'贵溪','gui xi','gux','贵溪市','',0,_binary '\0','',NULL,'',NULL,1),(360702,3607,2,'章贡','zhang gong','zhg','章贡区','',0,_binary '\0','',NULL,'',NULL,1),(360703,3607,2,'南康','nan kang','nak','南康区','',0,_binary '\0','',NULL,'',NULL,1),(360704,3607,2,'赣县','gan xian','gax','赣县区','',0,_binary '\0','',NULL,'',NULL,1),(360722,3607,2,'信丰','xin feng','xif','信丰县','',0,_binary '\0','',NULL,'',NULL,1),(360723,3607,2,'大余','da yu','day','大余县','',0,_binary '\0','',NULL,'',NULL,1),(360724,3607,2,'上犹','shang you','shy','上犹县','',0,_binary '\0','',NULL,'',NULL,1),(360725,3607,2,'崇义','chong yi','chy','崇义县','',0,_binary '\0','',NULL,'',NULL,1),(360726,3607,2,'安远','an yuan','any','安远县','',0,_binary '\0','',NULL,'',NULL,1),(360727,3607,2,'龙南','long nan','lon','龙南县','',0,_binary '\0','',NULL,'',NULL,1),(360728,3607,2,'定南','ding nan','din','定南县','',0,_binary '\0','',NULL,'',NULL,1),(360729,3607,2,'全南','quan nan','qun','全南县','',0,_binary '\0','',NULL,'',NULL,1),(360730,3607,2,'宁都','ning du','nid','宁都县','',0,_binary '\0','',NULL,'',NULL,1),(360731,3607,2,'于都','yu du','yud','于都县','',0,_binary '\0','',NULL,'',NULL,1),(360732,3607,2,'兴国','xing guo','xig','兴国县','',0,_binary '\0','',NULL,'',NULL,1),(360733,3607,2,'会昌','hui chang','huc','会昌县','',0,_binary '\0','',NULL,'',NULL,1),(360734,3607,2,'寻乌','xun wu','xuw','寻乌县','',0,_binary '\0','',NULL,'',NULL,1),(360735,3607,2,'石城','shi cheng','shc','石城县','',0,_binary '\0','',NULL,'',NULL,1),(360781,3607,2,'瑞金','rui jin','ruj','瑞金市','',0,_binary '\0','',NULL,'',NULL,1),(360802,3608,2,'吉州','ji zhou','jiz','吉州区','',0,_binary '\0','',NULL,'',NULL,1),(360803,3608,2,'青原','qing yuan','qiy','青原区','',0,_binary '\0','',NULL,'',NULL,1),(360821,3608,2,'吉安','ji an','jia','吉安县','',0,_binary '\0','',NULL,'',NULL,1),(360822,3608,2,'吉水','ji shui','jis','吉水县','',0,_binary '\0','',NULL,'',NULL,1),(360823,3608,2,'峡江','xia jiang','xij','峡江县','',0,_binary '\0','',NULL,'',NULL,1),(360824,3608,2,'新干','xin gan','xig','新干县','',0,_binary '\0','',NULL,'',NULL,1),(360825,3608,2,'永丰','yong feng','yof','永丰县','',0,_binary '\0','',NULL,'',NULL,1),(360826,3608,2,'泰和','tai he','tah','泰和县','',0,_binary '\0','',NULL,'',NULL,1),(360827,3608,2,'遂川','sui chuan','suc','遂川县','',0,_binary '\0','',NULL,'',NULL,1),(360828,3608,2,'万安','wan an','waa','万安县','',0,_binary '\0','',NULL,'',NULL,1),(360829,3608,2,'安福','an fu','anf','安福县','',0,_binary '\0','',NULL,'',NULL,1),(360830,3608,2,'永新','yong xin','yox','永新县','',0,_binary '\0','',NULL,'',NULL,1),(360881,3608,2,'井冈山','jing gang shan','jigs','井冈山市','',0,_binary '\0','',NULL,'',NULL,1),(360902,3609,2,'袁州','yuan zhou','yuz','袁州区','',0,_binary '\0','',NULL,'',NULL,1),(360921,3609,2,'奉新','feng xin','fex','奉新县','',0,_binary '\0','',NULL,'',NULL,1),(360922,3609,2,'万载','wan zai','waz','万载县','',0,_binary '\0','',NULL,'',NULL,1),(360923,3609,2,'上高','shang gao','shg','上高县','',0,_binary '\0','',NULL,'',NULL,1),(360924,3609,2,'宜丰','yi feng','yif','宜丰县','',0,_binary '\0','',NULL,'',NULL,1),(360925,3609,2,'靖安','jing an','jia','靖安县','',0,_binary '\0','',NULL,'',NULL,1),(360926,3609,2,'铜鼓','tong gu','tog','铜鼓县','',0,_binary '\0','',NULL,'',NULL,1),(360981,3609,2,'丰城','feng cheng','fec','丰城市','',0,_binary '\0','',NULL,'',NULL,1),(360982,3609,2,'樟树','zhang shu','zhs','樟树市','',0,_binary '\0','',NULL,'',NULL,1),(360983,3609,2,'高安','gao an','gaa','高安市','',0,_binary '\0','',NULL,'',NULL,1),(361002,3610,2,'临川','lin chuan','lic','临川区','',0,_binary '\0','',NULL,'',NULL,1),(361003,3610,2,'东乡','dong xiang','dox','东乡区','',0,_binary '\0','',NULL,'',NULL,1),(361021,3610,2,'南城','nan cheng','nac','南城县','',0,_binary '\0','',NULL,'',NULL,1),(361022,3610,2,'黎川','li chuan','lic','黎川县','',0,_binary '\0','',NULL,'',NULL,1),(361023,3610,2,'南丰','nan feng','naf','南丰县','',0,_binary '\0','',NULL,'',NULL,1),(361024,3610,2,'崇仁','chong ren','chr','崇仁县','',0,_binary '\0','',NULL,'',NULL,1),(361025,3610,2,'乐安','le an','lea','乐安县','',0,_binary '\0','',NULL,'',NULL,1),(361026,3610,2,'宜黄','yi huang','yih','宜黄县','',0,_binary '\0','',NULL,'',NULL,1),(361027,3610,2,'金溪','jin xi','jix','金溪县','',0,_binary '\0','',NULL,'',NULL,1),(361028,3610,2,'资溪','zi xi','zix','资溪县','',0,_binary '\0','',NULL,'',NULL,1),(361030,3610,2,'广昌','guang chang','guc','广昌县','',0,_binary '\0','',NULL,'',NULL,1),(361102,3611,2,'信州','xin zhou','xiz','信州区','',0,_binary '\0','',NULL,'',NULL,1),(361103,3611,2,'广丰','guang feng','guf','广丰区','',0,_binary '\0','',NULL,'',NULL,1),(361121,3611,2,'上饶','shang rao','shr','上饶县','',0,_binary '\0','',NULL,'',NULL,1),(361123,3611,2,'玉山','yu shan','yus','玉山县','',0,_binary '\0','',NULL,'',NULL,1),(361124,3611,2,'铅山','yan shan','yas','铅山县','',0,_binary '\0','',NULL,'',NULL,1),(361125,3611,2,'横峰','heng feng','hef','横峰县','',0,_binary '\0','',NULL,'',NULL,1),(361126,3611,2,'弋阳','yi yang','yiy','弋阳县','',0,_binary '\0','',NULL,'',NULL,1),(361127,3611,2,'余干','yu gan','yug','余干县','',0,_binary '\0','',NULL,'',NULL,1),(361128,3611,2,'鄱阳','po yang','poy','鄱阳县','',0,_binary '\0','',NULL,'',NULL,1),(361129,3611,2,'万年','wan nian','wan','万年县','',0,_binary '\0','',NULL,'',NULL,1),(361130,3611,2,'婺源','wu yuan','wuy','婺源县','',0,_binary '\0','',NULL,'',NULL,1),(361181,3611,2,'德兴','de xing','dex','德兴市','',0,_binary '\0','',NULL,'',NULL,1),(370102,3701,2,'历下','li xia','lix','历下区','',0,_binary '\0','',NULL,'',NULL,1),(370103,3701,2,'市中','shi zhong','shz','市中区','',0,_binary '\0','',NULL,'',NULL,1),(370104,3701,2,'槐荫','huai yin','huy','槐荫区','',0,_binary '\0','',NULL,'',NULL,1),(370105,3701,2,'天桥','tian qiao','tiq','天桥区','',0,_binary '\0','',NULL,'',NULL,1),(370112,3701,2,'历城','li cheng','lic','历城区','',0,_binary '\0','',NULL,'',NULL,1),(370113,3701,2,'长清','chang qing','chq','长清区','',0,_binary '\0','',NULL,'',NULL,1),(370114,3701,2,'章丘','zhang qiu','zhq','章丘区','',0,_binary '\0','',NULL,'',NULL,1),(370124,3701,2,'平阴','ping yin','piy','平阴县','',0,_binary '\0','',NULL,'',NULL,1),(370125,3701,2,'济阳','ji yang','jiy','济阳县','',0,_binary '\0','',NULL,'',NULL,1),(370126,3701,2,'商河','shang he','shh','商河县','',0,_binary '\0','',NULL,'',NULL,1),(370171,3701,2,'济南高新技术产业开发区','ji nan gao xin ji shu chan ye kai fa qu','jing','济南高新技术产业开发区','',0,_binary '\0','',NULL,'',NULL,1),(370202,3702,2,'市南','shi nan','shn','市南区','',0,_binary '\0','',NULL,'',NULL,1),(370203,3702,2,'市北','shi bei','shb','市北区','',0,_binary '\0','',NULL,'',NULL,1),(370211,3702,2,'黄岛','huang dao','hud','黄岛区','',0,_binary '\0','',NULL,'',NULL,1),(370212,3702,2,'崂山','lao shan','las','崂山区','',0,_binary '\0','',NULL,'',NULL,1),(370213,3702,2,'李沧','li cang','lic','李沧区','',0,_binary '\0','',NULL,'',NULL,1),(370214,3702,2,'城阳','cheng yang','chy','城阳区','',0,_binary '\0','',NULL,'',NULL,1),(370215,3702,2,'即墨','ji mo','jim','即墨区','',0,_binary '\0','',NULL,'',NULL,1),(370271,3702,2,'青岛高新技术产业开发区','qing dao gao xin ji shu chan ye kai fa qu','qidg','青岛高新技术产业开发区','',0,_binary '\0','',NULL,'',NULL,1),(370281,3702,2,'胶州','jiao zhou','jiz','胶州市','',0,_binary '\0','',NULL,'',NULL,1),(370283,3702,2,'平度','ping du','pid','平度市','',0,_binary '\0','',NULL,'',NULL,1),(370285,3702,2,'莱西','lai xi','lax','莱西市','',0,_binary '\0','',NULL,'',NULL,1),(370302,3703,2,'淄川','zi chuan','zic','淄川区','',0,_binary '\0','',NULL,'',NULL,1),(370303,3703,2,'张店','zhang dian','zhd','张店区','',0,_binary '\0','',NULL,'',NULL,1),(370304,3703,2,'博山','bo shan','bos','博山区','',0,_binary '\0','',NULL,'',NULL,1),(370305,3703,2,'临淄','lin zi','liz','临淄区','',0,_binary '\0','',NULL,'',NULL,1),(370306,3703,2,'周村','zhou cun','zhc','周村区','',0,_binary '\0','',NULL,'',NULL,1),(370321,3703,2,'桓台','huan tai','hut','桓台县','',0,_binary '\0','',NULL,'',NULL,1),(370322,3703,2,'高青','gao qing','gaq','高青县','',0,_binary '\0','',NULL,'',NULL,1),(370323,3703,2,'沂源','yi yuan','yiy','沂源县','',0,_binary '\0','',NULL,'',NULL,1),(370402,3704,2,'市中','shi zhong','shz','市中区','',0,_binary '\0','',NULL,'',NULL,1),(370403,3704,2,'薛城','xue cheng','xuc','薛城区','',0,_binary '\0','',NULL,'',NULL,1),(370404,3704,2,'峄城','yi cheng','yic','峄城区','',0,_binary '\0','',NULL,'',NULL,1),(370405,3704,2,'台儿庄','tai er zhuang','taez','台儿庄区','',0,_binary '\0','',NULL,'',NULL,1),(370406,3704,2,'山亭','shan ting','sht','山亭区','',0,_binary '\0','',NULL,'',NULL,1),(370481,3704,2,'滕州','teng zhou','tez','滕州市','',0,_binary '\0','',NULL,'',NULL,1),(370502,3705,2,'东营','dong ying','doy','东营区','',0,_binary '\0','',NULL,'',NULL,1),(370503,3705,2,'河口','he kou','hek','河口区','',0,_binary '\0','',NULL,'',NULL,1),(370505,3705,2,'垦利','ken li','kel','垦利区','',0,_binary '\0','',NULL,'',NULL,1),(370522,3705,2,'利津','li jin','lij','利津县','',0,_binary '\0','',NULL,'',NULL,1),(370523,3705,2,'广饶','guang rao','gur','广饶县','',0,_binary '\0','',NULL,'',NULL,1),(370571,3705,2,'东营经济技术开发区','dong ying jing ji ji shu kai fa qu','doyj','东营经济技术开发区','',0,_binary '\0','',NULL,'',NULL,1),(370572,3705,2,'东营港经济开发区','dong ying gang jing ji kai fa qu','doyg','东营港经济开发区','',0,_binary '\0','',NULL,'',NULL,1),(370602,3706,2,'芝罘','zhi fu','zhf','芝罘区','',0,_binary '\0','',NULL,'',NULL,1),(370611,3706,2,'福山','fu shan','fus','福山区','',0,_binary '\0','',NULL,'',NULL,1),(370612,3706,2,'牟平','mu ping','mup','牟平区','',0,_binary '\0','',NULL,'',NULL,1),(370613,3706,2,'莱山','lai shan','las','莱山区','',0,_binary '\0','',NULL,'',NULL,1),(370634,3706,2,'长岛','chang dao','chd','长岛县','',0,_binary '\0','',NULL,'',NULL,1),(370671,3706,2,'烟台高新技术产业开发区','yan tai gao xin ji shu chan ye kai fa qu','yatg','烟台高新技术产业开发区','',0,_binary '\0','',NULL,'',NULL,1),(370672,3706,2,'烟台经济技术开发区','yan tai jing ji ji shu kai fa qu','yatj','烟台经济技术开发区','',0,_binary '\0','',NULL,'',NULL,1),(370681,3706,2,'龙口','long kou','lok','龙口市','',0,_binary '\0','',NULL,'',NULL,1),(370682,3706,2,'莱阳','lai yang','lay','莱阳市','',0,_binary '\0','',NULL,'',NULL,1),(370683,3706,2,'莱州','lai zhou','laz','莱州市','',0,_binary '\0','',NULL,'',NULL,1),(370684,3706,2,'蓬莱','peng lai','pel','蓬莱市','',0,_binary '\0','',NULL,'',NULL,1),(370685,3706,2,'招远','zhao yuan','zhy','招远市','',0,_binary '\0','',NULL,'',NULL,1),(370686,3706,2,'栖霞','qi xia','qix','栖霞市','',0,_binary '\0','',NULL,'',NULL,1),(370687,3706,2,'海阳','hai yang','hay','海阳市','',0,_binary '\0','',NULL,'',NULL,1),(370702,3707,2,'潍城','wei cheng','wec','潍城区','',0,_binary '\0','',NULL,'',NULL,1),(370703,3707,2,'寒亭','han ting','hat','寒亭区','',0,_binary '\0','',NULL,'',NULL,1),(370704,3707,2,'坊子','fang zi','faz','坊子区','',0,_binary '\0','',NULL,'',NULL,1),(370705,3707,2,'奎文','kui wen','kuw','奎文区','',0,_binary '\0','',NULL,'',NULL,1),(370724,3707,2,'临朐','lin qu','liq','临朐县','',0,_binary '\0','',NULL,'',NULL,1),(370725,3707,2,'昌乐','chang le','chl','昌乐县','',0,_binary '\0','',NULL,'',NULL,1),(370772,3707,2,'潍坊滨海经济技术开发区','wei fang bin hai jing ji ji shu kai fa qu','wefb','潍坊滨海经济技术开发区','',0,_binary '\0','',NULL,'',NULL,1),(370781,3707,2,'青州','qing zhou','qiz','青州市','',0,_binary '\0','',NULL,'',NULL,1),(370782,3707,2,'诸城','zhu cheng','zhc','诸城市','',0,_binary '\0','',NULL,'',NULL,1),(370783,3707,2,'寿光','shou guang','shg','寿光市','',0,_binary '\0','',NULL,'',NULL,1),(370784,3707,2,'安丘','an qiu','anq','安丘市','',0,_binary '\0','',NULL,'',NULL,1),(370785,3707,2,'高密','gao mi','gam','高密市','',0,_binary '\0','',NULL,'',NULL,1),(370786,3707,2,'昌邑','chang yi','chy','昌邑市','',0,_binary '\0','',NULL,'',NULL,1),(370811,3708,2,'任城','ren cheng','rec','任城区','',0,_binary '\0','',NULL,'',NULL,1),(370812,3708,2,'兖州','yan zhou','yaz','兖州区','',0,_binary '\0','',NULL,'',NULL,1),(370826,3708,2,'微山','wei shan','wes','微山县','',0,_binary '\0','',NULL,'',NULL,1),(370827,3708,2,'鱼台','yu tai','yut','鱼台县','',0,_binary '\0','',NULL,'',NULL,1),(370828,3708,2,'金乡','jin xiang','jix','金乡县','',0,_binary '\0','',NULL,'',NULL,1),(370829,3708,2,'嘉祥','jia xiang','jix','嘉祥县','',0,_binary '\0','',NULL,'',NULL,1),(370830,3708,2,'汶上','wen shang','wes','汶上县','',0,_binary '\0','',NULL,'',NULL,1),(370831,3708,2,'泗水','si shui','sis','泗水县','',0,_binary '\0','',NULL,'',NULL,1),(370832,3708,2,'梁山','liang shan','lis','梁山县','',0,_binary '\0','',NULL,'',NULL,1),(370871,3708,2,'济宁高新技术产业开发区','ji ning gao xin ji shu chan ye kai fa qu','jing','济宁高新技术产业开发区','',0,_binary '\0','',NULL,'',NULL,1),(370881,3708,2,'曲阜','qu fu','quf','曲阜市','',0,_binary '\0','',NULL,'',NULL,1),(370883,3708,2,'邹城','zou cheng','zoc','邹城市','',0,_binary '\0','',NULL,'',NULL,1),(370902,3709,2,'泰山','tai shan','tas','泰山区','',0,_binary '\0','',NULL,'',NULL,1),(370911,3709,2,'岱岳','dai yue','day','岱岳区','',0,_binary '\0','',NULL,'',NULL,1),(370921,3709,2,'宁阳','ning yang','niy','宁阳县','',0,_binary '\0','',NULL,'',NULL,1),(370923,3709,2,'东平','dong ping','dop','东平县','',0,_binary '\0','',NULL,'',NULL,1),(370982,3709,2,'新泰','xin tai','xit','新泰市','',0,_binary '\0','',NULL,'',NULL,1),(370983,3709,2,'肥城','fei cheng','fec','肥城市','',0,_binary '\0','',NULL,'',NULL,1),(371002,3710,2,'环翠','huan cui','huc','环翠区','',0,_binary '\0','',NULL,'',NULL,1),(371003,3710,2,'文登','wen deng','wed','文登区','',0,_binary '\0','',NULL,'',NULL,1),(371071,3710,2,'威海火炬高技术产业开发区','wei hai huo ju gao ji shu chan ye kai fa qu','wehh','威海火炬高技术产业开发区','',0,_binary '\0','',NULL,'',NULL,1),(371072,3710,2,'威海经济技术开发区','wei hai jing ji ji shu kai fa qu','wehj','威海经济技术开发区','',0,_binary '\0','',NULL,'',NULL,1),(371073,3710,2,'威海临港经济技术开发区','wei hai lin gang jing ji ji shu kai fa qu','wehl','威海临港经济技术开发区','',0,_binary '\0','',NULL,'',NULL,1),(371082,3710,2,'荣成','rong cheng','roc','荣成市','',0,_binary '\0','',NULL,'',NULL,1),(371083,3710,2,'乳山','ru shan','rus','乳山市','',0,_binary '\0','',NULL,'',NULL,1),(371102,3711,2,'东港','dong gang','dog','东港区','',0,_binary '\0','',NULL,'',NULL,1),(371103,3711,2,'岚山','lan shan','las','岚山区','',0,_binary '\0','',NULL,'',NULL,1),(371121,3711,2,'五莲','wu lian','wul','五莲县','',0,_binary '\0','',NULL,'',NULL,1),(371122,3711,2,'莒县','ju xian','jux','莒县','',0,_binary '\0','',NULL,'',NULL,1),(371171,3711,2,'日照经济技术开发区','ri zhao jing ji ji shu kai fa qu','rizj','日照经济技术开发区','',0,_binary '\0','',NULL,'',NULL,1),(371172,3711,2,'日照国际海洋城','ri zhao guo ji hai yang cheng','rizg','日照国际海洋城','',0,_binary '\0','',NULL,'',NULL,1),(371202,3712,2,'莱城','lai cheng','lac','莱城区','',0,_binary '\0','',NULL,'',NULL,1),(371203,3712,2,'钢城','gang cheng','gac','钢城区','',0,_binary '\0','',NULL,'',NULL,1),(371302,3713,2,'兰山','lan shan','las','兰山区','',0,_binary '\0','',NULL,'',NULL,1),(371311,3713,2,'罗庄','luo zhuang','luz','罗庄区','',0,_binary '\0','',NULL,'',NULL,1),(371312,3713,2,'河东','he dong','hed','河东区','',0,_binary '\0','',NULL,'',NULL,1),(371321,3713,2,'沂南','yi nan','yin','沂南县','',0,_binary '\0','',NULL,'',NULL,1),(371322,3713,2,'郯城','tan cheng','tac','郯城县','',0,_binary '\0','',NULL,'',NULL,1),(371323,3713,2,'沂水','yi shui','yis','沂水县','',0,_binary '\0','',NULL,'',NULL,1),(371324,3713,2,'兰陵','lan ling','lal','兰陵县','',0,_binary '\0','',NULL,'',NULL,1),(371325,3713,2,'费县','fei xian','fex','费县','',0,_binary '\0','',NULL,'',NULL,1),(371326,3713,2,'平邑','ping yi','piy','平邑县','',0,_binary '\0','',NULL,'',NULL,1),(371327,3713,2,'莒南','ju nan','jun','莒南县','',0,_binary '\0','',NULL,'',NULL,1),(371328,3713,2,'蒙阴','meng yin','mey','蒙阴县','',0,_binary '\0','',NULL,'',NULL,1),(371329,3713,2,'临沭','lin shu','lis','临沭县','',0,_binary '\0','',NULL,'',NULL,1),(371371,3713,2,'临沂高新技术产业开发区','lin yi gao xin ji shu chan ye kai fa qu','liyg','临沂高新技术产业开发区','',0,_binary '\0','',NULL,'',NULL,1),(371372,3713,2,'临沂经济技术开发区','lin yi jing ji ji shu kai fa qu','liyj','临沂经济技术开发区','',0,_binary '\0','',NULL,'',NULL,1),(371373,3713,2,'临沂临港经济开发区','lin yi lin gang jing ji kai fa qu','liyl','临沂临港经济开发区','',0,_binary '\0','',NULL,'',NULL,1),(371402,3714,2,'德城','de cheng','dec','德城区','',0,_binary '\0','',NULL,'',NULL,1),(371403,3714,2,'陵城','ling cheng','lic','陵城区','',0,_binary '\0','',NULL,'',NULL,1),(371422,3714,2,'宁津','ning jin','nij','宁津县','',0,_binary '\0','',NULL,'',NULL,1),(371423,3714,2,'庆云','qing yun','qiy','庆云县','',0,_binary '\0','',NULL,'',NULL,1),(371424,3714,2,'临邑','lin yi','liy','临邑县','',0,_binary '\0','',NULL,'',NULL,1),(371425,3714,2,'齐河','qi he','qih','齐河县','',0,_binary '\0','',NULL,'',NULL,1),(371426,3714,2,'平原','ping yuan','piy','平原县','',0,_binary '\0','',NULL,'',NULL,1),(371427,3714,2,'夏津','xia jin','xij','夏津县','',0,_binary '\0','',NULL,'',NULL,1),(371428,3714,2,'武城','wu cheng','wuc','武城县','',0,_binary '\0','',NULL,'',NULL,1),(371471,3714,2,'德州经济技术开发区','de zhou jing ji ji shu kai fa qu','dezj','德州经济技术开发区','',0,_binary '\0','',NULL,'',NULL,1),(371472,3714,2,'德州运河经济开发区','de zhou yun he jing ji kai fa qu','dezy','德州运河经济开发区','',0,_binary '\0','',NULL,'',NULL,1),(371481,3714,2,'乐陵','le ling','lel','乐陵市','',0,_binary '\0','',NULL,'',NULL,1),(371482,3714,2,'禹城','yu cheng','yuc','禹城市','',0,_binary '\0','',NULL,'',NULL,1),(371502,3715,2,'东昌府','dong chang fu','docf','东昌府区','',0,_binary '\0','',NULL,'',NULL,1),(371521,3715,2,'阳谷','yang gu','yag','阳谷县','',0,_binary '\0','',NULL,'',NULL,1),(371522,3715,2,'莘县','shen xian','shx','莘县','',0,_binary '\0','',NULL,'',NULL,1),(371523,3715,2,'茌平','chi ping','chp','茌平县','',0,_binary '\0','',NULL,'',NULL,1),(371524,3715,2,'东阿','dong e','doe','东阿县','',0,_binary '\0','',NULL,'',NULL,1),(371525,3715,2,'冠县','guan xian','gux','冠县','',0,_binary '\0','',NULL,'',NULL,1),(371526,3715,2,'高唐','gao tang','gat','高唐县','',0,_binary '\0','',NULL,'',NULL,1),(371581,3715,2,'临清','lin qing','liq','临清市','',0,_binary '\0','',NULL,'',NULL,1),(371602,3716,2,'滨城','bin cheng','bic','滨城区','',0,_binary '\0','',NULL,'',NULL,1),(371603,3716,2,'沾化','zhan hua','zhh','沾化区','',0,_binary '\0','',NULL,'',NULL,1),(371621,3716,2,'惠民','hui min','hum','惠民县','',0,_binary '\0','',NULL,'',NULL,1),(371622,3716,2,'阳信','yang xin','yax','阳信县','',0,_binary '\0','',NULL,'',NULL,1),(371623,3716,2,'无棣','wu di','wud','无棣县','',0,_binary '\0','',NULL,'',NULL,1),(371625,3716,2,'博兴','bo xing','box','博兴县','',0,_binary '\0','',NULL,'',NULL,1),(371626,3716,2,'邹平','zou ping','zop','邹平县','',0,_binary '\0','',NULL,'',NULL,1),(371702,3717,2,'牡丹','mu dan','mud','牡丹区','',0,_binary '\0','',NULL,'',NULL,1),(371703,3717,2,'定陶','ding tao','dit','定陶区','',0,_binary '\0','',NULL,'',NULL,1),(371721,3717,2,'曹县','cao xian','cax','曹县','',0,_binary '\0','',NULL,'',NULL,1),(371722,3717,2,'单县','shan xian','shx','单县','',0,_binary '\0','',NULL,'',NULL,1),(371723,3717,2,'成武','cheng wu','chw','成武县','',0,_binary '\0','',NULL,'',NULL,1),(371724,3717,2,'巨野','ju ye','juy','巨野县','',0,_binary '\0','',NULL,'',NULL,1),(371725,3717,2,'郓城','yun cheng','yuc','郓城县','',0,_binary '\0','',NULL,'',NULL,1),(371726,3717,2,'鄄城','juan cheng','juc','鄄城县','',0,_binary '\0','',NULL,'',NULL,1),(371728,3717,2,'东明','dong ming','dom','东明县','',0,_binary '\0','',NULL,'',NULL,1),(371771,3717,2,'菏泽经济技术开发区','he ze jing ji ji shu kai fa qu','hezj','菏泽经济技术开发区','',0,_binary '\0','',NULL,'',NULL,1),(371772,3717,2,'菏泽高新技术开发区','he ze gao xin ji shu kai fa qu','hezg','菏泽高新技术开发区','',0,_binary '\0','',NULL,'',NULL,1),(410102,4101,2,'中原','zhong yuan','zhy','中原区','',0,_binary '\0','',NULL,'',NULL,1),(410103,4101,2,'二七','er qi','erq','二七区','',0,_binary '\0','',NULL,'',NULL,1),(410104,4101,2,'管城回族','guan cheng hui zu','guch','管城回族区','',0,_binary '\0','',NULL,'',NULL,1),(410105,4101,2,'金水','jin shui','jis','金水区','',0,_binary '\0','',NULL,'',NULL,1),(410106,4101,2,'上街','shang jie','shj','上街区','',0,_binary '\0','',NULL,'',NULL,1),(410108,4101,2,'惠济','hui ji','huj','惠济区','',0,_binary '\0','',NULL,'',NULL,1),(410122,4101,2,'中牟','zhong mu','zhm','中牟县','',0,_binary '\0','',NULL,'',NULL,1),(410171,4101,2,'郑州经济技术开发区','zheng zhou jing ji ji shu kai fa qu','zhzj','郑州经济技术开发区','',0,_binary '\0','',NULL,'',NULL,1),(410172,4101,2,'郑州高新技术产业开发区','zheng zhou gao xin ji shu chan ye kai fa qu','zhzg','郑州高新技术产业开发区','',0,_binary '\0','',NULL,'',NULL,1),(410173,4101,2,'郑州航空港经济综合实验','zheng zhou hang kong gang jing ji zong he shi yan','zhzh','郑州航空港经济综合实验区','',0,_binary '\0','',NULL,'',NULL,1),(410181,4101,2,'巩义','gong yi','goy','巩义市','',0,_binary '\0','',NULL,'',NULL,1),(410182,4101,2,'荥阳','xing yang','xiy','荥阳市','',0,_binary '\0','',NULL,'',NULL,1),(410183,4101,2,'新密','xin mi','xim','新密市','',0,_binary '\0','',NULL,'',NULL,1),(410184,4101,2,'新郑','xin zheng','xiz','新郑市','',0,_binary '\0','',NULL,'',NULL,1),(410185,4101,2,'登封','deng feng','def','登封市','',0,_binary '\0','',NULL,'',NULL,1),(410202,4102,2,'龙亭','long ting','lot','龙亭区','',0,_binary '\0','',NULL,'',NULL,1),(410203,4102,2,'顺河回族','shun he hui zu','shhh','顺河回族区','',0,_binary '\0','',NULL,'',NULL,1),(410204,4102,2,'鼓楼','gu lou','gul','鼓楼区','',0,_binary '\0','',NULL,'',NULL,1),(410205,4102,2,'禹王台','yu wang tai','yuwt','禹王台区','',0,_binary '\0','',NULL,'',NULL,1),(410212,4102,2,'祥符','xiang fu','xif','祥符区','',0,_binary '\0','',NULL,'',NULL,1),(410221,4102,2,'杞县','qi xian','qix','杞县','',0,_binary '\0','',NULL,'',NULL,1),(410222,4102,2,'通许','tong xu','tox','通许县','',0,_binary '\0','',NULL,'',NULL,1),(410223,4102,2,'尉氏','wei shi','wes','尉氏县','',0,_binary '\0','',NULL,'',NULL,1),(410225,4102,2,'兰考','lan kao','lak','兰考县','',0,_binary '\0','',NULL,'',NULL,1),(410302,4103,2,'老城','lao cheng','lac','老城区','',0,_binary '\0','',NULL,'',NULL,1),(410303,4103,2,'西工','xi gong','xig','西工区','',0,_binary '\0','',NULL,'',NULL,1),(410304,4103,2,'瀍河回族','chan he hui zu','chhh','瀍河回族区','',0,_binary '\0','',NULL,'',NULL,1),(410305,4103,2,'涧西','jian xi','jix','涧西区','',0,_binary '\0','',NULL,'',NULL,1),(410306,4103,2,'吉利','ji li','jil','吉利区','',0,_binary '\0','',NULL,'',NULL,1),(410311,4103,2,'洛龙','luo long','lul','洛龙区','',0,_binary '\0','',NULL,'',NULL,1),(410322,4103,2,'孟津','meng jin','mej','孟津县','',0,_binary '\0','',NULL,'',NULL,1),(410323,4103,2,'新安','xin an','xia','新安县','',0,_binary '\0','',NULL,'',NULL,1),(410324,4103,2,'栾川','luan chuan','luc','栾川县','',0,_binary '\0','',NULL,'',NULL,1),(410325,4103,2,'嵩县','song xian','sox','嵩县','',0,_binary '\0','',NULL,'',NULL,1),(410326,4103,2,'汝阳','ru yang','ruy','汝阳县','',0,_binary '\0','',NULL,'',NULL,1),(410327,4103,2,'宜阳','yi yang','yiy','宜阳县','',0,_binary '\0','',NULL,'',NULL,1),(410328,4103,2,'洛宁','luo ning','lun','洛宁县','',0,_binary '\0','',NULL,'',NULL,1),(410329,4103,2,'伊川','yi chuan','yic','伊川县','',0,_binary '\0','',NULL,'',NULL,1),(410371,4103,2,'洛阳高新技术产业开发区','luo yang gao xin ji shu chan ye kai fa qu','luyg','洛阳高新技术产业开发区','',0,_binary '\0','',NULL,'',NULL,1),(410381,4103,2,'偃师','yan shi','yas','偃师市','',0,_binary '\0','',NULL,'',NULL,1),(410402,4104,2,'新华','xin hua','xih','新华区','',0,_binary '\0','',NULL,'',NULL,1),(410403,4104,2,'卫东','wei dong','wed','卫东区','',0,_binary '\0','',NULL,'',NULL,1),(410404,4104,2,'石龙','shi long','shl','石龙区','',0,_binary '\0','',NULL,'',NULL,1),(410411,4104,2,'湛河','zhan he','zhh','湛河区','',0,_binary '\0','',NULL,'',NULL,1),(410421,4104,2,'宝丰','bao feng','baf','宝丰县','',0,_binary '\0','',NULL,'',NULL,1),(410422,4104,2,'叶县','ye xian','yex','叶县','',0,_binary '\0','',NULL,'',NULL,1),(410423,4104,2,'鲁山','lu shan','lus','鲁山县','',0,_binary '\0','',NULL,'',NULL,1),(410425,4104,2,'郏县','jia xian','jix','郏县','',0,_binary '\0','',NULL,'',NULL,1),(410471,4104,2,'平顶山高新技术产业开发区','ping ding shan gao xin ji shu chan ye kai fa qu','pids','平顶山高新技术产业开发区','',0,_binary '\0','',NULL,'',NULL,1),(410472,4104,2,'平顶山市新城','ping ding shan shi xin cheng','pids','平顶山市新城区','',0,_binary '\0','',NULL,'',NULL,1),(410481,4104,2,'舞钢','wu gang','wug','舞钢市','',0,_binary '\0','',NULL,'',NULL,1),(410482,4104,2,'汝州','ru zhou','ruz','汝州市','',0,_binary '\0','',NULL,'',NULL,1),(410502,4105,2,'文峰','wen feng','wef','文峰区','',0,_binary '\0','',NULL,'',NULL,1),(410503,4105,2,'北关','bei guan','beg','北关区','',0,_binary '\0','',NULL,'',NULL,1),(410505,4105,2,'殷都','yin du','yid','殷都区','',0,_binary '\0','',NULL,'',NULL,1),(410506,4105,2,'龙安','long an','loa','龙安区','',0,_binary '\0','',NULL,'',NULL,1),(410522,4105,2,'安阳','an yang','any','安阳县','',0,_binary '\0','',NULL,'',NULL,1),(410523,4105,2,'汤阴','tang yin','tay','汤阴县','',0,_binary '\0','',NULL,'',NULL,1),(410526,4105,2,'滑县','hua xian','hux','滑县','',0,_binary '\0','',NULL,'',NULL,1),(410527,4105,2,'内黄','nei huang','neh','内黄县','',0,_binary '\0','',NULL,'',NULL,1),(410571,4105,2,'安阳高新技术产业开发区','an yang gao xin ji shu chan ye kai fa qu','anyg','安阳高新技术产业开发区','',0,_binary '\0','',NULL,'',NULL,1),(410581,4105,2,'林州','lin zhou','liz','林州市','',0,_binary '\0','',NULL,'',NULL,1),(410602,4106,2,'鹤山','he shan','hes','鹤山区','',0,_binary '\0','',NULL,'',NULL,1),(410603,4106,2,'山城','shan cheng','shc','山城区','',0,_binary '\0','',NULL,'',NULL,1),(410611,4106,2,'淇滨','qi bin','qib','淇滨区','',0,_binary '\0','',NULL,'',NULL,1),(410621,4106,2,'浚县','xun xian','xux','浚县','',0,_binary '\0','',NULL,'',NULL,1),(410622,4106,2,'淇县','qi xian','qix','淇县','',0,_binary '\0','',NULL,'',NULL,1),(410671,4106,2,'鹤壁经济技术开发区','he bi jing ji ji shu kai fa qu','hebj','鹤壁经济技术开发区','',0,_binary '\0','',NULL,'',NULL,1),(410702,4107,2,'红旗','hong qi','hoq','红旗区','',0,_binary '\0','',NULL,'',NULL,1),(410703,4107,2,'卫滨','wei bin','web','卫滨区','',0,_binary '\0','',NULL,'',NULL,1),(410704,4107,2,'凤泉','feng quan','feq','凤泉区','',0,_binary '\0','',NULL,'',NULL,1),(410711,4107,2,'牧野','mu ye','muy','牧野区','',0,_binary '\0','',NULL,'',NULL,1),(410721,4107,2,'新乡','xin xiang','xix','新乡县','',0,_binary '\0','',NULL,'',NULL,1),(410724,4107,2,'获嘉','huo jia','huj','获嘉县','',0,_binary '\0','',NULL,'',NULL,1),(410725,4107,2,'原阳','yuan yang','yuy','原阳县','',0,_binary '\0','',NULL,'',NULL,1),(410726,4107,2,'延津','yan jin','yaj','延津县','',0,_binary '\0','',NULL,'',NULL,1),(410727,4107,2,'封丘','feng qiu','feq','封丘县','',0,_binary '\0','',NULL,'',NULL,1),(410728,4107,2,'长垣','chang yuan','chy','长垣县','',0,_binary '\0','',NULL,'',NULL,1),(410771,4107,2,'新乡高新技术产业开发区','xin xiang gao xin ji shu chan ye kai fa qu','xixg','新乡高新技术产业开发区','',0,_binary '\0','',NULL,'',NULL,1),(410772,4107,2,'新乡经济技术开发区','xin xiang jing ji ji shu kai fa qu','xixj','新乡经济技术开发区','',0,_binary '\0','',NULL,'',NULL,1),(410773,4107,2,'新乡市平原城乡一体化示范区','xin xiang shi ping yuan cheng xiang yi ti hua shi fan qu','xixs','新乡市平原城乡一体化示范区','',0,_binary '\0','',NULL,'',NULL,1),(410781,4107,2,'卫辉','wei hui','weh','卫辉市','',0,_binary '\0','',NULL,'',NULL,1),(410782,4107,2,'辉县','hui xian','hux','辉县市','',0,_binary '\0','',NULL,'',NULL,1),(410802,4108,2,'解放','jie fang','jif','解放区','',0,_binary '\0','',NULL,'',NULL,1),(410803,4108,2,'中站','zhong zhan','zhz','中站区','',0,_binary '\0','',NULL,'',NULL,1),(410804,4108,2,'马村','ma cun','mac','马村区','',0,_binary '\0','',NULL,'',NULL,1),(410811,4108,2,'山阳','shan yang','shy','山阳区','',0,_binary '\0','',NULL,'',NULL,1),(410821,4108,2,'修武','xiu wu','xiw','修武县','',0,_binary '\0','',NULL,'',NULL,1),(410822,4108,2,'博爱','bo ai','boa','博爱县','',0,_binary '\0','',NULL,'',NULL,1),(410823,4108,2,'武陟','wu zhi','wuz','武陟县','',0,_binary '\0','',NULL,'',NULL,1),(410825,4108,2,'温县','wen xian','wex','温县','',0,_binary '\0','',NULL,'',NULL,1),(410871,4108,2,'焦作城乡一体化示范区','jiao zuo cheng xiang yi ti hua shi fan qu','jizc','焦作城乡一体化示范区','',0,_binary '\0','',NULL,'',NULL,1),(410882,4108,2,'沁阳','qin yang','qiy','沁阳市','',0,_binary '\0','',NULL,'',NULL,1),(410883,4108,2,'孟州','meng zhou','mez','孟州市','',0,_binary '\0','',NULL,'',NULL,1),(410902,4109,2,'华龙','hua long','hul','华龙区','',0,_binary '\0','',NULL,'',NULL,1),(410922,4109,2,'清丰','qing feng','qif','清丰县','',0,_binary '\0','',NULL,'',NULL,1),(410923,4109,2,'南乐','nan le','nal','南乐县','',0,_binary '\0','',NULL,'',NULL,1),(410926,4109,2,'范县','fan xian','fax','范县','',0,_binary '\0','',NULL,'',NULL,1),(410927,4109,2,'台前','tai qian','taq','台前县','',0,_binary '\0','',NULL,'',NULL,1),(410928,4109,2,'濮阳','pu yang','puy','濮阳县','',0,_binary '\0','',NULL,'',NULL,1),(410971,4109,2,'河南濮阳工业园','he nan pu yang gong ye yuan','henp','河南濮阳工业园区','',0,_binary '\0','',NULL,'',NULL,1),(410972,4109,2,'濮阳经济技术开发区','pu yang jing ji ji shu kai fa qu','puyj','濮阳经济技术开发区','',0,_binary '\0','',NULL,'',NULL,1),(411002,4110,2,'魏都','wei du','wed','魏都区','',0,_binary '\0','',NULL,'',NULL,1),(411003,4110,2,'建安','jian an','jia','建安区','',0,_binary '\0','',NULL,'',NULL,1),(411024,4110,2,'鄢陵','yan ling','yal','鄢陵县','',0,_binary '\0','',NULL,'',NULL,1),(411025,4110,2,'襄城','xiang cheng','xic','襄城县','',0,_binary '\0','',NULL,'',NULL,1),(411071,4110,2,'许昌经济技术开发区','xu chang jing ji ji shu kai fa qu','xucj','许昌经济技术开发区','',0,_binary '\0','',NULL,'',NULL,1),(411081,4110,2,'禹州','yu zhou','yuz','禹州市','',0,_binary '\0','',NULL,'',NULL,1),(411082,4110,2,'长葛','chang ge','chg','长葛市','',0,_binary '\0','',NULL,'',NULL,1),(411102,4111,2,'源汇','yuan hui','yuh','源汇区','',0,_binary '\0','',NULL,'',NULL,1),(411103,4111,2,'郾城','yan cheng','yac','郾城区','',0,_binary '\0','',NULL,'',NULL,1),(411104,4111,2,'召陵','shao ling','shl','召陵区','',0,_binary '\0','',NULL,'',NULL,1),(411121,4111,2,'舞阳','wu yang','wuy','舞阳县','',0,_binary '\0','',NULL,'',NULL,1),(411122,4111,2,'临颍','lin ying','liy','临颍县','',0,_binary '\0','',NULL,'',NULL,1),(411171,4111,2,'漯河经济技术开发区','luo he jing ji ji shu kai fa qu','luhj','漯河经济技术开发区','',0,_binary '\0','',NULL,'',NULL,1),(411202,4112,2,'湖滨','hu bin','hub','湖滨区','',0,_binary '\0','',NULL,'',NULL,1),(411203,4112,2,'陕州','shan zhou','shz','陕州区','',0,_binary '\0','',NULL,'',NULL,1),(411221,4112,2,'渑池','mian chi','mic','渑池县','',0,_binary '\0','',NULL,'',NULL,1),(411224,4112,2,'卢氏','lu shi','lus','卢氏县','',0,_binary '\0','',NULL,'',NULL,1),(411271,4112,2,'河南三门峡经济开发区','he nan san men xia jing ji kai fa qu','hens','河南三门峡经济开发区','',0,_binary '\0','',NULL,'',NULL,1),(411281,4112,2,'义马','yi ma','yim','义马市','',0,_binary '\0','',NULL,'',NULL,1),(411282,4112,2,'灵宝','ling bao','lib','灵宝市','',0,_binary '\0','',NULL,'',NULL,1),(411302,4113,2,'宛城','wan cheng','wac','宛城区','',0,_binary '\0','',NULL,'',NULL,1),(411303,4113,2,'卧龙','wo long','wol','卧龙区','',0,_binary '\0','',NULL,'',NULL,1),(411321,4113,2,'南召','nan zhao','naz','南召县','',0,_binary '\0','',NULL,'',NULL,1),(411322,4113,2,'方城','fang cheng','fac','方城县','',0,_binary '\0','',NULL,'',NULL,1),(411323,4113,2,'西峡','xi xia','xix','西峡县','',0,_binary '\0','',NULL,'',NULL,1),(411324,4113,2,'镇平','zhen ping','zhp','镇平县','',0,_binary '\0','',NULL,'',NULL,1),(411325,4113,2,'内乡','nei xiang','nex','内乡县','',0,_binary '\0','',NULL,'',NULL,1),(411326,4113,2,'淅川','xi chuan','xic','淅川县','',0,_binary '\0','',NULL,'',NULL,1),(411327,4113,2,'社旗','she qi','shq','社旗县','',0,_binary '\0','',NULL,'',NULL,1),(411328,4113,2,'唐河','tang he','tah','唐河县','',0,_binary '\0','',NULL,'',NULL,1),(411329,4113,2,'新野','xin ye','xiy','新野县','',0,_binary '\0','',NULL,'',NULL,1),(411330,4113,2,'桐柏','tong bai','tob','桐柏县','',0,_binary '\0','',NULL,'',NULL,1),(411371,4113,2,'南阳高新技术产业开发区','nan yang gao xin ji shu chan ye kai fa qu','nayg','南阳高新技术产业开发区','',0,_binary '\0','',NULL,'',NULL,1),(411372,4113,2,'南阳市城乡一体化示范区','nan yang shi cheng xiang yi ti hua shi fan qu','nays','南阳市城乡一体化示范区','',0,_binary '\0','',NULL,'',NULL,1),(411381,4113,2,'邓州','deng zhou','dez','邓州市','',0,_binary '\0','',NULL,'',NULL,1),(411402,4114,2,'梁园','liang yuan','liy','梁园区','',0,_binary '\0','',NULL,'',NULL,1),(411403,4114,2,'睢阳','sui yang','suy','睢阳区','',0,_binary '\0','',NULL,'',NULL,1),(411421,4114,2,'民权','min quan','miq','民权县','',0,_binary '\0','',NULL,'',NULL,1),(411422,4114,2,'睢县','sui xian','sux','睢县','',0,_binary '\0','',NULL,'',NULL,1),(411423,4114,2,'宁陵','ning ling','nil','宁陵县','',0,_binary '\0','',NULL,'',NULL,1),(411424,4114,2,'柘城','zhe cheng','zhc','柘城县','',0,_binary '\0','',NULL,'',NULL,1),(411425,4114,2,'虞城','yu cheng','yuc','虞城县','',0,_binary '\0','',NULL,'',NULL,1),(411426,4114,2,'夏邑','xia yi','xiy','夏邑县','',0,_binary '\0','',NULL,'',NULL,1),(411471,4114,2,'豫东综合物流产业聚集','yu dong zong he wu liu chan ye ju ji','yudz','豫东综合物流产业聚集区','',0,_binary '\0','',NULL,'',NULL,1),(411472,4114,2,'河南商丘经济开发区','he nan shang qiu jing ji kai fa qu','hens','河南商丘经济开发区','',0,_binary '\0','',NULL,'',NULL,1),(411481,4114,2,'永城','yong cheng','yoc','永城市','',0,_binary '\0','',NULL,'',NULL,1),(411502,4115,2,'浉河','shi he','shh','浉河区','',0,_binary '\0','',NULL,'',NULL,1),(411503,4115,2,'平桥','ping qiao','piq','平桥区','',0,_binary '\0','',NULL,'',NULL,1),(411521,4115,2,'罗山','luo shan','lus','罗山县','',0,_binary '\0','',NULL,'',NULL,1),(411522,4115,2,'光山','guang shan','gus','光山县','',0,_binary '\0','',NULL,'',NULL,1),(411523,4115,2,'新县','xin xian','xix','新县','',0,_binary '\0','',NULL,'',NULL,1),(411524,4115,2,'商城','shang cheng','shc','商城县','',0,_binary '\0','',NULL,'',NULL,1),(411525,4115,2,'固始','gu shi','gus','固始县','',0,_binary '\0','',NULL,'',NULL,1),(411526,4115,2,'潢川','huang chuan','huc','潢川县','',0,_binary '\0','',NULL,'',NULL,1),(411527,4115,2,'淮滨','huai bin','hub','淮滨县','',0,_binary '\0','',NULL,'',NULL,1),(411528,4115,2,'息县','xi xian','xix','息县','',0,_binary '\0','',NULL,'',NULL,1),(411571,4115,2,'信阳高新技术产业开发区','xin yang gao xin ji shu chan ye kai fa qu','xiyg','信阳高新技术产业开发区','',0,_binary '\0','',NULL,'',NULL,1),(411602,4116,2,'川汇','chuan hui','chh','川汇区','',0,_binary '\0','',NULL,'',NULL,1),(411621,4116,2,'扶沟','fu gou','fug','扶沟县','',0,_binary '\0','',NULL,'',NULL,1),(411622,4116,2,'西华','xi hua','xih','西华县','',0,_binary '\0','',NULL,'',NULL,1),(411623,4116,2,'商水','shang shui','shs','商水县','',0,_binary '\0','',NULL,'',NULL,1),(411624,4116,2,'沈丘','shen qiu','shq','沈丘县','',0,_binary '\0','',NULL,'',NULL,1),(411625,4116,2,'郸城','dan cheng','dac','郸城县','',0,_binary '\0','',NULL,'',NULL,1),(411626,4116,2,'淮阳','huai yang','huy','淮阳县','',0,_binary '\0','',NULL,'',NULL,1),(411627,4116,2,'太康','tai kang','tak','太康县','',0,_binary '\0','',NULL,'',NULL,1),(411628,4116,2,'鹿邑','lu yi','luy','鹿邑县','',0,_binary '\0','',NULL,'',NULL,1),(411671,4116,2,'河南周口经济开发区','he nan zhou kou jing ji kai fa qu','henz','河南周口经济开发区','',0,_binary '\0','',NULL,'',NULL,1),(411681,4116,2,'项城','xiang cheng','xic','项城市','',0,_binary '\0','',NULL,'',NULL,1),(411702,4117,2,'驿城','yi cheng','yic','驿城区','',0,_binary '\0','',NULL,'',NULL,1),(411721,4117,2,'西平','xi ping','xip','西平县','',0,_binary '\0','',NULL,'',NULL,1),(411722,4117,2,'上蔡','shang cai','shc','上蔡县','',0,_binary '\0','',NULL,'',NULL,1),(411723,4117,2,'平舆','ping yu','piy','平舆县','',0,_binary '\0','',NULL,'',NULL,1),(411724,4117,2,'正阳','zheng yang','zhy','正阳县','',0,_binary '\0','',NULL,'',NULL,1),(411725,4117,2,'确山','que shan','qus','确山县','',0,_binary '\0','',NULL,'',NULL,1),(411726,4117,2,'泌阳','bi yang','biy','泌阳县','',0,_binary '\0','',NULL,'',NULL,1),(411727,4117,2,'汝南','ru nan','run','汝南县','',0,_binary '\0','',NULL,'',NULL,1),(411728,4117,2,'遂平','sui ping','sup','遂平县','',0,_binary '\0','',NULL,'',NULL,1),(411729,4117,2,'新蔡','xin cai','xic','新蔡县','',0,_binary '\0','',NULL,'',NULL,1),(411771,4117,2,'河南驻马店经济开发区','he nan zhu ma dian jing ji kai fa qu','henz','河南驻马店经济开发区','',0,_binary '\0','',NULL,'',NULL,1),(419001,4190,2,'济源','ji yuan','jiy','济源市','',0,_binary '\0','',NULL,'',NULL,1),(420102,4201,2,'江岸','jiang an','jia','江岸区','',0,_binary '\0','',NULL,'',NULL,1),(420103,4201,2,'江汉','jiang han','jih','江汉区','',0,_binary '\0','',NULL,'',NULL,1),(420104,4201,2,'硚口','qiao kou','qik','硚口区','',0,_binary '\0','',NULL,'',NULL,1),(420105,4201,2,'汉阳','han yang','hay','汉阳区','',0,_binary '\0','',NULL,'',NULL,1),(420106,4201,2,'武昌','wu chang','wuc','武昌区','',0,_binary '\0','',NULL,'',NULL,1),(420107,4201,2,'青山','qing shan','qis','青山区','',0,_binary '\0','',NULL,'',NULL,1),(420111,4201,2,'洪山','hong shan','hos','洪山区','',0,_binary '\0','',NULL,'',NULL,1),(420112,4201,2,'东西湖','dong xi hu','doxh','东西湖区','',0,_binary '\0','',NULL,'',NULL,1),(420113,4201,2,'汉南','han nan','han','汉南区','',0,_binary '\0','',NULL,'',NULL,1),(420114,4201,2,'蔡甸','cai dian','cad','蔡甸区','',0,_binary '\0','',NULL,'',NULL,1),(420115,4201,2,'江夏','jiang xia','jix','江夏区','',0,_binary '\0','',NULL,'',NULL,1),(420116,4201,2,'黄陂','huang pi','hup','黄陂区','',0,_binary '\0','',NULL,'',NULL,1),(420117,4201,2,'新洲','xin zhou','xiz','新洲区','',0,_binary '\0','',NULL,'',NULL,1),(420202,4202,2,'黄石港','huang shi gang','husg','黄石港区','',0,_binary '\0','',NULL,'',NULL,1),(420203,4202,2,'西塞山','xi sai shan','xiss','西塞山区','',0,_binary '\0','',NULL,'',NULL,1),(420204,4202,2,'下陆','xia lu','xil','下陆区','',0,_binary '\0','',NULL,'',NULL,1),(420205,4202,2,'铁山','tie shan','tis','铁山区','',0,_binary '\0','',NULL,'',NULL,1),(420222,4202,2,'阳新','yang xin','yax','阳新县','',0,_binary '\0','',NULL,'',NULL,1),(420281,4202,2,'大冶','da ye','day','大冶市','',0,_binary '\0','',NULL,'',NULL,1),(420302,4203,2,'茅箭','mao jian','maj','茅箭区','',0,_binary '\0','',NULL,'',NULL,1),(420303,4203,2,'张湾','zhang wan','zhw','张湾区','',0,_binary '\0','',NULL,'',NULL,1),(420304,4203,2,'郧阳','yun yang','yuy','郧阳区','',0,_binary '\0','',NULL,'',NULL,1),(420322,4203,2,'郧西','yun xi','yux','郧西县','',0,_binary '\0','',NULL,'',NULL,1),(420323,4203,2,'竹山','zhu shan','zhs','竹山县','',0,_binary '\0','',NULL,'',NULL,1),(420324,4203,2,'竹溪','zhu xi','zhx','竹溪县','',0,_binary '\0','',NULL,'',NULL,1),(420325,4203,2,'房县','fang xian','fax','房县','',0,_binary '\0','',NULL,'',NULL,1),(420381,4203,2,'丹江口','dan jiang kou','dajk','丹江口市','',0,_binary '\0','',NULL,'',NULL,1),(420502,4205,2,'西陵','xi ling','xil','西陵区','',0,_binary '\0','',NULL,'',NULL,1),(420503,4205,2,'伍家岗','wu jia gang','wujg','伍家岗区','',0,_binary '\0','',NULL,'',NULL,1),(420504,4205,2,'点军','dian jun','dij','点军区','',0,_binary '\0','',NULL,'',NULL,1),(420505,4205,2,'猇亭','xiao ting','xit','猇亭区','',0,_binary '\0','',NULL,'',NULL,1),(420506,4205,2,'夷陵','yi ling','yil','夷陵区','',0,_binary '\0','',NULL,'',NULL,1),(420525,4205,2,'远安','yuan an','yua','远安县','',0,_binary '\0','',NULL,'',NULL,1),(420526,4205,2,'兴山','xing shan','xis','兴山县','',0,_binary '\0','',NULL,'',NULL,1),(420527,4205,2,'秭归','zi gui','zig','秭归县','',0,_binary '\0','',NULL,'',NULL,1),(420528,4205,2,'长阳土家族自治县','chang yang tu jia zu zi zhi xian','chyt','长阳土家族自治县','',0,_binary '\0','',NULL,'',NULL,1),(420529,4205,2,'五峰土家族自治县','wu feng tu jia zu zi zhi xian','wuft','五峰土家族自治县','',0,_binary '\0','',NULL,'',NULL,1),(420581,4205,2,'宜都','yi du','yid','宜都市','',0,_binary '\0','',NULL,'',NULL,1),(420582,4205,2,'当阳','dang yang','day','当阳市','',0,_binary '\0','',NULL,'',NULL,1),(420583,4205,2,'枝江','zhi jiang','zhj','枝江市','',0,_binary '\0','',NULL,'',NULL,1),(420602,4206,2,'襄城','xiang cheng','xic','襄城区','',0,_binary '\0','',NULL,'',NULL,1),(420606,4206,2,'樊城','fan cheng','fac','樊城区','',0,_binary '\0','',NULL,'',NULL,1),(420607,4206,2,'襄州','xiang zhou','xiz','襄州区','',0,_binary '\0','',NULL,'',NULL,1),(420624,4206,2,'南漳','nan zhang','naz','南漳县','',0,_binary '\0','',NULL,'',NULL,1),(420625,4206,2,'谷城','gu cheng','guc','谷城县','',0,_binary '\0','',NULL,'',NULL,1),(420626,4206,2,'保康','bao kang','bak','保康县','',0,_binary '\0','',NULL,'',NULL,1),(420682,4206,2,'老河口','lao he kou','lahk','老河口市','',0,_binary '\0','',NULL,'',NULL,1),(420683,4206,2,'枣阳','zao yang','zay','枣阳市','',0,_binary '\0','',NULL,'',NULL,1),(420684,4206,2,'宜城','yi cheng','yic','宜城市','',0,_binary '\0','',NULL,'',NULL,1),(420702,4207,2,'梁子湖','liang zi hu','lizh','梁子湖区','',0,_binary '\0','',NULL,'',NULL,1),(420703,4207,2,'华容','hua rong','hur','华容区','',0,_binary '\0','',NULL,'',NULL,1),(420704,4207,2,'鄂城','e cheng','ec','鄂城区','',0,_binary '\0','',NULL,'',NULL,1),(420802,4208,2,'东宝','dong bao','dob','东宝区','',0,_binary '\0','',NULL,'',NULL,1),(420804,4208,2,'掇刀','duo dao','dud','掇刀区','',0,_binary '\0','',NULL,'',NULL,1),(420821,4208,2,'京山','jing shan','jis','京山县','',0,_binary '\0','',NULL,'',NULL,1),(420822,4208,2,'沙洋','sha yang','shy','沙洋县','',0,_binary '\0','',NULL,'',NULL,1),(420881,4208,2,'钟祥','zhong xiang','zhx','钟祥市','',0,_binary '\0','',NULL,'',NULL,1),(420902,4209,2,'孝南','xiao nan','xin','孝南区','',0,_binary '\0','',NULL,'',NULL,1),(420921,4209,2,'孝昌','xiao chang','xic','孝昌县','',0,_binary '\0','',NULL,'',NULL,1),(420922,4209,2,'大悟','da wu','daw','大悟县','',0,_binary '\0','',NULL,'',NULL,1),(420923,4209,2,'云梦','yun meng','yum','云梦县','',0,_binary '\0','',NULL,'',NULL,1),(420981,4209,2,'应城','ying cheng','yic','应城市','',0,_binary '\0','',NULL,'',NULL,1),(420982,4209,2,'安陆','an lu','anl','安陆市','',0,_binary '\0','',NULL,'',NULL,1),(420984,4209,2,'汉川','han chuan','hac','汉川市','',0,_binary '\0','',NULL,'',NULL,1),(421002,4210,2,'沙市','sha shi','shs','沙市区','',0,_binary '\0','',NULL,'',NULL,1),(421003,4210,2,'荆州','jing zhou','jiz','荆州区','',0,_binary '\0','',NULL,'',NULL,1),(421022,4210,2,'公安','gong an','goa','公安县','',0,_binary '\0','',NULL,'',NULL,1),(421023,4210,2,'监利','jian li','jil','监利县','',0,_binary '\0','',NULL,'',NULL,1),(421024,4210,2,'江陵','jiang ling','jil','江陵县','',0,_binary '\0','',NULL,'',NULL,1),(421071,4210,2,'荆州经济技术开发区','jing zhou jing ji ji shu kai fa qu','jizj','荆州经济技术开发区','',0,_binary '\0','',NULL,'',NULL,1),(421081,4210,2,'石首','shi shou','shs','石首市','',0,_binary '\0','',NULL,'',NULL,1),(421083,4210,2,'洪湖','hong hu','hoh','洪湖市','',0,_binary '\0','',NULL,'',NULL,1),(421087,4210,2,'松滋','song zi','soz','松滋市','',0,_binary '\0','',NULL,'',NULL,1),(421102,4211,2,'黄州','huang zhou','huz','黄州区','',0,_binary '\0','',NULL,'',NULL,1),(421121,4211,2,'团风','tuan feng','tuf','团风县','',0,_binary '\0','',NULL,'',NULL,1),(421122,4211,2,'红安','hong an','hoa','红安县','',0,_binary '\0','',NULL,'',NULL,1),(421123,4211,2,'罗田','luo tian','lut','罗田县','',0,_binary '\0','',NULL,'',NULL,1),(421124,4211,2,'英山','ying shan','yis','英山县','',0,_binary '\0','',NULL,'',NULL,1),(421125,4211,2,'浠水','xi shui','xis','浠水县','',0,_binary '\0','',NULL,'',NULL,1),(421126,4211,2,'蕲春','qi chun','qic','蕲春县','',0,_binary '\0','',NULL,'',NULL,1),(421127,4211,2,'黄梅','huang mei','hum','黄梅县','',0,_binary '\0','',NULL,'',NULL,1),(421171,4211,2,'龙感湖管理区','long gan hu guan li qu','logh','龙感湖管理区','',0,_binary '\0','',NULL,'',NULL,1),(421181,4211,2,'麻城','ma cheng','mac','麻城市','',0,_binary '\0','',NULL,'',NULL,1),(421182,4211,2,'武穴','wu xue','wux','武穴市','',0,_binary '\0','',NULL,'',NULL,1),(421202,4212,2,'咸安','xian an','xia','咸安区','',0,_binary '\0','',NULL,'',NULL,1),(421221,4212,2,'嘉鱼','jia yu','jiy','嘉鱼县','',0,_binary '\0','',NULL,'',NULL,1),(421222,4212,2,'通城','tong cheng','toc','通城县','',0,_binary '\0','',NULL,'',NULL,1),(421223,4212,2,'崇阳','chong yang','chy','崇阳县','',0,_binary '\0','',NULL,'',NULL,1),(421224,4212,2,'通山','tong shan','tos','通山县','',0,_binary '\0','',NULL,'',NULL,1),(421281,4212,2,'赤壁','chi bi','chb','赤壁市','',0,_binary '\0','',NULL,'',NULL,1),(421303,4213,2,'曾都','zeng du','zed','曾都区','',0,_binary '\0','',NULL,'',NULL,1),(421321,4213,2,'随县','sui xian','sux','随县','',0,_binary '\0','',NULL,'',NULL,1),(421381,4213,2,'广水','guang shui','gus','广水市','',0,_binary '\0','',NULL,'',NULL,1),(422801,4228,2,'恩施','en shi','ens','恩施市','',0,_binary '\0','',NULL,'',NULL,1),(422802,4228,2,'利川','li chuan','lic','利川市','',0,_binary '\0','',NULL,'',NULL,1),(422822,4228,2,'建始','jian shi','jis','建始县','',0,_binary '\0','',NULL,'',NULL,1),(422823,4228,2,'巴东','ba dong','bad','巴东县','',0,_binary '\0','',NULL,'',NULL,1),(422825,4228,2,'宣恩','xuan en','xue','宣恩县','',0,_binary '\0','',NULL,'',NULL,1),(422826,4228,2,'咸丰','xian feng','xif','咸丰县','',0,_binary '\0','',NULL,'',NULL,1),(422827,4228,2,'来凤','lai feng','laf','来凤县','',0,_binary '\0','',NULL,'',NULL,1),(422828,4228,2,'鹤峰','he feng','hef','鹤峰县','',0,_binary '\0','',NULL,'',NULL,1),(429004,4290,2,'仙桃','xian tao','xit','仙桃市','',0,_binary '\0','',NULL,'',NULL,1),(429005,4290,2,'潜江','qian jiang','qij','潜江市','',0,_binary '\0','',NULL,'',NULL,1),(429006,4290,2,'天门','tian men','tim','天门市','',0,_binary '\0','',NULL,'',NULL,1),(429021,4290,2,'神农架林','shen nong jia lin','shnj','神农架林区','',0,_binary '\0','',NULL,'',NULL,1),(430102,4301,2,'芙蓉','fu rong','fur','芙蓉区','',0,_binary '\0','',NULL,'',NULL,1),(430103,4301,2,'天心','tian xin','tix','天心区','',0,_binary '\0','',NULL,'',NULL,1),(430104,4301,2,'岳麓','yue lu','yul','岳麓区','',0,_binary '\0','',NULL,'',NULL,1),(430105,4301,2,'开福','kai fu','kaf','开福区','',0,_binary '\0','',NULL,'',NULL,1),(430111,4301,2,'雨花','yu hua','yuh','雨花区','',0,_binary '\0','',NULL,'',NULL,1),(430112,4301,2,'望城','wang cheng','wac','望城区','',0,_binary '\0','',NULL,'',NULL,1),(430121,4301,2,'长沙','chang sha','chs','长沙县','',0,_binary '\0','',NULL,'',NULL,1),(430181,4301,2,'浏阳','liu yang','liy','浏阳市','',0,_binary '\0','',NULL,'',NULL,1),(430182,4301,2,'宁乡','ning xiang','nix','宁乡市','',0,_binary '\0','',NULL,'',NULL,1),(430202,4302,2,'荷塘','he tang','het','荷塘区','',0,_binary '\0','',NULL,'',NULL,1),(430203,4302,2,'芦淞','lu song','lus','芦淞区','',0,_binary '\0','',NULL,'',NULL,1),(430204,4302,2,'石峰','shi feng','shf','石峰区','',0,_binary '\0','',NULL,'',NULL,1),(430211,4302,2,'天元','tian yuan','tiy','天元区','',0,_binary '\0','',NULL,'',NULL,1),(430221,4302,2,'株洲','zhu zhou','zhz','株洲县','',0,_binary '\0','',NULL,'',NULL,1),(430223,4302,2,'攸县','you xian','yox','攸县','',0,_binary '\0','',NULL,'',NULL,1),(430224,4302,2,'茶陵','cha ling','chl','茶陵县','',0,_binary '\0','',NULL,'',NULL,1),(430225,4302,2,'炎陵','yan ling','yal','炎陵县','',0,_binary '\0','',NULL,'',NULL,1),(430271,4302,2,'云龙示范区','yun long shi fan qu','yuls','云龙示范区','',0,_binary '\0','',NULL,'',NULL,1),(430281,4302,2,'醴陵','li ling','lil','醴陵市','',0,_binary '\0','',NULL,'',NULL,1),(430302,4303,2,'雨湖','yu hu','yuh','雨湖区','',0,_binary '\0','',NULL,'',NULL,1),(430304,4303,2,'岳塘','yue tang','yut','岳塘区','',0,_binary '\0','',NULL,'',NULL,1),(430321,4303,2,'湘潭','xiang tan','xit','湘潭县','',0,_binary '\0','',NULL,'',NULL,1),(430371,4303,2,'湖南湘潭高新技术产业园','hu nan xiang tan gao xin ji shu chan ye yuan','hunx','湖南湘潭高新技术产业园区','',0,_binary '\0','',NULL,'',NULL,1),(430372,4303,2,'湘潭昭山示范区','xiang tan zhao shan shi fan qu','xitz','湘潭昭山示范区','',0,_binary '\0','',NULL,'',NULL,1),(430373,4303,2,'湘潭九华示范区','xiang tan jiu hua shi fan qu','xitj','湘潭九华示范区','',0,_binary '\0','',NULL,'',NULL,1),(430381,4303,2,'湘乡','xiang xiang','xix','湘乡市','',0,_binary '\0','',NULL,'',NULL,1),(430382,4303,2,'韶山','shao shan','shs','韶山市','',0,_binary '\0','',NULL,'',NULL,1),(430405,4304,2,'珠晖','zhu hui','zhh','珠晖区','',0,_binary '\0','',NULL,'',NULL,1),(430406,4304,2,'雁峰','yan feng','yaf','雁峰区','',0,_binary '\0','',NULL,'',NULL,1),(430407,4304,2,'石鼓','shi gu','shg','石鼓区','',0,_binary '\0','',NULL,'',NULL,1),(430408,4304,2,'蒸湘','zheng xiang','zhx','蒸湘区','',0,_binary '\0','',NULL,'',NULL,1),(430412,4304,2,'南岳','nan yue','nay','南岳区','',0,_binary '\0','',NULL,'',NULL,1),(430421,4304,2,'衡阳','heng yang','hey','衡阳县','',0,_binary '\0','',NULL,'',NULL,1),(430422,4304,2,'衡南','heng nan','hen','衡南县','',0,_binary '\0','',NULL,'',NULL,1),(430423,4304,2,'衡山','heng shan','hes','衡山县','',0,_binary '\0','',NULL,'',NULL,1),(430424,4304,2,'衡东','heng dong','hed','衡东县','',0,_binary '\0','',NULL,'',NULL,1),(430426,4304,2,'祁东','qi dong','qid','祁东县','',0,_binary '\0','',NULL,'',NULL,1),(430471,4304,2,'衡阳综合保税','heng yang zong he bao shui','heyz','衡阳综合保税区','',0,_binary '\0','',NULL,'',NULL,1),(430472,4304,2,'湖南衡阳高新技术产业园','hu nan heng yang gao xin ji shu chan ye yuan','hunh','湖南衡阳高新技术产业园区','',0,_binary '\0','',NULL,'',NULL,1),(430473,4304,2,'湖南衡阳松木经济开发区','hu nan heng yang song mu jing ji kai fa qu','hunh','湖南衡阳松木经济开发区','',0,_binary '\0','',NULL,'',NULL,1),(430481,4304,2,'耒阳','lei yang','ley','耒阳市','',0,_binary '\0','',NULL,'',NULL,1),(430482,4304,2,'常宁','chang ning','chn','常宁市','',0,_binary '\0','',NULL,'',NULL,1),(430502,4305,2,'双清','shuang qing','shq','双清区','',0,_binary '\0','',NULL,'',NULL,1),(430503,4305,2,'大祥','da xiang','dax','大祥区','',0,_binary '\0','',NULL,'',NULL,1),(430511,4305,2,'北塔','bei ta','bet','北塔区','',0,_binary '\0','',NULL,'',NULL,1),(430521,4305,2,'邵东','shao dong','shd','邵东县','',0,_binary '\0','',NULL,'',NULL,1),(430522,4305,2,'新邵','xin shao','xis','新邵县','',0,_binary '\0','',NULL,'',NULL,1),(430523,4305,2,'邵阳','shao yang','shy','邵阳县','',0,_binary '\0','',NULL,'',NULL,1),(430524,4305,2,'隆回','long hui','loh','隆回县','',0,_binary '\0','',NULL,'',NULL,1),(430525,4305,2,'洞口','dong kou','dok','洞口县','',0,_binary '\0','',NULL,'',NULL,1),(430527,4305,2,'绥宁','sui ning','sun','绥宁县','',0,_binary '\0','',NULL,'',NULL,1),(430528,4305,2,'新宁','xin ning','xin','新宁县','',0,_binary '\0','',NULL,'',NULL,1),(430529,4305,2,'城步苗族自治县','cheng bu miao zu zi zhi xian','chbm','城步苗族自治县','',0,_binary '\0','',NULL,'',NULL,1),(430581,4305,2,'武冈','wu gang','wug','武冈市','',0,_binary '\0','',NULL,'',NULL,1),(430602,4306,2,'岳阳楼','yue yang lou','yuyl','岳阳楼区','',0,_binary '\0','',NULL,'',NULL,1),(430603,4306,2,'云溪','yun xi','yux','云溪区','',0,_binary '\0','',NULL,'',NULL,1),(430611,4306,2,'君山','jun shan','jus','君山区','',0,_binary '\0','',NULL,'',NULL,1),(430621,4306,2,'岳阳','yue yang','yuy','岳阳县','',0,_binary '\0','',NULL,'',NULL,1),(430623,4306,2,'华容','hua rong','hur','华容县','',0,_binary '\0','',NULL,'',NULL,1),(430624,4306,2,'湘阴','xiang yin','xiy','湘阴县','',0,_binary '\0','',NULL,'',NULL,1),(430626,4306,2,'平江','ping jiang','pij','平江县','',0,_binary '\0','',NULL,'',NULL,1),(430671,4306,2,'岳阳市屈原管理区','yue yang shi qu yuan guan li qu','yuys','岳阳市屈原管理区','',0,_binary '\0','',NULL,'',NULL,1),(430681,4306,2,'汨罗','mi luo','mil','汨罗市','',0,_binary '\0','',NULL,'',NULL,1),(430682,4306,2,'临湘','lin xiang','lix','临湘市','',0,_binary '\0','',NULL,'',NULL,1),(430702,4307,2,'武陵','wu ling','wul','武陵区','',0,_binary '\0','',NULL,'',NULL,1),(430703,4307,2,'鼎城','ding cheng','dic','鼎城区','',0,_binary '\0','',NULL,'',NULL,1),(430721,4307,2,'安乡','an xiang','anx','安乡县','',0,_binary '\0','',NULL,'',NULL,1),(430722,4307,2,'汉寿','han shou','has','汉寿县','',0,_binary '\0','',NULL,'',NULL,1),(430723,4307,2,'澧县','li xian','lix','澧县','',0,_binary '\0','',NULL,'',NULL,1),(430724,4307,2,'临澧','lin li','lil','临澧县','',0,_binary '\0','',NULL,'',NULL,1),(430725,4307,2,'桃源','tao yuan','tay','桃源县','',0,_binary '\0','',NULL,'',NULL,1),(430726,4307,2,'石门','shi men','shm','石门县','',0,_binary '\0','',NULL,'',NULL,1),(430771,4307,2,'常德市西洞庭管理区','chang de shi xi dong ting guan li qu','chds','常德市西洞庭管理区','',0,_binary '\0','',NULL,'',NULL,1),(430781,4307,2,'津市','jin shi','jis','津市市','',0,_binary '\0','',NULL,'',NULL,1),(430802,4308,2,'永定','yong ding','yod','永定区','',0,_binary '\0','',NULL,'',NULL,1),(430811,4308,2,'武陵源','wu ling yuan','wuly','武陵源区','',0,_binary '\0','',NULL,'',NULL,1),(430821,4308,2,'慈利','ci li','cil','慈利县','',0,_binary '\0','',NULL,'',NULL,1),(430822,4308,2,'桑植','sang zhi','saz','桑植县','',0,_binary '\0','',NULL,'',NULL,1),(430902,4309,2,'资阳','zi yang','ziy','资阳区','',0,_binary '\0','',NULL,'',NULL,1),(430903,4309,2,'赫山','he shan','hes','赫山区','',0,_binary '\0','',NULL,'',NULL,1),(430921,4309,2,'南县','nan xian','nax','南县','',0,_binary '\0','',NULL,'',NULL,1),(430922,4309,2,'桃江','tao jiang','taj','桃江县','',0,_binary '\0','',NULL,'',NULL,1),(430923,4309,2,'安化','an hua','anh','安化县','',0,_binary '\0','',NULL,'',NULL,1),(430971,4309,2,'益阳市大通湖管理区','yi yang shi da tong hu guan li qu','yiys','益阳市大通湖管理区','',0,_binary '\0','',NULL,'',NULL,1),(430972,4309,2,'湖南益阳高新技术产业园','hu nan yi yang gao xin ji shu chan ye yuan','huny','湖南益阳高新技术产业园区','',0,_binary '\0','',NULL,'',NULL,1),(430981,4309,2,'沅江','yuan jiang','yuj','沅江市','',0,_binary '\0','',NULL,'',NULL,1),(431002,4310,2,'北湖','bei hu','beh','北湖区','',0,_binary '\0','',NULL,'',NULL,1),(431003,4310,2,'苏仙','su xian','sux','苏仙区','',0,_binary '\0','',NULL,'',NULL,1),(431021,4310,2,'桂阳','gui yang','guy','桂阳县','',0,_binary '\0','',NULL,'',NULL,1),(431022,4310,2,'宜章','yi zhang','yiz','宜章县','',0,_binary '\0','',NULL,'',NULL,1),(431023,4310,2,'永兴','yong xing','yox','永兴县','',0,_binary '\0','',NULL,'',NULL,1),(431024,4310,2,'嘉禾','jia he','jih','嘉禾县','',0,_binary '\0','',NULL,'',NULL,1),(431025,4310,2,'临武','lin wu','liw','临武县','',0,_binary '\0','',NULL,'',NULL,1),(431026,4310,2,'汝城','ru cheng','ruc','汝城县','',0,_binary '\0','',NULL,'',NULL,1),(431027,4310,2,'桂东','gui dong','gud','桂东县','',0,_binary '\0','',NULL,'',NULL,1),(431028,4310,2,'安仁','an ren','anr','安仁县','',0,_binary '\0','',NULL,'',NULL,1),(431081,4310,2,'资兴','zi xing','zix','资兴市','',0,_binary '\0','',NULL,'',NULL,1),(431102,4311,2,'零陵','ling ling','lil','零陵区','',0,_binary '\0','',NULL,'',NULL,1),(431103,4311,2,'冷水滩','leng shui tan','lest','冷水滩区','',0,_binary '\0','',NULL,'',NULL,1),(431121,4311,2,'祁阳','qi yang','qiy','祁阳县','',0,_binary '\0','',NULL,'',NULL,1),(431122,4311,2,'东安','dong an','doa','东安县','',0,_binary '\0','',NULL,'',NULL,1),(431123,4311,2,'双牌','shuang pai','shp','双牌县','',0,_binary '\0','',NULL,'',NULL,1),(431124,4311,2,'道县','dao xian','dax','道县','',0,_binary '\0','',NULL,'',NULL,1),(431125,4311,2,'江永','jiang yong','jiy','江永县','',0,_binary '\0','',NULL,'',NULL,1),(431126,4311,2,'宁远','ning yuan','niy','宁远县','',0,_binary '\0','',NULL,'',NULL,1),(431127,4311,2,'蓝山','lan shan','las','蓝山县','',0,_binary '\0','',NULL,'',NULL,1),(431128,4311,2,'新田','xin tian','xit','新田县','',0,_binary '\0','',NULL,'',NULL,1),(431129,4311,2,'江华瑶族自治县','jiang hua yao zu zi zhi xian','jihy','江华瑶族自治县','',0,_binary '\0','',NULL,'',NULL,1),(431171,4311,2,'永州经济技术开发区','yong zhou jing ji ji shu kai fa qu','yozj','永州经济技术开发区','',0,_binary '\0','',NULL,'',NULL,1),(431172,4311,2,'永州市金洞管理区','yong zhou shi jin dong guan li qu','yozs','永州市金洞管理区','',0,_binary '\0','',NULL,'',NULL,1),(431173,4311,2,'永州市回龙圩管理区','yong zhou shi hui long xu guan li qu','yozs','永州市回龙圩管理区','',0,_binary '\0','',NULL,'',NULL,1),(431202,4312,2,'鹤城','he cheng','hec','鹤城区','',0,_binary '\0','',NULL,'',NULL,1),(431221,4312,2,'中方','zhong fang','zhf','中方县','',0,_binary '\0','',NULL,'',NULL,1),(431222,4312,2,'沅陵','yuan ling','yul','沅陵县','',0,_binary '\0','',NULL,'',NULL,1),(431223,4312,2,'辰溪','chen xi','chx','辰溪县','',0,_binary '\0','',NULL,'',NULL,1),(431224,4312,2,'溆浦','xu pu','xup','溆浦县','',0,_binary '\0','',NULL,'',NULL,1),(431225,4312,2,'会同','hui tong','hut','会同县','',0,_binary '\0','',NULL,'',NULL,1),(431226,4312,2,'麻阳苗族自治县','ma yang miao zu zi zhi xian','maym','麻阳苗族自治县','',0,_binary '\0','',NULL,'',NULL,1),(431227,4312,2,'新晃侗族自治县','xin huang dong zu zi zhi xian','xihd','新晃侗族自治县','',0,_binary '\0','',NULL,'',NULL,1),(431228,4312,2,'芷江侗族自治县','zhi jiang dong zu zi zhi xian','zhjd','芷江侗族自治县','',0,_binary '\0','',NULL,'',NULL,1),(431229,4312,2,'靖州苗族侗族自治县','jing zhou miao zu dong zu zi zhi xian','jizm','靖州苗族侗族自治县','',0,_binary '\0','',NULL,'',NULL,1),(431230,4312,2,'通道侗族自治县','tong dao dong zu zi zhi xian','todd','通道侗族自治县','',0,_binary '\0','',NULL,'',NULL,1),(431271,4312,2,'怀化市洪江管理区','huai hua shi hong jiang guan li qu','huhs','怀化市洪江管理区','',0,_binary '\0','',NULL,'',NULL,1),(431281,4312,2,'洪江','hong jiang','hoj','洪江市','',0,_binary '\0','',NULL,'',NULL,1),(431302,4313,2,'娄星','lou xing','lox','娄星区','',0,_binary '\0','',NULL,'',NULL,1),(431321,4313,2,'双峰','shuang feng','shf','双峰县','',0,_binary '\0','',NULL,'',NULL,1),(431322,4313,2,'新化','xin hua','xih','新化县','',0,_binary '\0','',NULL,'',NULL,1),(431381,4313,2,'冷水江','leng shui jiang','lesj','冷水江市','',0,_binary '\0','',NULL,'',NULL,1),(431382,4313,2,'涟源','lian yuan','liy','涟源市','',0,_binary '\0','',NULL,'',NULL,1),(433101,4331,2,'吉首','ji shou','jis','吉首市','',0,_binary '\0','',NULL,'',NULL,1),(433122,4331,2,'泸溪','lu xi','lux','泸溪县','',0,_binary '\0','',NULL,'',NULL,1),(433123,4331,2,'凤凰','feng huang','feh','凤凰县','',0,_binary '\0','',NULL,'',NULL,1),(433124,4331,2,'花垣','hua yuan','huy','花垣县','',0,_binary '\0','',NULL,'',NULL,1),(433125,4331,2,'保靖','bao jing','baj','保靖县','',0,_binary '\0','',NULL,'',NULL,1),(433126,4331,2,'古丈','gu zhang','guz','古丈县','',0,_binary '\0','',NULL,'',NULL,1),(433127,4331,2,'永顺','yong shun','yos','永顺县','',0,_binary '\0','',NULL,'',NULL,1),(433130,4331,2,'龙山','long shan','los','龙山县','',0,_binary '\0','',NULL,'',NULL,1),(433172,4331,2,'湖南吉首经济开发区','hu nan ji shou jing ji kai fa qu','hunj','湖南吉首经济开发区','',0,_binary '\0','',NULL,'',NULL,1),(433173,4331,2,'湖南永顺经济开发区','hu nan yong shun jing ji kai fa qu','huny','湖南永顺经济开发区','',0,_binary '\0','',NULL,'',NULL,1),(440103,4401,2,'荔湾','li wan','liw','荔湾区','',0,_binary '\0','',NULL,'',NULL,1),(440104,4401,2,'越秀','yue xiu','yux','越秀区','',0,_binary '\0','',NULL,'',NULL,1),(440105,4401,2,'海珠','hai zhu','haz','海珠区','',0,_binary '\0','',NULL,'',NULL,1),(440106,4401,2,'天河','tian he','tih','天河区','',0,_binary '\0','',NULL,'',NULL,1),(440111,4401,2,'白云','bai yun','bay','白云区','',0,_binary '\0','',NULL,'',NULL,1),(440112,4401,2,'黄埔','huang pu','hup','黄埔区','',0,_binary '\0','',NULL,'',NULL,1),(440113,4401,2,'番禺','pan yu','pay','番禺区','',0,_binary '\0','',NULL,'',NULL,1),(440114,4401,2,'花都','hua du','hud','花都区','',0,_binary '\0','',NULL,'',NULL,1),(440115,4401,2,'南沙','nan sha','nas','南沙区','',0,_binary '\0','',NULL,'',NULL,1),(440117,4401,2,'从化','cong hua','coh','从化区','',0,_binary '\0','',NULL,'',NULL,1),(440118,4401,2,'增城','zeng cheng','zec','增城区','',0,_binary '\0','',NULL,'',NULL,1),(440203,4402,2,'武江','wu jiang','wuj','武江区','',0,_binary '\0','',NULL,'',NULL,1),(440204,4402,2,'浈江','zhen jiang','zhj','浈江区','',0,_binary '\0','',NULL,'',NULL,1),(440205,4402,2,'曲江','qu jiang','quj','曲江区','',0,_binary '\0','',NULL,'',NULL,1),(440222,4402,2,'始兴','shi xing','shx','始兴县','',0,_binary '\0','',NULL,'',NULL,1),(440224,4402,2,'仁化','ren hua','reh','仁化县','',0,_binary '\0','',NULL,'',NULL,1),(440229,4402,2,'翁源','weng yuan','wey','翁源县','',0,_binary '\0','',NULL,'',NULL,1),(440232,4402,2,'乳源瑶族自治县','ru yuan yao zu zi zhi xian','ruyy','乳源瑶族自治县','',0,_binary '\0','',NULL,'',NULL,1),(440233,4402,2,'新丰','xin feng','xif','新丰县','',0,_binary '\0','',NULL,'',NULL,1),(440281,4402,2,'乐昌','le chang','lec','乐昌市','',0,_binary '\0','',NULL,'',NULL,1),(440282,4402,2,'南雄','nan xiong','nax','南雄市','',0,_binary '\0','',NULL,'',NULL,1),(440303,4403,2,'罗湖','luo hu','luh','罗湖区','',0,_binary '\0','',NULL,'',NULL,1),(440304,4403,2,'福田','fu tian','fut','福田区','',0,_binary '\0','',NULL,'',NULL,1),(440305,4403,2,'南山','nan shan','nas','南山区','',0,_binary '\0','',NULL,'',NULL,1),(440306,4403,2,'宝安','bao an','baa','宝安区','',0,_binary '\0','',NULL,'',NULL,1),(440307,4403,2,'龙岗','long gang','log','龙岗区','',0,_binary '\0','',NULL,'',NULL,1),(440308,4403,2,'盐田','yan tian','yat','盐田区','',0,_binary '\0','',NULL,'',NULL,1),(440309,4403,2,'龙华','long hua','loh','龙华区','',0,_binary '\0','',NULL,'',NULL,1),(440310,4403,2,'坪山','ping shan','pis','坪山区','',0,_binary '\0','',NULL,'',NULL,1),(440402,4404,2,'香洲','xiang zhou','xiz','香洲区','',0,_binary '\0','',NULL,'',NULL,1),(440403,4404,2,'斗门','dou men','dom','斗门区','',0,_binary '\0','',NULL,'',NULL,1),(440404,4404,2,'金湾','jin wan','jiw','金湾区','',0,_binary '\0','',NULL,'',NULL,1),(440507,4405,2,'龙湖','long hu','loh','龙湖区','',0,_binary '\0','',NULL,'',NULL,1),(440511,4405,2,'金平','jin ping','jip','金平区','',0,_binary '\0','',NULL,'',NULL,1),(440512,4405,2,'濠江','hao jiang','haj','濠江区','',0,_binary '\0','',NULL,'',NULL,1),(440513,4405,2,'潮阳','chao yang','chy','潮阳区','',0,_binary '\0','',NULL,'',NULL,1),(440514,4405,2,'潮南','chao nan','chn','潮南区','',0,_binary '\0','',NULL,'',NULL,1),(440515,4405,2,'澄海','cheng hai','chh','澄海区','',0,_binary '\0','',NULL,'',NULL,1),(440523,4405,2,'南澳','nan ao','naa','南澳县','',0,_binary '\0','',NULL,'',NULL,1),(440604,4406,2,'禅城','chan cheng','chc','禅城区','',0,_binary '\0','',NULL,'',NULL,1),(440605,4406,2,'南海','nan hai','nah','南海区','',0,_binary '\0','',NULL,'',NULL,1),(440606,4406,2,'顺德','shun de','shd','顺德区','',0,_binary '\0','',NULL,'',NULL,1),(440607,4406,2,'三水','san shui','sas','三水区','',0,_binary '\0','',NULL,'',NULL,1),(440608,4406,2,'高明','gao ming','gam','高明区','',0,_binary '\0','',NULL,'',NULL,1),(440703,4407,2,'蓬江','peng jiang','pej','蓬江区','',0,_binary '\0','',NULL,'',NULL,1),(440704,4407,2,'江海','jiang hai','jih','江海区','',0,_binary '\0','',NULL,'',NULL,1),(440705,4407,2,'新会','xin hui','xih','新会区','',0,_binary '\0','',NULL,'',NULL,1),(440781,4407,2,'台山','tai shan','tas','台山市','',0,_binary '\0','',NULL,'',NULL,1),(440783,4407,2,'开平','kai ping','kap','开平市','',0,_binary '\0','',NULL,'',NULL,1),(440784,4407,2,'鹤山','he shan','hes','鹤山市','',0,_binary '\0','',NULL,'',NULL,1),(440785,4407,2,'恩平','en ping','enp','恩平市','',0,_binary '\0','',NULL,'',NULL,1),(440802,4408,2,'赤坎','chi kan','chk','赤坎区','',0,_binary '\0','',NULL,'',NULL,1),(440803,4408,2,'霞山','xia shan','xis','霞山区','',0,_binary '\0','',NULL,'',NULL,1),(440804,4408,2,'坡头','po tou','pot','坡头区','',0,_binary '\0','',NULL,'',NULL,1),(440811,4408,2,'麻章','ma zhang','maz','麻章区','',0,_binary '\0','',NULL,'',NULL,1),(440823,4408,2,'遂溪','sui xi','sux','遂溪县','',0,_binary '\0','',NULL,'',NULL,1),(440825,4408,2,'徐闻','xu wen','xuw','徐闻县','',0,_binary '\0','',NULL,'',NULL,1),(440881,4408,2,'廉江','lian jiang','lij','廉江市','',0,_binary '\0','',NULL,'',NULL,1),(440882,4408,2,'雷州','lei zhou','lez','雷州市','',0,_binary '\0','',NULL,'',NULL,1),(440883,4408,2,'吴川','wu chuan','wuc','吴川市','',0,_binary '\0','',NULL,'',NULL,1),(440902,4409,2,'茂南','mao nan','man','茂南区','',0,_binary '\0','',NULL,'',NULL,1),(440904,4409,2,'电白','dian bai','dib','电白区','',0,_binary '\0','',NULL,'',NULL,1),(440981,4409,2,'高州','gao zhou','gaz','高州市','',0,_binary '\0','',NULL,'',NULL,1),(440982,4409,2,'化州','hua zhou','huz','化州市','',0,_binary '\0','',NULL,'',NULL,1),(440983,4409,2,'信宜','xin yi','xiy','信宜市','',0,_binary '\0','',NULL,'',NULL,1),(441202,4412,2,'端州','duan zhou','duz','端州区','',0,_binary '\0','',NULL,'',NULL,1),(441203,4412,2,'鼎湖','ding hu','dih','鼎湖区','',0,_binary '\0','',NULL,'',NULL,1),(441204,4412,2,'高要','gao yao','gay','高要区','',0,_binary '\0','',NULL,'',NULL,1),(441223,4412,2,'广宁','guang ning','gun','广宁县','',0,_binary '\0','',NULL,'',NULL,1),(441224,4412,2,'怀集','huai ji','huj','怀集县','',0,_binary '\0','',NULL,'',NULL,1),(441225,4412,2,'封开','feng kai','fek','封开县','',0,_binary '\0','',NULL,'',NULL,1),(441226,4412,2,'德庆','de qing','deq','德庆县','',0,_binary '\0','',NULL,'',NULL,1),(441284,4412,2,'四会','si hui','sih','四会市','',0,_binary '\0','',NULL,'',NULL,1),(441302,4413,2,'惠城','hui cheng','huc','惠城区','',0,_binary '\0','',NULL,'',NULL,1),(441303,4413,2,'惠阳','hui yang','huy','惠阳区','',0,_binary '\0','',NULL,'',NULL,1),(441322,4413,2,'博罗','bo luo','bol','博罗县','',0,_binary '\0','',NULL,'',NULL,1),(441323,4413,2,'惠东','hui dong','hud','惠东县','',0,_binary '\0','',NULL,'',NULL,1),(441324,4413,2,'龙门','long men','lom','龙门县','',0,_binary '\0','',NULL,'',NULL,1),(441402,4414,2,'梅江','mei jiang','mej','梅江区','',0,_binary '\0','',NULL,'',NULL,1),(441403,4414,2,'梅县','mei xian','mex','梅县区','',0,_binary '\0','',NULL,'',NULL,1),(441422,4414,2,'大埔','da bu','dab','大埔县','',0,_binary '\0','',NULL,'',NULL,1),(441423,4414,2,'丰顺','feng shun','fes','丰顺县','',0,_binary '\0','',NULL,'',NULL,1),(441424,4414,2,'五华','wu hua','wuh','五华县','',0,_binary '\0','',NULL,'',NULL,1),(441426,4414,2,'平远','ping yuan','piy','平远县','',0,_binary '\0','',NULL,'',NULL,1),(441427,4414,2,'蕉岭','jiao ling','jil','蕉岭县','',0,_binary '\0','',NULL,'',NULL,1),(441481,4414,2,'兴宁','xing ning','xin','兴宁市','',0,_binary '\0','',NULL,'',NULL,1),(441502,4415,2,'城区','cheng qu','chq','城区','',0,_binary '\0','',NULL,'',NULL,1),(441521,4415,2,'海丰','hai feng','haf','海丰县','',0,_binary '\0','',NULL,'',NULL,1),(441523,4415,2,'陆河','lu he','luh','陆河县','',0,_binary '\0','',NULL,'',NULL,1),(441581,4415,2,'陆丰','lu feng','luf','陆丰市','',0,_binary '\0','',NULL,'',NULL,1),(441602,4416,2,'源城','yuan cheng','yuc','源城区','',0,_binary '\0','',NULL,'',NULL,1),(441621,4416,2,'紫金','zi jin','zij','紫金县','',0,_binary '\0','',NULL,'',NULL,1),(441622,4416,2,'龙川','long chuan','loc','龙川县','',0,_binary '\0','',NULL,'',NULL,1),(441623,4416,2,'连平','lian ping','lip','连平县','',0,_binary '\0','',NULL,'',NULL,1),(441624,4416,2,'和平','he ping','hep','和平县','',0,_binary '\0','',NULL,'',NULL,1),(441625,4416,2,'东源','dong yuan','doy','东源县','',0,_binary '\0','',NULL,'',NULL,1),(441702,4417,2,'江城','jiang cheng','jic','江城区','',0,_binary '\0','',NULL,'',NULL,1),(441704,4417,2,'阳东','yang dong','yad','阳东区','',0,_binary '\0','',NULL,'',NULL,1),(441721,4417,2,'阳西','yang xi','yax','阳西县','',0,_binary '\0','',NULL,'',NULL,1),(441781,4417,2,'阳春','yang chun','yac','阳春市','',0,_binary '\0','',NULL,'',NULL,1),(441802,4418,2,'清城','qing cheng','qic','清城区','',0,_binary '\0','',NULL,'',NULL,1),(441803,4418,2,'清新区','qing xin qu','qixq','清新区','',0,_binary '\0','',NULL,'',NULL,1),(441821,4418,2,'佛冈','fo gang','fog','佛冈县','',0,_binary '\0','',NULL,'',NULL,1),(441823,4418,2,'阳山','yang shan','yas','阳山县','',0,_binary '\0','',NULL,'',NULL,1),(441825,4418,2,'连山壮族瑶族自治县','lian shan zhuang zu yao zu zi zhi xian','lisz','连山壮族瑶族自治县','',0,_binary '\0','',NULL,'',NULL,1),(441826,4418,2,'连南瑶族自治县','lian nan yao zu zi zhi xian','liny','连南瑶族自治县','',0,_binary '\0','',NULL,'',NULL,1),(441881,4418,2,'英德','ying de','yid','英德市','',0,_binary '\0','',NULL,'',NULL,1),(441882,4418,2,'连州','lian zhou','liz','连州市','',0,_binary '\0','',NULL,'',NULL,1),(445102,4451,2,'湘桥','xiang qiao','xiq','湘桥区','',0,_binary '\0','',NULL,'',NULL,1),(445103,4451,2,'潮安','chao an','cha','潮安区','',0,_binary '\0','',NULL,'',NULL,1),(445122,4451,2,'饶平','rao ping','rap','饶平县','',0,_binary '\0','',NULL,'',NULL,1),(445202,4452,2,'榕城','rong cheng','roc','榕城区','',0,_binary '\0','',NULL,'',NULL,1),(445203,4452,2,'揭东','jie dong','jid','揭东区','',0,_binary '\0','',NULL,'',NULL,1),(445222,4452,2,'揭西','jie xi','jix','揭西县','',0,_binary '\0','',NULL,'',NULL,1),(445224,4452,2,'惠来','hui lai','hul','惠来县','',0,_binary '\0','',NULL,'',NULL,1),(445281,4452,2,'普宁','pu ning','pun','普宁市','',0,_binary '\0','',NULL,'',NULL,1),(445302,4453,2,'云城','yun cheng','yuc','云城区','',0,_binary '\0','',NULL,'',NULL,1),(445303,4453,2,'云安','yun an','yua','云安区','',0,_binary '\0','',NULL,'',NULL,1),(445321,4453,2,'新兴','xin xing','xix','新兴县','',0,_binary '\0','',NULL,'',NULL,1),(445322,4453,2,'郁南','yu nan','yun','郁南县','',0,_binary '\0','',NULL,'',NULL,1),(445381,4453,2,'罗定','luo ding','lud','罗定市','',0,_binary '\0','',NULL,'',NULL,1),(450102,4501,2,'兴宁','xing ning','xin','兴宁区','',0,_binary '\0','',NULL,'',NULL,1),(450103,4501,2,'青秀','qing xiu','qix','青秀区','',0,_binary '\0','',NULL,'',NULL,1),(450105,4501,2,'江南','jiang nan','jin','江南区','',0,_binary '\0','',NULL,'',NULL,1),(450107,4501,2,'西乡塘','xi xiang tang','xixt','西乡塘区','',0,_binary '\0','',NULL,'',NULL,1),(450108,4501,2,'良庆','liang qing','liq','良庆区','',0,_binary '\0','',NULL,'',NULL,1),(450109,4501,2,'邕宁','yong ning','yon','邕宁区','',0,_binary '\0','',NULL,'',NULL,1),(450110,4501,2,'武鸣','wu ming','wum','武鸣区','',0,_binary '\0','',NULL,'',NULL,1),(450123,4501,2,'隆安','long an','loa','隆安县','',0,_binary '\0','',NULL,'',NULL,1),(450124,4501,2,'马山','ma shan','mas','马山县','',0,_binary '\0','',NULL,'',NULL,1),(450125,4501,2,'上林','shang lin','shl','上林县','',0,_binary '\0','',NULL,'',NULL,1),(450126,4501,2,'宾阳','bin yang','biy','宾阳县','',0,_binary '\0','',NULL,'',NULL,1),(450127,4501,2,'横县','heng xian','hex','横县','',0,_binary '\0','',NULL,'',NULL,1),(450202,4502,2,'城中','cheng zhong','chz','城中区','',0,_binary '\0','',NULL,'',NULL,1),(450203,4502,2,'鱼峰','yu feng','yuf','鱼峰区','',0,_binary '\0','',NULL,'',NULL,1),(450204,4502,2,'柳南','liu nan','lin','柳南区','',0,_binary '\0','',NULL,'',NULL,1),(450205,4502,2,'柳北','liu bei','lib','柳北区','',0,_binary '\0','',NULL,'',NULL,1),(450206,4502,2,'柳江','liu jiang','lij','柳江区','',0,_binary '\0','',NULL,'',NULL,1),(450222,4502,2,'柳城','liu cheng','lic','柳城县','',0,_binary '\0','',NULL,'',NULL,1),(450223,4502,2,'鹿寨','lu zhai','luz','鹿寨县','',0,_binary '\0','',NULL,'',NULL,1),(450224,4502,2,'融安','rong an','roa','融安县','',0,_binary '\0','',NULL,'',NULL,1),(450225,4502,2,'融水苗族自治县','rong shui miao zu zi zhi xian','rosm','融水苗族自治县','',0,_binary '\0','',NULL,'',NULL,1),(450226,4502,2,'三江侗族自治县','san jiang dong zu zi zhi xian','sajd','三江侗族自治县','',0,_binary '\0','',NULL,'',NULL,1),(450302,4503,2,'秀峰','xiu feng','xif','秀峰区','',0,_binary '\0','',NULL,'',NULL,1),(450303,4503,2,'叠彩','die cai','dic','叠彩区','',0,_binary '\0','',NULL,'',NULL,1),(450304,4503,2,'象山','xiang shan','xis','象山区','',0,_binary '\0','',NULL,'',NULL,1),(450305,4503,2,'七星','qi xing','qix','七星区','',0,_binary '\0','',NULL,'',NULL,1),(450311,4503,2,'雁山','yan shan','yas','雁山区','',0,_binary '\0','',NULL,'',NULL,1),(450312,4503,2,'临桂','lin gui','lig','临桂区','',0,_binary '\0','',NULL,'',NULL,1),(450321,4503,2,'阳朔','yang shuo','yas','阳朔县','',0,_binary '\0','',NULL,'',NULL,1),(450323,4503,2,'灵川','ling chuan','lic','灵川县','',0,_binary '\0','',NULL,'',NULL,1),(450324,4503,2,'全州','quan zhou','quz','全州县','',0,_binary '\0','',NULL,'',NULL,1),(450325,4503,2,'兴安','xing an','xia','兴安县','',0,_binary '\0','',NULL,'',NULL,1),(450326,4503,2,'永福','yong fu','yof','永福县','',0,_binary '\0','',NULL,'',NULL,1),(450327,4503,2,'灌阳','guan yang','guy','灌阳县','',0,_binary '\0','',NULL,'',NULL,1),(450328,4503,2,'龙胜各族自治县','long sheng ge zu zi zhi xian','losg','龙胜各族自治县','',0,_binary '\0','',NULL,'',NULL,1),(450329,4503,2,'资源','zi yuan','ziy','资源县','',0,_binary '\0','',NULL,'',NULL,1),(450330,4503,2,'平乐','ping le','pil','平乐县','',0,_binary '\0','',NULL,'',NULL,1),(450331,4503,2,'荔浦','li pu','lip','荔浦县','',0,_binary '\0','',NULL,'',NULL,1),(450332,4503,2,'恭城瑶族自治县','gong cheng yao zu zi zhi xian','gocy','恭城瑶族自治县','',0,_binary '\0','',NULL,'',NULL,1),(450403,4504,2,'万秀','wan xiu','wax','万秀区','',0,_binary '\0','',NULL,'',NULL,1),(450405,4504,2,'长洲','chang zhou','chz','长洲区','',0,_binary '\0','',NULL,'',NULL,1),(450406,4504,2,'龙圩','long xu','lox','龙圩区','',0,_binary '\0','',NULL,'',NULL,1),(450421,4504,2,'苍梧','cang wu','caw','苍梧县','',0,_binary '\0','',NULL,'',NULL,1),(450422,4504,2,'藤县','teng xian','tex','藤县','',0,_binary '\0','',NULL,'',NULL,1),(450423,4504,2,'蒙山','meng shan','mes','蒙山县','',0,_binary '\0','',NULL,'',NULL,1),(450481,4504,2,'岑溪','cen xi','cex','岑溪市','',0,_binary '\0','',NULL,'',NULL,1),(450502,4505,2,'海城','hai cheng','hac','海城区','',0,_binary '\0','',NULL,'',NULL,1),(450503,4505,2,'银海','yin hai','yih','银海区','',0,_binary '\0','',NULL,'',NULL,1),(450512,4505,2,'铁山港','tie shan gang','tisg','铁山港区','',0,_binary '\0','',NULL,'',NULL,1),(450521,4505,2,'合浦','he pu','hep','合浦县','',0,_binary '\0','',NULL,'',NULL,1),(450602,4506,2,'港口','gang kou','gak','港口区','',0,_binary '\0','',NULL,'',NULL,1),(450603,4506,2,'防城','fang cheng','fac','防城区','',0,_binary '\0','',NULL,'',NULL,1),(450621,4506,2,'上思','shang si','shs','上思县','',0,_binary '\0','',NULL,'',NULL,1),(450681,4506,2,'东兴','dong xing','dox','东兴市','',0,_binary '\0','',NULL,'',NULL,1),(450702,4507,2,'钦南','qin nan','qin','钦南区','',0,_binary '\0','',NULL,'',NULL,1),(450703,4507,2,'钦北','qin bei','qib','钦北区','',0,_binary '\0','',NULL,'',NULL,1),(450721,4507,2,'灵山','ling shan','lis','灵山县','',0,_binary '\0','',NULL,'',NULL,1),(450722,4507,2,'浦北','pu bei','pub','浦北县','',0,_binary '\0','',NULL,'',NULL,1),(450802,4508,2,'港北','gang bei','gab','港北区','',0,_binary '\0','',NULL,'',NULL,1),(450803,4508,2,'港南','gang nan','gan','港南区','',0,_binary '\0','',NULL,'',NULL,1),(450804,4508,2,'覃塘','qin tang','qit','覃塘区','',0,_binary '\0','',NULL,'',NULL,1),(450821,4508,2,'平南','ping nan','pin','平南县','',0,_binary '\0','',NULL,'',NULL,1),(450881,4508,2,'桂平','gui ping','gup','桂平市','',0,_binary '\0','',NULL,'',NULL,1),(450902,4509,2,'玉州','yu zhou','yuz','玉州区','',0,_binary '\0','',NULL,'',NULL,1),(450903,4509,2,'福绵','fu mian','fum','福绵区','',0,_binary '\0','',NULL,'',NULL,1),(450921,4509,2,'容县','rong xian','rox','容县','',0,_binary '\0','',NULL,'',NULL,1),(450922,4509,2,'陆川','lu chuan','luc','陆川县','',0,_binary '\0','',NULL,'',NULL,1),(450923,4509,2,'博白','bo bai','bob','博白县','',0,_binary '\0','',NULL,'',NULL,1),(450924,4509,2,'兴业','xing ye','xiy','兴业县','',0,_binary '\0','',NULL,'',NULL,1),(450981,4509,2,'北流','bei liu','bel','北流市','',0,_binary '\0','',NULL,'',NULL,1),(451002,4510,2,'右江','you jiang','yoj','右江区','',0,_binary '\0','',NULL,'',NULL,1),(451021,4510,2,'田阳','tian yang','tiy','田阳县','',0,_binary '\0','',NULL,'',NULL,1),(451022,4510,2,'田东','tian dong','tid','田东县','',0,_binary '\0','',NULL,'',NULL,1),(451023,4510,2,'平果','ping guo','pig','平果县','',0,_binary '\0','',NULL,'',NULL,1),(451024,4510,2,'德保','de bao','deb','德保县','',0,_binary '\0','',NULL,'',NULL,1),(451026,4510,2,'那坡','na po','nap','那坡县','',0,_binary '\0','',NULL,'',NULL,1),(451027,4510,2,'凌云','ling yun','liy','凌云县','',0,_binary '\0','',NULL,'',NULL,1),(451028,4510,2,'乐业','le ye','ley','乐业县','',0,_binary '\0','',NULL,'',NULL,1),(451029,4510,2,'田林','tian lin','til','田林县','',0,_binary '\0','',NULL,'',NULL,1),(451030,4510,2,'西林','xi lin','xil','西林县','',0,_binary '\0','',NULL,'',NULL,1),(451031,4510,2,'隆林各族自治县','long lin ge zu zi zhi xian','lolg','隆林各族自治县','',0,_binary '\0','',NULL,'',NULL,1),(451081,4510,2,'靖西','jing xi','jix','靖西市','',0,_binary '\0','',NULL,'',NULL,1),(451102,4511,2,'八步','ba bu','bab','八步区','',0,_binary '\0','',NULL,'',NULL,1),(451103,4511,2,'平桂','ping gui','pig','平桂区','',0,_binary '\0','',NULL,'',NULL,1),(451121,4511,2,'昭平','zhao ping','zhp','昭平县','',0,_binary '\0','',NULL,'',NULL,1),(451122,4511,2,'钟山','zhong shan','zhs','钟山县','',0,_binary '\0','',NULL,'',NULL,1),(451123,4511,2,'富川瑶族自治县','fu chuan yao zu zi zhi xian','fucy','富川瑶族自治县','',0,_binary '\0','',NULL,'',NULL,1),(451202,4512,2,'金城江','jin cheng jiang','jicj','金城江区','',0,_binary '\0','',NULL,'',NULL,1),(451203,4512,2,'宜州','yi zhou','yiz','宜州区','',0,_binary '\0','',NULL,'',NULL,1),(451221,4512,2,'南丹','nan dan','nad','南丹县','',0,_binary '\0','',NULL,'',NULL,1),(451222,4512,2,'天峨','tian e','tie','天峨县','',0,_binary '\0','',NULL,'',NULL,1),(451223,4512,2,'凤山','feng shan','fes','凤山县','',0,_binary '\0','',NULL,'',NULL,1),(451224,4512,2,'东兰','dong lan','dol','东兰县','',0,_binary '\0','',NULL,'',NULL,1),(451225,4512,2,'罗城仫佬族自治县','luo cheng mu lao zu zi zhi xian','lucm','罗城仫佬族自治县','',0,_binary '\0','',NULL,'',NULL,1),(451226,4512,2,'环江毛南族自治县','huan jiang mao nan zu zi zhi xian','hujm','环江毛南族自治县','',0,_binary '\0','',NULL,'',NULL,1),(451227,4512,2,'巴马瑶族自治县','ba ma yao zu zi zhi xian','bamy','巴马瑶族自治县','',0,_binary '\0','',NULL,'',NULL,1),(451228,4512,2,'都安瑶族自治县','du an yao zu zi zhi xian','duay','都安瑶族自治县','',0,_binary '\0','',NULL,'',NULL,1),(451229,4512,2,'大化瑶族自治县','da hua yao zu zi zhi xian','dahy','大化瑶族自治县','',0,_binary '\0','',NULL,'',NULL,1),(451302,4513,2,'兴宾','xing bin','xib','兴宾区','',0,_binary '\0','',NULL,'',NULL,1),(451321,4513,2,'忻城','xin cheng','xic','忻城县','',0,_binary '\0','',NULL,'',NULL,1),(451322,4513,2,'象州','xiang zhou','xiz','象州县','',0,_binary '\0','',NULL,'',NULL,1),(451323,4513,2,'武宣','wu xuan','wux','武宣县','',0,_binary '\0','',NULL,'',NULL,1),(451324,4513,2,'金秀瑶族自治县','jin xiu yao zu zi zhi xian','jixy','金秀瑶族自治县','',0,_binary '\0','',NULL,'',NULL,1),(451381,4513,2,'合山','he shan','hes','合山市','',0,_binary '\0','',NULL,'',NULL,1),(451402,4514,2,'江州','jiang zhou','jiz','江州区','',0,_binary '\0','',NULL,'',NULL,1),(451421,4514,2,'扶绥','fu sui','fus','扶绥县','',0,_binary '\0','',NULL,'',NULL,1),(451422,4514,2,'宁明','ning ming','nim','宁明县','',0,_binary '\0','',NULL,'',NULL,1),(451423,4514,2,'龙州','long zhou','loz','龙州县','',0,_binary '\0','',NULL,'',NULL,1),(451424,4514,2,'大新','da xin','dax','大新县','',0,_binary '\0','',NULL,'',NULL,1),(451425,4514,2,'天等','tian deng','tid','天等县','',0,_binary '\0','',NULL,'',NULL,1),(451481,4514,2,'凭祥','ping xiang','pix','凭祥市','',0,_binary '\0','',NULL,'',NULL,1),(460105,4601,2,'秀英','xiu ying','xiy','秀英区','',0,_binary '\0','',NULL,'',NULL,1),(460106,4601,2,'龙华','long hua','loh','龙华区','',0,_binary '\0','',NULL,'',NULL,1),(460107,4601,2,'琼山','qiong shan','qis','琼山区','',0,_binary '\0','',NULL,'',NULL,1),(460108,4601,2,'美兰','mei lan','mel','美兰区','',0,_binary '\0','',NULL,'',NULL,1),(460202,4602,2,'海棠','hai tang','hat','海棠区','',0,_binary '\0','',NULL,'',NULL,1),(460203,4602,2,'吉阳','ji yang','jiy','吉阳区','',0,_binary '\0','',NULL,'',NULL,1),(460204,4602,2,'天涯','tian ya','tiy','天涯区','',0,_binary '\0','',NULL,'',NULL,1),(460205,4602,2,'崖州','ya zhou','yaz','崖州区','',0,_binary '\0','',NULL,'',NULL,1),(460321,4603,2,'西沙群岛','xi sha qun dao','xisq','西沙群岛','',0,_binary '\0','',NULL,'',NULL,1),(460322,4603,2,'南沙群岛','nan sha qun dao','nasq','南沙群岛','',0,_binary '\0','',NULL,'',NULL,1),(460323,4603,2,'中沙群岛的岛礁及其海域','zhong sha qun dao de dao jiao ji qi hai yu','zhsq','中沙群岛的岛礁及其海域','',0,_binary '\0','',NULL,'',NULL,1),(469001,4690,2,'五指山','wu zhi shan','wuzs','五指山市','',0,_binary '\0','',NULL,'',NULL,1),(469002,4690,2,'琼海','qiong hai','qih','琼海市','',0,_binary '\0','',NULL,'',NULL,1),(469005,4690,2,'文昌','wen chang','wec','文昌市','',0,_binary '\0','',NULL,'',NULL,1),(469006,4690,2,'万宁','wan ning','wan','万宁市','',0,_binary '\0','',NULL,'',NULL,1),(469007,4690,2,'东方','dong fang','dof','东方市','',0,_binary '\0','',NULL,'',NULL,1),(469021,4690,2,'定安','ding an','dia','定安县','',0,_binary '\0','',NULL,'',NULL,1),(469022,4690,2,'屯昌','tun chang','tuc','屯昌县','',0,_binary '\0','',NULL,'',NULL,1),(469023,4690,2,'澄迈','cheng mai','chm','澄迈县','',0,_binary '\0','',NULL,'',NULL,1),(469024,4690,2,'临高','lin gao','lig','临高县','',0,_binary '\0','',NULL,'',NULL,1),(469025,4690,2,'白沙黎族自治县','bai sha li zu zi zhi xian','basl','白沙黎族自治县','',0,_binary '\0','',NULL,'',NULL,1),(469026,4690,2,'昌江黎族自治县','chang jiang li zu zi zhi xian','chjl','昌江黎族自治县','',0,_binary '\0','',NULL,'',NULL,1),(469027,4690,2,'乐东黎族自治县','le dong li zu zi zhi xian','ledl','乐东黎族自治县','',0,_binary '\0','',NULL,'',NULL,1),(469028,4690,2,'陵水黎族自治县','ling shui li zu zi zhi xian','lisl','陵水黎族自治县','',0,_binary '\0','',NULL,'',NULL,1),(469029,4690,2,'保亭黎族苗族自治县','bao ting li zu miao zu zi zhi xian','batl','保亭黎族苗族自治县','',0,_binary '\0','',NULL,'',NULL,1),(469030,4690,2,'琼中黎族苗族自治县','qiong zhong li zu miao zu zi zhi xian','qizl','琼中黎族苗族自治县','',0,_binary '\0','',NULL,'',NULL,1),(500101,5001,2,'万州','wan zhou','waz','万州区','',0,_binary '\0','',NULL,'',NULL,1),(500102,5001,2,'涪陵','fu ling','ful','涪陵区','',0,_binary '\0','',NULL,'',NULL,1),(500103,5001,2,'渝中','yu zhong','yuz','渝中区','',0,_binary '\0','',NULL,'',NULL,1),(500104,5001,2,'大渡口','da du kou','dadk','大渡口区','',0,_binary '\0','',NULL,'',NULL,1),(500105,5001,2,'江北','jiang bei','jib','江北区','',0,_binary '\0','',NULL,'',NULL,1),(500106,5001,2,'沙坪坝','sha ping ba','shpb','沙坪坝区','',0,_binary '\0','',NULL,'',NULL,1),(500107,5001,2,'九龙坡','jiu long po','jilp','九龙坡区','',0,_binary '\0','',NULL,'',NULL,1),(500108,5001,2,'南岸','nan an','naa','南岸区','',0,_binary '\0','',NULL,'',NULL,1),(500109,5001,2,'北碚','bei bei','beb','北碚区','',0,_binary '\0','',NULL,'',NULL,1),(500110,5001,2,'綦江','qi jiang','qij','綦江区','',0,_binary '\0','',NULL,'',NULL,1),(500111,5001,2,'大足','da zu','daz','大足区','',0,_binary '\0','',NULL,'',NULL,1),(500112,5001,2,'渝北','yu bei','yub','渝北区','',0,_binary '\0','',NULL,'',NULL,1),(500113,5001,2,'巴南','ba nan','ban','巴南区','',0,_binary '\0','',NULL,'',NULL,1),(500114,5001,2,'黔江','qian jiang','qij','黔江区','',0,_binary '\0','',NULL,'',NULL,1),(500115,5001,2,'长寿','chang shou','chs','长寿区','',0,_binary '\0','',NULL,'',NULL,1),(500116,5001,2,'江津','jiang jin','jij','江津区','',0,_binary '\0','',NULL,'',NULL,1),(500117,5001,2,'合川','he chuan','hec','合川区','',0,_binary '\0','',NULL,'',NULL,1),(500118,5001,2,'永川','yong chuan','yoc','永川区','',0,_binary '\0','',NULL,'',NULL,1),(500119,5001,2,'南川','nan chuan','nac','南川区','',0,_binary '\0','',NULL,'',NULL,1),(500120,5001,2,'璧山','bi shan','bis','璧山区','',0,_binary '\0','',NULL,'',NULL,1),(500151,5001,2,'铜梁','tong liang','tol','铜梁区','',0,_binary '\0','',NULL,'',NULL,1),(500152,5001,2,'潼南','tong nan','ton','潼南区','',0,_binary '\0','',NULL,'',NULL,1),(500153,5001,2,'荣昌','rong chang','roc','荣昌区','',0,_binary '\0','',NULL,'',NULL,1),(500154,5001,2,'开州','kai zhou','kaz','开州区','',0,_binary '\0','',NULL,'',NULL,1),(500155,5001,2,'梁平','liang ping','lip','梁平区','',0,_binary '\0','',NULL,'',NULL,1),(500156,5001,2,'武隆','wu long','wul','武隆区','',0,_binary '\0','',NULL,'',NULL,1),(500229,5002,2,'城口','cheng kou','chk','城口县','',0,_binary '\0','',NULL,'',NULL,1),(500230,5002,2,'丰都','feng du','fed','丰都县','',0,_binary '\0','',NULL,'',NULL,1),(500231,5002,2,'垫江','dian jiang','dij','垫江县','',0,_binary '\0','',NULL,'',NULL,1),(500233,5002,2,'忠县','zhong xian','zhx','忠县','',0,_binary '\0','',NULL,'',NULL,1),(500235,5002,2,'云阳','yun yang','yuy','云阳县','',0,_binary '\0','',NULL,'',NULL,1),(500236,5002,2,'奉节','feng jie','fej','奉节县','',0,_binary '\0','',NULL,'',NULL,1),(500237,5002,2,'巫山','wu shan','wus','巫山县','',0,_binary '\0','',NULL,'',NULL,1),(500238,5002,2,'巫溪','wu xi','wux','巫溪县','',0,_binary '\0','',NULL,'',NULL,1),(500240,5002,2,'石柱土家族自治县','shi zhu tu jia zu zi zhi xian','shzt','石柱土家族自治县','',0,_binary '\0','',NULL,'',NULL,1),(500241,5002,2,'秀山土家族苗族自治县','xiu shan tu jia zu miao zu zi zhi xian','xist','秀山土家族苗族自治县','',0,_binary '\0','',NULL,'',NULL,1),(500242,5002,2,'酉阳土家族苗族自治县','you yang tu jia zu miao zu zi zhi xian','yoyt','酉阳土家族苗族自治县','',0,_binary '\0','',NULL,'',NULL,1),(500243,5002,2,'彭水苗族土家族自治县','peng shui miao zu tu jia zu zi zhi xian','pesm','彭水苗族土家族自治县','',0,_binary '\0','',NULL,'',NULL,1),(510104,5101,2,'锦江','jin jiang','jij','锦江区','',0,_binary '\0','',NULL,'',NULL,1),(510105,5101,2,'青羊','qing yang','qiy','青羊区','',0,_binary '\0','',NULL,'',NULL,1),(510106,5101,2,'金牛','jin niu','jin','金牛区','',0,_binary '\0','',NULL,'',NULL,1),(510107,5101,2,'武侯','wu hou','wuh','武侯区','',0,_binary '\0','',NULL,'',NULL,1),(510108,5101,2,'成华','cheng hua','chh','成华区','',0,_binary '\0','',NULL,'',NULL,1),(510112,5101,2,'龙泉驿','long quan yi','loqy','龙泉驿区','',0,_binary '\0','',NULL,'',NULL,1),(510113,5101,2,'青白江','qing bai jiang','qibj','青白江区','',0,_binary '\0','',NULL,'',NULL,1),(510114,5101,2,'新都','xin du','xid','新都区','',0,_binary '\0','',NULL,'',NULL,1),(510115,5101,2,'温江','wen jiang','wej','温江区','',0,_binary '\0','',NULL,'',NULL,1),(510116,5101,2,'双流','shuang liu','shl','双流区','',0,_binary '\0','',NULL,'',NULL,1),(510117,5101,2,'郫都','pi du','pid','郫都区','',0,_binary '\0','',NULL,'',NULL,1),(510121,5101,2,'金堂','jin tang','jit','金堂县','',0,_binary '\0','',NULL,'',NULL,1),(510129,5101,2,'大邑','da yi','day','大邑县','',0,_binary '\0','',NULL,'',NULL,1),(510131,5101,2,'蒲江','pu jiang','puj','蒲江县','',0,_binary '\0','',NULL,'',NULL,1),(510132,5101,2,'新津','xin jin','xij','新津县','',0,_binary '\0','',NULL,'',NULL,1),(510181,5101,2,'都江堰','du jiang yan','dujy','都江堰市','',0,_binary '\0','',NULL,'',NULL,1),(510182,5101,2,'彭州','peng zhou','pez','彭州市','',0,_binary '\0','',NULL,'',NULL,1),(510183,5101,2,'邛崃','qiong lai','qil','邛崃市','',0,_binary '\0','',NULL,'',NULL,1),(510184,5101,2,'崇州','chong zhou','chz','崇州市','',0,_binary '\0','',NULL,'',NULL,1),(510185,5101,2,'简阳','jian yang','jiy','简阳市','',0,_binary '\0','',NULL,'',NULL,1),(510302,5103,2,'自流井','zi liu jing','zilj','自流井区','',0,_binary '\0','',NULL,'',NULL,1),(510303,5103,2,'贡井','gong jing','goj','贡井区','',0,_binary '\0','',NULL,'',NULL,1),(510304,5103,2,'大安','da an','daa','大安区','',0,_binary '\0','',NULL,'',NULL,1),(510311,5103,2,'沿滩','yan tan','yat','沿滩区','',0,_binary '\0','',NULL,'',NULL,1),(510321,5103,2,'荣县','rong xian','rox','荣县','',0,_binary '\0','',NULL,'',NULL,1),(510322,5103,2,'富顺','fu shun','fus','富顺县','',0,_binary '\0','',NULL,'',NULL,1),(510402,5104,2,'东区','dong qu','doq','东区','',0,_binary '\0','',NULL,'',NULL,1),(510403,5104,2,'西区','xi qu','xiq','西区','',0,_binary '\0','',NULL,'',NULL,1),(510411,5104,2,'仁和','ren he','reh','仁和区','',0,_binary '\0','',NULL,'',NULL,1),(510421,5104,2,'米易','mi yi','miy','米易县','',0,_binary '\0','',NULL,'',NULL,1),(510422,5104,2,'盐边','yan bian','yab','盐边县','',0,_binary '\0','',NULL,'',NULL,1),(510502,5105,2,'江阳','jiang yang','jiy','江阳区','',0,_binary '\0','',NULL,'',NULL,1),(510503,5105,2,'纳溪','na xi','nax','纳溪区','',0,_binary '\0','',NULL,'',NULL,1),(510504,5105,2,'龙马潭','long ma tan','lomt','龙马潭区','',0,_binary '\0','',NULL,'',NULL,1),(510521,5105,2,'泸县','lu xian','lux','泸县','',0,_binary '\0','',NULL,'',NULL,1),(510522,5105,2,'合江','he jiang','hej','合江县','',0,_binary '\0','',NULL,'',NULL,1),(510524,5105,2,'叙永','xu yong','xuy','叙永县','',0,_binary '\0','',NULL,'',NULL,1),(510525,5105,2,'古蔺','gu lin','gul','古蔺县','',0,_binary '\0','',NULL,'',NULL,1),(510603,5106,2,'旌阳','jing yang','jiy','旌阳区','',0,_binary '\0','',NULL,'',NULL,1),(510604,5106,2,'罗江','luo jiang','luj','罗江区','',0,_binary '\0','',NULL,'',NULL,1),(510623,5106,2,'中江','zhong jiang','zhj','中江县','',0,_binary '\0','',NULL,'',NULL,1),(510681,5106,2,'广汉','guang han','guh','广汉市','',0,_binary '\0','',NULL,'',NULL,1),(510682,5106,2,'什邡','shi fang','shf','什邡市','',0,_binary '\0','',NULL,'',NULL,1),(510683,5106,2,'绵竹','mian zhu','miz','绵竹市','',0,_binary '\0','',NULL,'',NULL,1),(510703,5107,2,'涪城','fu cheng','fuc','涪城区','',0,_binary '\0','',NULL,'',NULL,1),(510704,5107,2,'游仙','you xian','yox','游仙区','',0,_binary '\0','',NULL,'',NULL,1),(510705,5107,2,'安州','an zhou','anz','安州区','',0,_binary '\0','',NULL,'',NULL,1),(510722,5107,2,'三台','san tai','sat','三台县','',0,_binary '\0','',NULL,'',NULL,1),(510723,5107,2,'盐亭','yan ting','yat','盐亭县','',0,_binary '\0','',NULL,'',NULL,1),(510725,5107,2,'梓潼','zi tong','zit','梓潼县','',0,_binary '\0','',NULL,'',NULL,1),(510726,5107,2,'北川羌族自治县','bei chuan qiang zu zi zhi xian','becq','北川羌族自治县','',0,_binary '\0','',NULL,'',NULL,1),(510727,5107,2,'平武','ping wu','piw','平武县','',0,_binary '\0','',NULL,'',NULL,1),(510781,5107,2,'江油','jiang you','jiy','江油市','',0,_binary '\0','',NULL,'',NULL,1),(510802,5108,2,'利州','li zhou','liz','利州区','',0,_binary '\0','',NULL,'',NULL,1),(510811,5108,2,'昭化','zhao hua','zhh','昭化区','',0,_binary '\0','',NULL,'',NULL,1),(510812,5108,2,'朝天','chao tian','cht','朝天区','',0,_binary '\0','',NULL,'',NULL,1),(510821,5108,2,'旺苍','wang cang','wac','旺苍县','',0,_binary '\0','',NULL,'',NULL,1),(510822,5108,2,'青川','qing chuan','qic','青川县','',0,_binary '\0','',NULL,'',NULL,1),(510823,5108,2,'剑阁','jian ge','jig','剑阁县','',0,_binary '\0','',NULL,'',NULL,1),(510824,5108,2,'苍溪','cang xi','cax','苍溪县','',0,_binary '\0','',NULL,'',NULL,1),(510903,5109,2,'船山','chuan shan','chs','船山区','',0,_binary '\0','',NULL,'',NULL,1),(510904,5109,2,'安居','an ju','anj','安居区','',0,_binary '\0','',NULL,'',NULL,1),(510921,5109,2,'蓬溪','peng xi','pex','蓬溪县','',0,_binary '\0','',NULL,'',NULL,1),(510922,5109,2,'射洪','she hong','shh','射洪县','',0,_binary '\0','',NULL,'',NULL,1),(510923,5109,2,'大英','da ying','day','大英县','',0,_binary '\0','',NULL,'',NULL,1),(511002,5110,2,'市中','shi zhong','shz','市中区','',0,_binary '\0','',NULL,'',NULL,1),(511011,5110,2,'东兴','dong xing','dox','东兴区','',0,_binary '\0','',NULL,'',NULL,1),(511024,5110,2,'威远','wei yuan','wey','威远县','',0,_binary '\0','',NULL,'',NULL,1),(511025,5110,2,'资中','zi zhong','ziz','资中县','',0,_binary '\0','',NULL,'',NULL,1),(511071,5110,2,'内江经济开发区','nei jiang jing ji kai fa qu','nejj','内江经济开发区','',0,_binary '\0','',NULL,'',NULL,1),(511083,5110,2,'隆昌','long chang','loc','隆昌市','',0,_binary '\0','',NULL,'',NULL,1),(511102,5111,2,'市中','shi zhong','shz','市中区','',0,_binary '\0','',NULL,'',NULL,1),(511111,5111,2,'沙湾','sha wan','shw','沙湾区','',0,_binary '\0','',NULL,'',NULL,1),(511112,5111,2,'五通桥','wu tong qiao','wutq','五通桥区','',0,_binary '\0','',NULL,'',NULL,1),(511113,5111,2,'金口河','jin kou he','jikh','金口河区','',0,_binary '\0','',NULL,'',NULL,1),(511123,5111,2,'犍为','qian wei','qiw','犍为县','',0,_binary '\0','',NULL,'',NULL,1),(511124,5111,2,'井研','jing yan','jiy','井研县','',0,_binary '\0','',NULL,'',NULL,1),(511126,5111,2,'夹江','jia jiang','jij','夹江县','',0,_binary '\0','',NULL,'',NULL,1),(511129,5111,2,'沐川','mu chuan','muc','沐川县','',0,_binary '\0','',NULL,'',NULL,1),(511132,5111,2,'峨边彝族自治县','e bian yi zu zi zhi xian','eby','峨边彝族自治县','',0,_binary '\0','',NULL,'',NULL,1),(511133,5111,2,'马边彝族自治县','ma bian yi zu zi zhi xian','maby','马边彝族自治县','',0,_binary '\0','',NULL,'',NULL,1),(511181,5111,2,'峨眉山','e mei shan','ems','峨眉山市','',0,_binary '\0','',NULL,'',NULL,1),(511302,5113,2,'顺庆','shun qing','shq','顺庆区','',0,_binary '\0','',NULL,'',NULL,1),(511303,5113,2,'高坪','gao ping','gap','高坪区','',0,_binary '\0','',NULL,'',NULL,1),(511304,5113,2,'嘉陵','jia ling','jil','嘉陵区','',0,_binary '\0','',NULL,'',NULL,1),(511321,5113,2,'南部','nan bu','nab','南部县','',0,_binary '\0','',NULL,'',NULL,1),(511322,5113,2,'营山','ying shan','yis','营山县','',0,_binary '\0','',NULL,'',NULL,1),(511323,5113,2,'蓬安','peng an','pea','蓬安县','',0,_binary '\0','',NULL,'',NULL,1),(511324,5113,2,'仪陇','yi long','yil','仪陇县','',0,_binary '\0','',NULL,'',NULL,1),(511325,5113,2,'西充','xi chong','xic','西充县','',0,_binary '\0','',NULL,'',NULL,1),(511381,5113,2,'阆中','lang zhong','laz','阆中市','',0,_binary '\0','',NULL,'',NULL,1),(511402,5114,2,'东坡','dong po','dop','东坡区','',0,_binary '\0','',NULL,'',NULL,1),(511403,5114,2,'彭山','peng shan','pes','彭山区','',0,_binary '\0','',NULL,'',NULL,1),(511421,5114,2,'仁寿','ren shou','res','仁寿县','',0,_binary '\0','',NULL,'',NULL,1),(511423,5114,2,'洪雅','hong ya','hoy','洪雅县','',0,_binary '\0','',NULL,'',NULL,1),(511424,5114,2,'丹棱','dan leng','dal','丹棱县','',0,_binary '\0','',NULL,'',NULL,1),(511425,5114,2,'青神','qing shen','qis','青神县','',0,_binary '\0','',NULL,'',NULL,1),(511502,5115,2,'翠屏','cui ping','cup','翠屏区','',0,_binary '\0','',NULL,'',NULL,1),(511503,5115,2,'南溪','nan xi','nax','南溪区','',0,_binary '\0','',NULL,'',NULL,1),(511521,5115,2,'宜宾','yi bin','yib','宜宾县','',0,_binary '\0','',NULL,'',NULL,1),(511523,5115,2,'江安','jiang an','jia','江安县','',0,_binary '\0','',NULL,'',NULL,1),(511524,5115,2,'长宁','chang ning','chn','长宁县','',0,_binary '\0','',NULL,'',NULL,1),(511525,5115,2,'高县','gao xian','gax','高县','',0,_binary '\0','',NULL,'',NULL,1),(511526,5115,2,'珙县','gong xian','gox','珙县','',0,_binary '\0','',NULL,'',NULL,1),(511527,5115,2,'筠连','jun lian','jul','筠连县','',0,_binary '\0','',NULL,'',NULL,1),(511528,5115,2,'兴文','xing wen','xiw','兴文县','',0,_binary '\0','',NULL,'',NULL,1),(511529,5115,2,'屏山','ping shan','pis','屏山县','',0,_binary '\0','',NULL,'',NULL,1),(511602,5116,2,'广安','guang an','gua','广安区','',0,_binary '\0','',NULL,'',NULL,1),(511603,5116,2,'前锋','qian feng','qif','前锋区','',0,_binary '\0','',NULL,'',NULL,1),(511621,5116,2,'岳池','yue chi','yuc','岳池县','',0,_binary '\0','',NULL,'',NULL,1),(511622,5116,2,'武胜','wu sheng','wus','武胜县','',0,_binary '\0','',NULL,'',NULL,1),(511623,5116,2,'邻水','lin shui','lis','邻水县','',0,_binary '\0','',NULL,'',NULL,1),(511681,5116,2,'华蓥','hua ying','huy','华蓥市','',0,_binary '\0','',NULL,'',NULL,1),(511702,5117,2,'通川','tong chuan','toc','通川区','',0,_binary '\0','',NULL,'',NULL,1),(511703,5117,2,'达川','da chuan','dac','达川区','',0,_binary '\0','',NULL,'',NULL,1),(511722,5117,2,'宣汉','xuan han','xuh','宣汉县','',0,_binary '\0','',NULL,'',NULL,1),(511723,5117,2,'开江','kai jiang','kaj','开江县','',0,_binary '\0','',NULL,'',NULL,1),(511724,5117,2,'大竹','da zhu','daz','大竹县','',0,_binary '\0','',NULL,'',NULL,1),(511725,5117,2,'渠县','qu xian','qux','渠县','',0,_binary '\0','',NULL,'',NULL,1),(511771,5117,2,'达州经济开发区','da zhou jing ji kai fa qu','dazj','达州经济开发区','',0,_binary '\0','',NULL,'',NULL,1),(511781,5117,2,'万源','wan yuan','way','万源市','',0,_binary '\0','',NULL,'',NULL,1),(511802,5118,2,'雨城','yu cheng','yuc','雨城区','',0,_binary '\0','',NULL,'',NULL,1),(511803,5118,2,'名山','ming shan','mis','名山区','',0,_binary '\0','',NULL,'',NULL,1),(511822,5118,2,'荥经','ying jing','yij','荥经县','',0,_binary '\0','',NULL,'',NULL,1),(511823,5118,2,'汉源','han yuan','hay','汉源县','',0,_binary '\0','',NULL,'',NULL,1),(511824,5118,2,'石棉','shi mian','shm','石棉县','',0,_binary '\0','',NULL,'',NULL,1),(511825,5118,2,'天全','tian quan','tiq','天全县','',0,_binary '\0','',NULL,'',NULL,1),(511826,5118,2,'芦山','lu shan','lus','芦山县','',0,_binary '\0','',NULL,'',NULL,1),(511827,5118,2,'宝兴','bao xing','bax','宝兴县','',0,_binary '\0','',NULL,'',NULL,1),(511902,5119,2,'巴州','ba zhou','baz','巴州区','',0,_binary '\0','',NULL,'',NULL,1),(511903,5119,2,'恩阳','en yang','eny','恩阳区','',0,_binary '\0','',NULL,'',NULL,1),(511921,5119,2,'通江','tong jiang','toj','通江县','',0,_binary '\0','',NULL,'',NULL,1),(511922,5119,2,'南江','nan jiang','naj','南江县','',0,_binary '\0','',NULL,'',NULL,1),(511923,5119,2,'平昌','ping chang','pic','平昌县','',0,_binary '\0','',NULL,'',NULL,1),(511971,5119,2,'巴中经济开发区','ba zhong jing ji kai fa qu','bazj','巴中经济开发区','',0,_binary '\0','',NULL,'',NULL,1),(512002,5120,2,'雁江','yan jiang','yaj','雁江区','',0,_binary '\0','',NULL,'',NULL,1),(512021,5120,2,'安岳','an yue','any','安岳县','',0,_binary '\0','',NULL,'',NULL,1),(512022,5120,2,'乐至','le zhi','lez','乐至县','',0,_binary '\0','',NULL,'',NULL,1),(513201,5132,2,'马尔康','ma er kang','maek','马尔康市','',0,_binary '\0','',NULL,'',NULL,1),(513221,5132,2,'汶川','wen chuan','wec','汶川县','',0,_binary '\0','',NULL,'',NULL,1),(513222,5132,2,'理县','li xian','lix','理县','',0,_binary '\0','',NULL,'',NULL,1),(513223,5132,2,'茂县','mao xian','max','茂县','',0,_binary '\0','',NULL,'',NULL,1),(513224,5132,2,'松潘','song pan','sop','松潘县','',0,_binary '\0','',NULL,'',NULL,1),(513225,5132,2,'九寨沟','jiu zhai gou','jizg','九寨沟县','',0,_binary '\0','',NULL,'',NULL,1),(513226,5132,2,'金川','jin chuan','jic','金川县','',0,_binary '\0','',NULL,'',NULL,1),(513227,5132,2,'小金','xiao jin','xij','小金县','',0,_binary '\0','',NULL,'',NULL,1),(513228,5132,2,'黑水','hei shui','hes','黑水县','',0,_binary '\0','',NULL,'',NULL,1),(513230,5132,2,'壤塘','rang tang','rat','壤塘县','',0,_binary '\0','',NULL,'',NULL,1),(513231,5132,2,'阿坝','a ba','ab','阿坝县','',0,_binary '\0','',NULL,'',NULL,1),(513232,5132,2,'若尔盖','ruo er gai','rueg','若尔盖县','',0,_binary '\0','',NULL,'',NULL,1),(513233,5132,2,'红原','hong yuan','hoy','红原县','',0,_binary '\0','',NULL,'',NULL,1),(513301,5133,2,'康定','kang ding','kad','康定市','',0,_binary '\0','',NULL,'',NULL,1),(513322,5133,2,'泸定','lu ding','lud','泸定县','',0,_binary '\0','',NULL,'',NULL,1),(513323,5133,2,'丹巴','dan ba','dab','丹巴县','',0,_binary '\0','',NULL,'',NULL,1),(513324,5133,2,'九龙','jiu long','jil','九龙县','',0,_binary '\0','',NULL,'',NULL,1),(513325,5133,2,'雅江','ya jiang','yaj','雅江县','',0,_binary '\0','',NULL,'',NULL,1),(513326,5133,2,'道孚','dao fu','daf','道孚县','',0,_binary '\0','',NULL,'',NULL,1),(513327,5133,2,'炉霍','lu huo','luh','炉霍县','',0,_binary '\0','',NULL,'',NULL,1),(513328,5133,2,'甘孜','gan zi','gaz','甘孜县','',0,_binary '\0','',NULL,'',NULL,1),(513329,5133,2,'新龙','xin long','xil','新龙县','',0,_binary '\0','',NULL,'',NULL,1),(513330,5133,2,'德格','de ge','deg','德格县','',0,_binary '\0','',NULL,'',NULL,1),(513331,5133,2,'白玉','bai yu','bay','白玉县','',0,_binary '\0','',NULL,'',NULL,1),(513332,5133,2,'石渠','shi qu','shq','石渠县','',0,_binary '\0','',NULL,'',NULL,1),(513333,5133,2,'色达','se da','sed','色达县','',0,_binary '\0','',NULL,'',NULL,1),(513334,5133,2,'理塘','li tang','lit','理塘县','',0,_binary '\0','',NULL,'',NULL,1),(513335,5133,2,'巴塘','ba tang','bat','巴塘县','',0,_binary '\0','',NULL,'',NULL,1),(513336,5133,2,'乡城','xiang cheng','xic','乡城县','',0,_binary '\0','',NULL,'',NULL,1),(513337,5133,2,'稻城','dao cheng','dac','稻城县','',0,_binary '\0','',NULL,'',NULL,1),(513338,5133,2,'得荣','de rong','der','得荣县','',0,_binary '\0','',NULL,'',NULL,1),(513401,5134,2,'西昌','xi chang','xic','西昌市','',0,_binary '\0','',NULL,'',NULL,1),(513422,5134,2,'木里藏族自治县','mu li zang zu zi zhi xian','mulz','木里藏族自治县','',0,_binary '\0','',NULL,'',NULL,1),(513423,5134,2,'盐源','yan yuan','yay','盐源县','',0,_binary '\0','',NULL,'',NULL,1),(513424,5134,2,'德昌','de chang','dec','德昌县','',0,_binary '\0','',NULL,'',NULL,1),(513425,5134,2,'会理','hui li','hul','会理县','',0,_binary '\0','',NULL,'',NULL,1),(513426,5134,2,'会东','hui dong','hud','会东县','',0,_binary '\0','',NULL,'',NULL,1),(513427,5134,2,'宁南','ning nan','nin','宁南县','',0,_binary '\0','',NULL,'',NULL,1),(513428,5134,2,'普格','pu ge','pug','普格县','',0,_binary '\0','',NULL,'',NULL,1),(513429,5134,2,'布拖','bu tuo','but','布拖县','',0,_binary '\0','',NULL,'',NULL,1),(513430,5134,2,'金阳','jin yang','jiy','金阳县','',0,_binary '\0','',NULL,'',NULL,1),(513431,5134,2,'昭觉','zhao jue','zhj','昭觉县','',0,_binary '\0','',NULL,'',NULL,1),(513432,5134,2,'喜德','xi de','xid','喜德县','',0,_binary '\0','',NULL,'',NULL,1),(513433,5134,2,'冕宁','mian ning','min','冕宁县','',0,_binary '\0','',NULL,'',NULL,1),(513434,5134,2,'越西','yue xi','yux','越西县','',0,_binary '\0','',NULL,'',NULL,1),(513435,5134,2,'甘洛','gan luo','gal','甘洛县','',0,_binary '\0','',NULL,'',NULL,1),(513436,5134,2,'美姑','mei gu','meg','美姑县','',0,_binary '\0','',NULL,'',NULL,1),(513437,5134,2,'雷波','lei bo','leb','雷波县','',0,_binary '\0','',NULL,'',NULL,1),(520102,5201,2,'南明','nan ming','nam','南明区','',0,_binary '\0','',NULL,'',NULL,1),(520103,5201,2,'云岩','yun yan','yuy','云岩区','',0,_binary '\0','',NULL,'',NULL,1),(520111,5201,2,'花溪','hua xi','hux','花溪区','',0,_binary '\0','',NULL,'',NULL,1),(520112,5201,2,'乌当','wu dang','wud','乌当区','',0,_binary '\0','',NULL,'',NULL,1),(520113,5201,2,'白云','bai yun','bay','白云区','',0,_binary '\0','',NULL,'',NULL,1),(520115,5201,2,'观山湖','guan shan hu','gush','观山湖区','',0,_binary '\0','',NULL,'',NULL,1),(520121,5201,2,'开阳','kai yang','kay','开阳县','',0,_binary '\0','',NULL,'',NULL,1),(520122,5201,2,'息烽','xi feng','xif','息烽县','',0,_binary '\0','',NULL,'',NULL,1),(520123,5201,2,'修文','xiu wen','xiw','修文县','',0,_binary '\0','',NULL,'',NULL,1),(520181,5201,2,'清镇','qing zhen','qiz','清镇市','',0,_binary '\0','',NULL,'',NULL,1),(520201,5202,2,'钟山','zhong shan','zhs','钟山区','',0,_binary '\0','',NULL,'',NULL,1),(520203,5202,2,'六枝特','liu zhi te','lizt','六枝特区','',0,_binary '\0','',NULL,'',NULL,1),(520221,5202,2,'水城','shui cheng','shc','水城县','',0,_binary '\0','',NULL,'',NULL,1),(520281,5202,2,'盘州','pan zhou','paz','盘州市','',0,_binary '\0','',NULL,'',NULL,1),(520302,5203,2,'红花岗','hong hua gang','hohg','红花岗区','',0,_binary '\0','',NULL,'',NULL,1),(520303,5203,2,'汇川','hui chuan','huc','汇川区','',0,_binary '\0','',NULL,'',NULL,1),(520304,5203,2,'播州','bo zhou','boz','播州区','',0,_binary '\0','',NULL,'',NULL,1),(520322,5203,2,'桐梓','tong zi','toz','桐梓县','',0,_binary '\0','',NULL,'',NULL,1),(520323,5203,2,'绥阳','sui yang','suy','绥阳县','',0,_binary '\0','',NULL,'',NULL,1),(520324,5203,2,'正安','zheng an','zha','正安县','',0,_binary '\0','',NULL,'',NULL,1),(520325,5203,2,'道真仡佬族苗族自治县','dao zhen ge lao zu miao zu zi zhi xian','dazg','道真仡佬族苗族自治县','',0,_binary '\0','',NULL,'',NULL,1),(520326,5203,2,'务川仡佬族苗族自治县','wu chuan ge lao zu miao zu zi zhi xian','wucg','务川仡佬族苗族自治县','',0,_binary '\0','',NULL,'',NULL,1),(520327,5203,2,'凤冈','feng gang','feg','凤冈县','',0,_binary '\0','',NULL,'',NULL,1),(520328,5203,2,'湄潭','mei tan','met','湄潭县','',0,_binary '\0','',NULL,'',NULL,1),(520329,5203,2,'余庆','yu qing','yuq','余庆县','',0,_binary '\0','',NULL,'',NULL,1),(520330,5203,2,'习水','xi shui','xis','习水县','',0,_binary '\0','',NULL,'',NULL,1),(520381,5203,2,'赤水','chi shui','chs','赤水市','',0,_binary '\0','',NULL,'',NULL,1),(520382,5203,2,'仁怀','ren huai','reh','仁怀市','',0,_binary '\0','',NULL,'',NULL,1),(520402,5204,2,'西秀','xi xiu','xix','西秀区','',0,_binary '\0','',NULL,'',NULL,1),(520403,5204,2,'平坝','ping ba','pib','平坝区','',0,_binary '\0','',NULL,'',NULL,1),(520422,5204,2,'普定','pu ding','pud','普定县','',0,_binary '\0','',NULL,'',NULL,1),(520423,5204,2,'镇宁布依族苗族自治县','zhen ning bu yi zu miao zu zi zhi xian','zhnb','镇宁布依族苗族自治县','',0,_binary '\0','',NULL,'',NULL,1),(520424,5204,2,'关岭布依族苗族自治县','guan ling bu yi zu miao zu zi zhi xian','gulb','关岭布依族苗族自治县','',0,_binary '\0','',NULL,'',NULL,1),(520425,5204,2,'紫云苗族布依族自治县','zi yun miao zu bu yi zu zi zhi xian','ziym','紫云苗族布依族自治县','',0,_binary '\0','',NULL,'',NULL,1),(520502,5205,2,'七星关','qi xing guan','qixg','七星关区','',0,_binary '\0','',NULL,'',NULL,1),(520521,5205,2,'大方','da fang','daf','大方县','',0,_binary '\0','',NULL,'',NULL,1),(520522,5205,2,'黔西','qian xi','qix','黔西县','',0,_binary '\0','',NULL,'',NULL,1),(520523,5205,2,'金沙','jin sha','jis','金沙县','',0,_binary '\0','',NULL,'',NULL,1),(520524,5205,2,'织金','zhi jin','zhj','织金县','',0,_binary '\0','',NULL,'',NULL,1),(520525,5205,2,'纳雍','na yong','nay','纳雍县','',0,_binary '\0','',NULL,'',NULL,1),(520526,5205,2,'威宁彝族回族苗族自治县','wei ning yi zu hui zu miao zu zi zhi xian','weny','威宁彝族回族苗族自治县','',0,_binary '\0','',NULL,'',NULL,1),(520527,5205,2,'赫章','he zhang','hez','赫章县','',0,_binary '\0','',NULL,'',NULL,1),(520602,5206,2,'碧江','bi jiang','bij','碧江区','',0,_binary '\0','',NULL,'',NULL,1),(520603,5206,2,'万山','wan shan','was','万山区','',0,_binary '\0','',NULL,'',NULL,1),(520621,5206,2,'江口','jiang kou','jik','江口县','',0,_binary '\0','',NULL,'',NULL,1),(520622,5206,2,'玉屏侗族自治县','yu ping dong zu zi zhi xian','yupd','玉屏侗族自治县','',0,_binary '\0','',NULL,'',NULL,1),(520623,5206,2,'石阡','shi qian','shq','石阡县','',0,_binary '\0','',NULL,'',NULL,1),(520624,5206,2,'思南','si nan','sin','思南县','',0,_binary '\0','',NULL,'',NULL,1),(520625,5206,2,'印江土家族苗族自治县','yin jiang tu jia zu miao zu zi zhi xian','yijt','印江土家族苗族自治县','',0,_binary '\0','',NULL,'',NULL,1),(520626,5206,2,'德江','de jiang','dej','德江县','',0,_binary '\0','',NULL,'',NULL,1),(520627,5206,2,'沿河土家族自治县','yan he tu jia zu zi zhi xian','yaht','沿河土家族自治县','',0,_binary '\0','',NULL,'',NULL,1),(520628,5206,2,'松桃苗族自治县','song tao miao zu zi zhi xian','sotm','松桃苗族自治县','',0,_binary '\0','',NULL,'',NULL,1),(522301,5223,2,'兴义','xing yi','xiy','兴义市','',0,_binary '\0','',NULL,'',NULL,1),(522322,5223,2,'兴仁','xing ren','xir','兴仁县','',0,_binary '\0','',NULL,'',NULL,1),(522323,5223,2,'普安','pu an','pua','普安县','',0,_binary '\0','',NULL,'',NULL,1),(522324,5223,2,'晴隆','qing long','qil','晴隆县','',0,_binary '\0','',NULL,'',NULL,1),(522325,5223,2,'贞丰','zhen feng','zhf','贞丰县','',0,_binary '\0','',NULL,'',NULL,1),(522326,5223,2,'望谟','wang mo','wam','望谟县','',0,_binary '\0','',NULL,'',NULL,1),(522327,5223,2,'册亨','ce heng','ceh','册亨县','',0,_binary '\0','',NULL,'',NULL,1),(522328,5223,2,'安龙','an long','anl','安龙县','',0,_binary '\0','',NULL,'',NULL,1),(522601,5226,2,'凯里','kai li','kal','凯里市','',0,_binary '\0','',NULL,'',NULL,1),(522622,5226,2,'黄平','huang ping','hup','黄平县','',0,_binary '\0','',NULL,'',NULL,1),(522623,5226,2,'施秉','shi bing','shb','施秉县','',0,_binary '\0','',NULL,'',NULL,1),(522624,5226,2,'三穗','san sui','sas','三穗县','',0,_binary '\0','',NULL,'',NULL,1),(522625,5226,2,'镇远','zhen yuan','zhy','镇远县','',0,_binary '\0','',NULL,'',NULL,1),(522626,5226,2,'岑巩','cen gong','ceg','岑巩县','',0,_binary '\0','',NULL,'',NULL,1),(522627,5226,2,'天柱','tian zhu','tiz','天柱县','',0,_binary '\0','',NULL,'',NULL,1),(522628,5226,2,'锦屏','jin ping','jip','锦屏县','',0,_binary '\0','',NULL,'',NULL,1),(522629,5226,2,'剑河','jian he','jih','剑河县','',0,_binary '\0','',NULL,'',NULL,1),(522630,5226,2,'台江','tai jiang','taj','台江县','',0,_binary '\0','',NULL,'',NULL,1),(522631,5226,2,'黎平','li ping','lip','黎平县','',0,_binary '\0','',NULL,'',NULL,1),(522632,5226,2,'榕江','rong jiang','roj','榕江县','',0,_binary '\0','',NULL,'',NULL,1),(522633,5226,2,'从江','cong jiang','coj','从江县','',0,_binary '\0','',NULL,'',NULL,1),(522634,5226,2,'雷山','lei shan','les','雷山县','',0,_binary '\0','',NULL,'',NULL,1),(522635,5226,2,'麻江','ma jiang','maj','麻江县','',0,_binary '\0','',NULL,'',NULL,1),(522636,5226,2,'丹寨','dan zhai','daz','丹寨县','',0,_binary '\0','',NULL,'',NULL,1),(522701,5227,2,'都匀','du yun','duy','都匀市','',0,_binary '\0','',NULL,'',NULL,1),(522702,5227,2,'福泉','fu quan','fuq','福泉市','',0,_binary '\0','',NULL,'',NULL,1),(522722,5227,2,'荔波','li bo','lib','荔波县','',0,_binary '\0','',NULL,'',NULL,1),(522723,5227,2,'贵定','gui ding','gud','贵定县','',0,_binary '\0','',NULL,'',NULL,1),(522725,5227,2,'瓮安','weng an','wea','瓮安县','',0,_binary '\0','',NULL,'',NULL,1),(522726,5227,2,'独山','du shan','dus','独山县','',0,_binary '\0','',NULL,'',NULL,1),(522727,5227,2,'平塘','ping tang','pit','平塘县','',0,_binary '\0','',NULL,'',NULL,1),(522728,5227,2,'罗甸','luo dian','lud','罗甸县','',0,_binary '\0','',NULL,'',NULL,1),(522729,5227,2,'长顺','chang shun','chs','长顺县','',0,_binary '\0','',NULL,'',NULL,1),(522730,5227,2,'龙里','long li','lol','龙里县','',0,_binary '\0','',NULL,'',NULL,1),(522731,5227,2,'惠水','hui shui','hus','惠水县','',0,_binary '\0','',NULL,'',NULL,1),(522732,5227,2,'三都水族自治县','san du shui zu zi zhi xian','sads','三都水族自治县','',0,_binary '\0','',NULL,'',NULL,1),(530102,5301,2,'五华','wu hua','wuh','五华区','',0,_binary '\0','',NULL,'',NULL,1),(530103,5301,2,'盘龙','pan long','pal','盘龙区','',0,_binary '\0','',NULL,'',NULL,1),(530111,5301,2,'官渡','guan du','gud','官渡区','',0,_binary '\0','',NULL,'',NULL,1),(530112,5301,2,'西山','xi shan','xis','西山区','',0,_binary '\0','',NULL,'',NULL,1),(530113,5301,2,'东川','dong chuan','doc','东川区','',0,_binary '\0','',NULL,'',NULL,1),(530114,5301,2,'呈贡','cheng gong','chg','呈贡区','',0,_binary '\0','',NULL,'',NULL,1),(530115,5301,2,'晋宁','jin ning','jin','晋宁区','',0,_binary '\0','',NULL,'',NULL,1),(530124,5301,2,'富民','fu min','fum','富民县','',0,_binary '\0','',NULL,'',NULL,1),(530125,5301,2,'宜良','yi liang','yil','宜良县','',0,_binary '\0','',NULL,'',NULL,1),(530126,5301,2,'石林彝族自治县','shi lin yi zu zi zhi xian','shly','石林彝族自治县','',0,_binary '\0','',NULL,'',NULL,1),(530127,5301,2,'嵩明','song ming','som','嵩明县','',0,_binary '\0','',NULL,'',NULL,1),(530128,5301,2,'禄劝彝族苗族自治县','lu quan yi zu miao zu zi zhi xian','luqy','禄劝彝族苗族自治县','',0,_binary '\0','',NULL,'',NULL,1),(530129,5301,2,'寻甸回族彝族自治县','xun dian hui zu yi zu zi zhi xian','xudh','寻甸回族彝族自治县','',0,_binary '\0','',NULL,'',NULL,1),(530181,5301,2,'安宁','an ning','ann','安宁市','',0,_binary '\0','',NULL,'',NULL,1),(530302,5303,2,'麒麟','qi lin','qil','麒麟区','',0,_binary '\0','',NULL,'',NULL,1),(530303,5303,2,'沾益','zhan yi','zhy','沾益区','',0,_binary '\0','',NULL,'',NULL,1),(530321,5303,2,'马龙','ma long','mal','马龙县','',0,_binary '\0','',NULL,'',NULL,1),(530322,5303,2,'陆良','lu liang','lul','陆良县','',0,_binary '\0','',NULL,'',NULL,1),(530323,5303,2,'师宗','shi zong','shz','师宗县','',0,_binary '\0','',NULL,'',NULL,1),(530324,5303,2,'罗平','luo ping','lup','罗平县','',0,_binary '\0','',NULL,'',NULL,1),(530325,5303,2,'富源','fu yuan','fuy','富源县','',0,_binary '\0','',NULL,'',NULL,1),(530326,5303,2,'会泽','hui ze','huz','会泽县','',0,_binary '\0','',NULL,'',NULL,1),(530381,5303,2,'宣威','xuan wei','xuw','宣威市','',0,_binary '\0','',NULL,'',NULL,1),(530402,5304,2,'红塔','hong ta','hot','红塔区','',0,_binary '\0','',NULL,'',NULL,1),(530403,5304,2,'江川','jiang chuan','jic','江川区','',0,_binary '\0','',NULL,'',NULL,1),(530422,5304,2,'澄江','cheng jiang','chj','澄江县','',0,_binary '\0','',NULL,'',NULL,1),(530423,5304,2,'通海','tong hai','toh','通海县','',0,_binary '\0','',NULL,'',NULL,1),(530424,5304,2,'华宁','hua ning','hun','华宁县','',0,_binary '\0','',NULL,'',NULL,1),(530425,5304,2,'易门','yi men','yim','易门县','',0,_binary '\0','',NULL,'',NULL,1),(530426,5304,2,'峨山彝族自治县','e shan yi zu zi zhi xian','esy','峨山彝族自治县','',0,_binary '\0','',NULL,'',NULL,1),(530427,5304,2,'新平彝族傣族自治县','xin ping yi zu dai zu zi zhi xian','xipy','新平彝族傣族自治县','',0,_binary '\0','',NULL,'',NULL,1),(530428,5304,2,'元江哈尼族彝族傣族自治县','yuan jiang ha ni zu yi zu dai zu zi zhi xian','yujh','元江哈尼族彝族傣族自治县','',0,_binary '\0','',NULL,'',NULL,1),(530502,5305,2,'隆阳','long yang','loy','隆阳区','',0,_binary '\0','',NULL,'',NULL,1),(530521,5305,2,'施甸','shi dian','shd','施甸县','',0,_binary '\0','',NULL,'',NULL,1),(530523,5305,2,'龙陵','long ling','lol','龙陵县','',0,_binary '\0','',NULL,'',NULL,1),(530524,5305,2,'昌宁','chang ning','chn','昌宁县','',0,_binary '\0','',NULL,'',NULL,1),(530581,5305,2,'腾冲','teng chong','tec','腾冲市','',0,_binary '\0','',NULL,'',NULL,1),(530602,5306,2,'昭阳','zhao yang','zhy','昭阳区','',0,_binary '\0','',NULL,'',NULL,1),(530621,5306,2,'鲁甸','lu dian','lud','鲁甸县','',0,_binary '\0','',NULL,'',NULL,1),(530622,5306,2,'巧家','qiao jia','qij','巧家县','',0,_binary '\0','',NULL,'',NULL,1),(530623,5306,2,'盐津','yan jin','yaj','盐津县','',0,_binary '\0','',NULL,'',NULL,1),(530624,5306,2,'大关','da guan','dag','大关县','',0,_binary '\0','',NULL,'',NULL,1),(530625,5306,2,'永善','yong shan','yos','永善县','',0,_binary '\0','',NULL,'',NULL,1),(530626,5306,2,'绥江','sui jiang','suj','绥江县','',0,_binary '\0','',NULL,'',NULL,1),(530627,5306,2,'镇雄','zhen xiong','zhx','镇雄县','',0,_binary '\0','',NULL,'',NULL,1),(530628,5306,2,'彝良','yi liang','yil','彝良县','',0,_binary '\0','',NULL,'',NULL,1),(530629,5306,2,'威信','wei xin','wex','威信县','',0,_binary '\0','',NULL,'',NULL,1),(530630,5306,2,'水富','shui fu','shf','水富县','',0,_binary '\0','',NULL,'',NULL,1),(530702,5307,2,'古城','gu cheng','guc','古城区','',0,_binary '\0','',NULL,'',NULL,1),(530721,5307,2,'玉龙纳西族自治县','yu long na xi zu zi zhi xian','yuln','玉龙纳西族自治县','',0,_binary '\0','',NULL,'',NULL,1),(530722,5307,2,'永胜','yong sheng','yos','永胜县','',0,_binary '\0','',NULL,'',NULL,1),(530723,5307,2,'华坪','hua ping','hup','华坪县','',0,_binary '\0','',NULL,'',NULL,1),(530724,5307,2,'宁蒗彝族自治县','ning lang yi zu zi zhi xian','nily','宁蒗彝族自治县','',0,_binary '\0','',NULL,'',NULL,1),(530802,5308,2,'思茅','si mao','sim','思茅区','',0,_binary '\0','',NULL,'',NULL,1),(530821,5308,2,'宁洱哈尼族彝族自治县','ning er ha ni zu yi zu zi zhi xian','nieh','宁洱哈尼族彝族自治县','',0,_binary '\0','',NULL,'',NULL,1),(530822,5308,2,'墨江哈尼族自治县','mo jiang ha ni zu zi zhi xian','mojh','墨江哈尼族自治县','',0,_binary '\0','',NULL,'',NULL,1),(530823,5308,2,'景东彝族自治县','jing dong yi zu zi zhi xian','jidy','景东彝族自治县','',0,_binary '\0','',NULL,'',NULL,1),(530824,5308,2,'景谷傣族彝族自治县','jing gu dai zu yi zu zi zhi xian','jigd','景谷傣族彝族自治县','',0,_binary '\0','',NULL,'',NULL,1),(530825,5308,2,'镇沅彝族哈尼族拉祜族自治县','zhen yuan yi zu ha ni zu la hu zu zi zhi xian','zhyy','镇沅彝族哈尼族拉祜族自治县','',0,_binary '\0','',NULL,'',NULL,1),(530826,5308,2,'江城哈尼族彝族自治县','jiang cheng ha ni zu yi zu zi zhi xian','jich','江城哈尼族彝族自治县','',0,_binary '\0','',NULL,'',NULL,1),(530827,5308,2,'孟连傣族拉祜族佤族自治县','meng lian dai zu la hu zu wa zu zi zhi xian','meld','孟连傣族拉祜族佤族自治县','',0,_binary '\0','',NULL,'',NULL,1),(530828,5308,2,'澜沧拉祜族自治县','lan cang la hu zu zi zhi xian','lacl','澜沧拉祜族自治县','',0,_binary '\0','',NULL,'',NULL,1),(530829,5308,2,'西盟佤族自治县','xi meng wa zu zi zhi xian','ximw','西盟佤族自治县','',0,_binary '\0','',NULL,'',NULL,1),(530902,5309,2,'临翔','lin xiang','lix','临翔区','',0,_binary '\0','',NULL,'',NULL,1),(530921,5309,2,'凤庆','feng qing','feq','凤庆县','',0,_binary '\0','',NULL,'',NULL,1),(530922,5309,2,'云县','yun xian','yux','云县','',0,_binary '\0','',NULL,'',NULL,1),(530923,5309,2,'永德','yong de','yod','永德县','',0,_binary '\0','',NULL,'',NULL,1),(530924,5309,2,'镇康','zhen kang','zhk','镇康县','',0,_binary '\0','',NULL,'',NULL,1),(530925,5309,2,'双江拉祜族佤族布朗族傣族自治县','shuang jiang la hu zu wa zu bu lang zu dai zu zi zhi xian','shjl','双江拉祜族佤族布朗族傣族自治县','',0,_binary '\0','',NULL,'',NULL,1),(530926,5309,2,'耿马傣族佤族自治县','geng ma dai zu wa zu zi zhi xian','gemd','耿马傣族佤族自治县','',0,_binary '\0','',NULL,'',NULL,1),(530927,5309,2,'沧源佤族自治县','cang yuan wa zu zi zhi xian','cayw','沧源佤族自治县','',0,_binary '\0','',NULL,'',NULL,1),(532301,5323,2,'楚雄','chu xiong','chx','楚雄市','',0,_binary '\0','',NULL,'',NULL,1),(532322,5323,2,'双柏','shuang bai','shb','双柏县','',0,_binary '\0','',NULL,'',NULL,1),(532323,5323,2,'牟定','mou ding','mod','牟定县','',0,_binary '\0','',NULL,'',NULL,1),(532324,5323,2,'南华','nan hua','nah','南华县','',0,_binary '\0','',NULL,'',NULL,1),(532325,5323,2,'姚安','yao an','yaa','姚安县','',0,_binary '\0','',NULL,'',NULL,1),(532326,5323,2,'大姚','da yao','day','大姚县','',0,_binary '\0','',NULL,'',NULL,1),(532327,5323,2,'永仁','yong ren','yor','永仁县','',0,_binary '\0','',NULL,'',NULL,1),(532328,5323,2,'元谋','yuan mou','yum','元谋县','',0,_binary '\0','',NULL,'',NULL,1),(532329,5323,2,'武定','wu ding','wud','武定县','',0,_binary '\0','',NULL,'',NULL,1),(532331,5323,2,'禄丰','lu feng','luf','禄丰县','',0,_binary '\0','',NULL,'',NULL,1),(532501,5325,2,'个旧','ge jiu','gej','个旧市','',0,_binary '\0','',NULL,'',NULL,1),(532502,5325,2,'开远','kai yuan','kay','开远市','',0,_binary '\0','',NULL,'',NULL,1),(532503,5325,2,'蒙自','meng zi','mez','蒙自市','',0,_binary '\0','',NULL,'',NULL,1),(532504,5325,2,'弥勒','mi le','mil','弥勒市','',0,_binary '\0','',NULL,'',NULL,1),(532523,5325,2,'屏边苗族自治县','ping bian miao zu zi zhi xian','pibm','屏边苗族自治县','',0,_binary '\0','',NULL,'',NULL,1),(532524,5325,2,'建水','jian shui','jis','建水县','',0,_binary '\0','',NULL,'',NULL,1),(532525,5325,2,'石屏','shi ping','shp','石屏县','',0,_binary '\0','',NULL,'',NULL,1),(532527,5325,2,'泸西','lu xi','lux','泸西县','',0,_binary '\0','',NULL,'',NULL,1),(532528,5325,2,'元阳','yuan yang','yuy','元阳县','',0,_binary '\0','',NULL,'',NULL,1),(532529,5325,2,'红河','hong he','hoh','红河县','',0,_binary '\0','',NULL,'',NULL,1),(532530,5325,2,'金平苗族瑶族傣族自治县','jin ping miao zu yao zu dai zu zi zhi xian','jipm','金平苗族瑶族傣族自治县','',0,_binary '\0','',NULL,'',NULL,1),(532531,5325,2,'绿春','lv chun','lvc','绿春县','',0,_binary '\0','',NULL,'',NULL,1),(532532,5325,2,'河口瑶族自治县','he kou yao zu zi zhi xian','heky','河口瑶族自治县','',0,_binary '\0','',NULL,'',NULL,1),(532601,5326,2,'文山','wen shan','wes','文山市','',0,_binary '\0','',NULL,'',NULL,1),(532622,5326,2,'砚山','yan shan','yas','砚山县','',0,_binary '\0','',NULL,'',NULL,1),(532623,5326,2,'西畴','xi chou','xic','西畴县','',0,_binary '\0','',NULL,'',NULL,1),(532624,5326,2,'麻栗坡','ma li po','malp','麻栗坡县','',0,_binary '\0','',NULL,'',NULL,1),(532625,5326,2,'马关','ma guan','mag','马关县','',0,_binary '\0','',NULL,'',NULL,1),(532626,5326,2,'丘北','qiu bei','qib','丘北县','',0,_binary '\0','',NULL,'',NULL,1),(532627,5326,2,'广南','guang nan','gun','广南县','',0,_binary '\0','',NULL,'',NULL,1),(532628,5326,2,'富宁','fu ning','fun','富宁县','',0,_binary '\0','',NULL,'',NULL,1),(532801,5328,2,'景洪','jing hong','jih','景洪市','',0,_binary '\0','',NULL,'',NULL,1),(532822,5328,2,'勐海','meng hai','meh','勐海县','',0,_binary '\0','',NULL,'',NULL,1),(532823,5328,2,'勐腊','meng la','mel','勐腊县','',0,_binary '\0','',NULL,'',NULL,1),(532901,5329,2,'大理','da li','dal','大理市','',0,_binary '\0','',NULL,'',NULL,1),(532922,5329,2,'漾濞彝族自治县','yang bi yi zu zi zhi xian','yaby','漾濞彝族自治县','',0,_binary '\0','',NULL,'',NULL,1),(532923,5329,2,'祥云','xiang yun','xiy','祥云县','',0,_binary '\0','',NULL,'',NULL,1),(532924,5329,2,'宾川','bin chuan','bic','宾川县','',0,_binary '\0','',NULL,'',NULL,1),(532925,5329,2,'弥渡','mi du','mid','弥渡县','',0,_binary '\0','',NULL,'',NULL,1),(532926,5329,2,'南涧彝族自治县','nan jian yi zu zi zhi xian','najy','南涧彝族自治县','',0,_binary '\0','',NULL,'',NULL,1),(532927,5329,2,'巍山彝族回族自治县','wei shan yi zu hui zu zi zhi xian','wesy','巍山彝族回族自治县','',0,_binary '\0','',NULL,'',NULL,1),(532928,5329,2,'永平','yong ping','yop','永平县','',0,_binary '\0','',NULL,'',NULL,1),(532929,5329,2,'云龙','yun long','yul','云龙县','',0,_binary '\0','',NULL,'',NULL,1),(532930,5329,2,'洱源','er yuan','ery','洱源县','',0,_binary '\0','',NULL,'',NULL,1),(532931,5329,2,'剑川','jian chuan','jic','剑川县','',0,_binary '\0','',NULL,'',NULL,1),(532932,5329,2,'鹤庆','he qing','heq','鹤庆县','',0,_binary '\0','',NULL,'',NULL,1),(533102,5331,2,'瑞丽','rui li','rul','瑞丽市','',0,_binary '\0','',NULL,'',NULL,1),(533103,5331,2,'芒市','mang shi','mas','芒市','',0,_binary '\0','',NULL,'',NULL,1),(533122,5331,2,'梁河','liang he','lih','梁河县','',0,_binary '\0','',NULL,'',NULL,1),(533123,5331,2,'盈江','ying jiang','yij','盈江县','',0,_binary '\0','',NULL,'',NULL,1),(533124,5331,2,'陇川','long chuan','loc','陇川县','',0,_binary '\0','',NULL,'',NULL,1),(533301,5333,2,'泸水','lu shui','lus','泸水市','',0,_binary '\0','',NULL,'',NULL,1),(533323,5333,2,'福贡','fu gong','fug','福贡县','',0,_binary '\0','',NULL,'',NULL,1),(533324,5333,2,'贡山独龙族怒族自治县','gong shan du long zu nu zu zi zhi xian','gosd','贡山独龙族怒族自治县','',0,_binary '\0','',NULL,'',NULL,1),(533325,5333,2,'兰坪白族普米族自治县','lan ping bai zu pu mi zu zi zhi xian','lapb','兰坪白族普米族自治县','',0,_binary '\0','',NULL,'',NULL,1),(533401,5334,2,'香格里拉','xiang ge li la','xigl','香格里拉市','',0,_binary '\0','',NULL,'',NULL,1),(533422,5334,2,'德钦','de qin','deq','德钦县','',0,_binary '\0','',NULL,'',NULL,1),(533423,5334,2,'维西傈僳族自治县','wei xi li su zu zi zhi xian','wexl','维西傈僳族自治县','',0,_binary '\0','',NULL,'',NULL,1),(540102,5401,2,'城关','cheng guan','chg','城关区','',0,_binary '\0','',NULL,'',NULL,1),(540103,5401,2,'堆龙德庆','dui long de qing','duld','堆龙德庆区','',0,_binary '\0','',NULL,'',NULL,1),(540121,5401,2,'林周','lin zhou','liz','林周县','',0,_binary '\0','',NULL,'',NULL,1),(540122,5401,2,'当雄','dang xiong','dax','当雄县','',0,_binary '\0','',NULL,'',NULL,1),(540123,5401,2,'尼木','ni mu','nim','尼木县','',0,_binary '\0','',NULL,'',NULL,1),(540124,5401,2,'曲水','qu shui','qus','曲水县','',0,_binary '\0','',NULL,'',NULL,1),(540126,5401,2,'达孜','da zi','daz','达孜县','',0,_binary '\0','',NULL,'',NULL,1),(540127,5401,2,'墨竹工卡','mo zhu gong ka','mozg','墨竹工卡县','',0,_binary '\0','',NULL,'',NULL,1),(540171,5401,2,'格尔木藏青工业园','ge er mu zang qing gong ye yuan','geem','格尔木藏青工业园区','',0,_binary '\0','',NULL,'',NULL,1),(540172,5401,2,'拉萨经济技术开发区','la sa jing ji ji shu kai fa qu','lasj','拉萨经济技术开发区','',0,_binary '\0','',NULL,'',NULL,1),(540173,5401,2,'西藏文化旅游创意园','xi zang wen hua lv you chuang yi yuan','xizw','西藏文化旅游创意园区','',0,_binary '\0','',NULL,'',NULL,1),(540174,5401,2,'达孜工业园','da zi gong ye yuan','dazg','达孜工业园区','',0,_binary '\0','',NULL,'',NULL,1),(540202,5402,2,'桑珠孜','sang zhu zi','sazz','桑珠孜区','',0,_binary '\0','',NULL,'',NULL,1),(540221,5402,2,'南木林','nan mu lin','naml','南木林县','',0,_binary '\0','',NULL,'',NULL,1),(540222,5402,2,'江孜','jiang zi','jiz','江孜县','',0,_binary '\0','',NULL,'',NULL,1),(540223,5402,2,'定日','ding ri','dir','定日县','',0,_binary '\0','',NULL,'',NULL,1),(540224,5402,2,'萨迦','sa jia','saj','萨迦县','',0,_binary '\0','',NULL,'',NULL,1),(540225,5402,2,'拉孜','la zi','laz','拉孜县','',0,_binary '\0','',NULL,'',NULL,1),(540226,5402,2,'昂仁','ang ren','anr','昂仁县','',0,_binary '\0','',NULL,'',NULL,1),(540227,5402,2,'谢通门','xie tong men','xitm','谢通门县','',0,_binary '\0','',NULL,'',NULL,1),(540228,5402,2,'白朗','bai lang','bal','白朗县','',0,_binary '\0','',NULL,'',NULL,1),(540229,5402,2,'仁布','ren bu','reb','仁布县','',0,_binary '\0','',NULL,'',NULL,1),(540230,5402,2,'康马','kang ma','kam','康马县','',0,_binary '\0','',NULL,'',NULL,1),(540231,5402,2,'定结','ding jie','dij','定结县','',0,_binary '\0','',NULL,'',NULL,1),(540232,5402,2,'仲巴','zhong ba','zhb','仲巴县','',0,_binary '\0','',NULL,'',NULL,1),(540233,5402,2,'亚东','ya dong','yad','亚东县','',0,_binary '\0','',NULL,'',NULL,1),(540234,5402,2,'吉隆','ji long','jil','吉隆县','',0,_binary '\0','',NULL,'',NULL,1),(540235,5402,2,'聂拉木','nie la mu','nilm','聂拉木县','',0,_binary '\0','',NULL,'',NULL,1),(540236,5402,2,'萨嘎','sa ga','sag','萨嘎县','',0,_binary '\0','',NULL,'',NULL,1),(540237,5402,2,'岗巴','gang ba','gab','岗巴县','',0,_binary '\0','',NULL,'',NULL,1),(540302,5403,2,'卡若','ka ruo','kar','卡若区','',0,_binary '\0','',NULL,'',NULL,1),(540321,5403,2,'江达','jiang da','jid','江达县','',0,_binary '\0','',NULL,'',NULL,1),(540322,5403,2,'贡觉','gong jue','goj','贡觉县','',0,_binary '\0','',NULL,'',NULL,1),(540323,5403,2,'类乌齐','lei wu qi','lewq','类乌齐县','',0,_binary '\0','',NULL,'',NULL,1),(540324,5403,2,'丁青','ding qing','diq','丁青县','',0,_binary '\0','',NULL,'',NULL,1),(540325,5403,2,'察雅','cha ya','chy','察雅县','',0,_binary '\0','',NULL,'',NULL,1),(540326,5403,2,'八宿','ba su','bas','八宿县','',0,_binary '\0','',NULL,'',NULL,1),(540327,5403,2,'左贡','zuo gong','zug','左贡县','',0,_binary '\0','',NULL,'',NULL,1),(540328,5403,2,'芒康','mang kang','mak','芒康县','',0,_binary '\0','',NULL,'',NULL,1),(540329,5403,2,'洛隆','luo long','lul','洛隆县','',0,_binary '\0','',NULL,'',NULL,1),(540330,5403,2,'边坝','bian ba','bib','边坝县','',0,_binary '\0','',NULL,'',NULL,1),(540402,5404,2,'巴宜','ba yi','bay','巴宜区','',0,_binary '\0','',NULL,'',NULL,1),(540421,5404,2,'工布江达','gong bu jiang da','gobj','工布江达县','',0,_binary '\0','',NULL,'',NULL,1),(540422,5404,2,'米林','mi lin','mil','米林县','',0,_binary '\0','',NULL,'',NULL,1),(540423,5404,2,'墨脱','mo tuo','mot','墨脱县','',0,_binary '\0','',NULL,'',NULL,1),(540424,5404,2,'波密','bo mi','bom','波密县','',0,_binary '\0','',NULL,'',NULL,1),(540425,5404,2,'察隅','cha yu','chy','察隅县','',0,_binary '\0','',NULL,'',NULL,1),(540426,5404,2,'朗县','lang xian','lax','朗县','',0,_binary '\0','',NULL,'',NULL,1),(540502,5405,2,'乃东','nai dong','nad','乃东区','',0,_binary '\0','',NULL,'',NULL,1),(540521,5405,2,'扎囊','zha nang','zhn','扎囊县','',0,_binary '\0','',NULL,'',NULL,1),(540522,5405,2,'贡嘎','gong ga','gog','贡嘎县','',0,_binary '\0','',NULL,'',NULL,1),(540523,5405,2,'桑日','sang ri','sar','桑日县','',0,_binary '\0','',NULL,'',NULL,1),(540524,5405,2,'琼结','qiong jie','qij','琼结县','',0,_binary '\0','',NULL,'',NULL,1),(540525,5405,2,'曲松','qu song','qus','曲松县','',0,_binary '\0','',NULL,'',NULL,1),(540526,5405,2,'措美','cuo mei','cum','措美县','',0,_binary '\0','',NULL,'',NULL,1),(540527,5405,2,'洛扎','luo zha','luz','洛扎县','',0,_binary '\0','',NULL,'',NULL,1),(540528,5405,2,'加查','jia cha','jic','加查县','',0,_binary '\0','',NULL,'',NULL,1),(540529,5405,2,'隆子','long zi','loz','隆子县','',0,_binary '\0','',NULL,'',NULL,1),(540530,5405,2,'错那','cuo na','cun','错那县','',0,_binary '\0','',NULL,'',NULL,1),(540531,5405,2,'浪卡子','lang qia zi','laqz','浪卡子县','',0,_binary '\0','',NULL,'',NULL,1),(542421,5424,2,'那曲','na qu','naq','那曲县','',0,_binary '\0','',NULL,'',NULL,1),(542422,5424,2,'嘉黎','jia li','jil','嘉黎县','',0,_binary '\0','',NULL,'',NULL,1),(542423,5424,2,'比如','bi ru','bir','比如县','',0,_binary '\0','',NULL,'',NULL,1),(542424,5424,2,'聂荣','nie rong','nir','聂荣县','',0,_binary '\0','',NULL,'',NULL,1),(542425,5424,2,'安多','an duo','and','安多县','',0,_binary '\0','',NULL,'',NULL,1),(542426,5424,2,'申扎','shen zha','shz','申扎县','',0,_binary '\0','',NULL,'',NULL,1),(542427,5424,2,'索县','suo xian','sux','索县','',0,_binary '\0','',NULL,'',NULL,1),(542428,5424,2,'班戈','ban ge','bag','班戈县','',0,_binary '\0','',NULL,'',NULL,1),(542429,5424,2,'巴青','ba qing','baq','巴青县','',0,_binary '\0','',NULL,'',NULL,1),(542430,5424,2,'尼玛','ni ma','nim','尼玛县','',0,_binary '\0','',NULL,'',NULL,1),(542431,5424,2,'双湖','shuang hu','shh','双湖县','',0,_binary '\0','',NULL,'',NULL,1),(542521,5425,2,'普兰','pu lan','pul','普兰县','',0,_binary '\0','',NULL,'',NULL,1),(542522,5425,2,'札达','zha da','zhd','札达县','',0,_binary '\0','',NULL,'',NULL,1),(542523,5425,2,'噶尔','ga er','gae','噶尔县','',0,_binary '\0','',NULL,'',NULL,1),(542524,5425,2,'日土','ri tu','rit','日土县','',0,_binary '\0','',NULL,'',NULL,1),(542525,5425,2,'革吉','ge ji','gej','革吉县','',0,_binary '\0','',NULL,'',NULL,1),(542526,5425,2,'改则','gai ze','gaz','改则县','',0,_binary '\0','',NULL,'',NULL,1),(542527,5425,2,'措勤','cuo qin','cuq','措勤县','',0,_binary '\0','',NULL,'',NULL,1),(610102,6101,2,'新城','xin cheng','xic','新城区','',0,_binary '\0','',NULL,'',NULL,1),(610103,6101,2,'碑林','bei lin','bel','碑林区','',0,_binary '\0','',NULL,'',NULL,1),(610104,6101,2,'莲湖','lian hu','lih','莲湖区','',0,_binary '\0','',NULL,'',NULL,1),(610111,6101,2,'灞桥','ba qiao','baq','灞桥区','',0,_binary '\0','',NULL,'',NULL,1),(610112,6101,2,'未央','wei yang','wey','未央区','',0,_binary '\0','',NULL,'',NULL,1),(610113,6101,2,'雁塔','yan ta','yat','雁塔区','',0,_binary '\0','',NULL,'',NULL,1),(610114,6101,2,'阎良','yan liang','yal','阎良区','',0,_binary '\0','',NULL,'',NULL,1),(610115,6101,2,'临潼','lin tong','lit','临潼区','',0,_binary '\0','',NULL,'',NULL,1),(610116,6101,2,'长安','chang an','cha','长安区','',0,_binary '\0','',NULL,'',NULL,1),(610117,6101,2,'高陵','gao ling','gal','高陵区','',0,_binary '\0','',NULL,'',NULL,1),(610118,6101,2,'鄠邑','hu yi','huy','鄠邑区','',0,_binary '\0','',NULL,'',NULL,1),(610122,6101,2,'蓝田','lan tian','lat','蓝田县','',0,_binary '\0','',NULL,'',NULL,1),(610124,6101,2,'周至','zhou zhi','zhz','周至县','',0,_binary '\0','',NULL,'',NULL,1),(610202,6102,2,'王益','wang yi','way','王益区','',0,_binary '\0','',NULL,'',NULL,1),(610203,6102,2,'印台','yin tai','yit','印台区','',0,_binary '\0','',NULL,'',NULL,1),(610204,6102,2,'耀州','yao zhou','yaz','耀州区','',0,_binary '\0','',NULL,'',NULL,1),(610222,6102,2,'宜君','yi jun','yij','宜君县','',0,_binary '\0','',NULL,'',NULL,1),(610302,6103,2,'渭滨','wei bin','web','渭滨区','',0,_binary '\0','',NULL,'',NULL,1),(610303,6103,2,'金台','jin tai','jit','金台区','',0,_binary '\0','',NULL,'',NULL,1),(610304,6103,2,'陈仓','chen cang','chc','陈仓区','',0,_binary '\0','',NULL,'',NULL,1),(610322,6103,2,'凤翔','feng xiang','fex','凤翔县','',0,_binary '\0','',NULL,'',NULL,1),(610323,6103,2,'岐山','qi shan','qis','岐山县','',0,_binary '\0','',NULL,'',NULL,1),(610324,6103,2,'扶风','fu feng','fuf','扶风县','',0,_binary '\0','',NULL,'',NULL,1),(610326,6103,2,'眉县','mei xian','mex','眉县','',0,_binary '\0','',NULL,'',NULL,1),(610327,6103,2,'陇县','long xian','lox','陇县','',0,_binary '\0','',NULL,'',NULL,1),(610328,6103,2,'千阳','qian yang','qiy','千阳县','',0,_binary '\0','',NULL,'',NULL,1),(610329,6103,2,'麟游','lin you','liy','麟游县','',0,_binary '\0','',NULL,'',NULL,1),(610330,6103,2,'凤县','feng xian','fex','凤县','',0,_binary '\0','',NULL,'',NULL,1),(610331,6103,2,'太白','tai bai','tab','太白县','',0,_binary '\0','',NULL,'',NULL,1),(610402,6104,2,'秦都','qin du','qid','秦都区','',0,_binary '\0','',NULL,'',NULL,1),(610403,6104,2,'杨陵','yang ling','yal','杨陵区','',0,_binary '\0','',NULL,'',NULL,1),(610404,6104,2,'渭城','wei cheng','wec','渭城区','',0,_binary '\0','',NULL,'',NULL,1),(610422,6104,2,'三原','san yuan','say','三原县','',0,_binary '\0','',NULL,'',NULL,1),(610423,6104,2,'泾阳','jing yang','jiy','泾阳县','',0,_binary '\0','',NULL,'',NULL,1),(610424,6104,2,'乾县','qian xian','qix','乾县','',0,_binary '\0','',NULL,'',NULL,1),(610425,6104,2,'礼泉','li quan','liq','礼泉县','',0,_binary '\0','',NULL,'',NULL,1),(610426,6104,2,'永寿','yong shou','yos','永寿县','',0,_binary '\0','',NULL,'',NULL,1),(610427,6104,2,'彬县','bin xian','bix','彬县','',0,_binary '\0','',NULL,'',NULL,1),(610428,6104,2,'长武','chang wu','chw','长武县','',0,_binary '\0','',NULL,'',NULL,1),(610429,6104,2,'旬邑','xun yi','xuy','旬邑县','',0,_binary '\0','',NULL,'',NULL,1),(610430,6104,2,'淳化','chun hua','chh','淳化县','',0,_binary '\0','',NULL,'',NULL,1),(610431,6104,2,'武功','wu gong','wug','武功县','',0,_binary '\0','',NULL,'',NULL,1),(610481,6104,2,'兴平','xing ping','xip','兴平市','',0,_binary '\0','',NULL,'',NULL,1),(610502,6105,2,'临渭','lin wei','liw','临渭区','',0,_binary '\0','',NULL,'',NULL,1),(610503,6105,2,'华州','hua zhou','huz','华州区','',0,_binary '\0','',NULL,'',NULL,1),(610522,6105,2,'潼关','tong guan','tog','潼关县','',0,_binary '\0','',NULL,'',NULL,1),(610523,6105,2,'大荔','da li','dal','大荔县','',0,_binary '\0','',NULL,'',NULL,1),(610524,6105,2,'合阳','he yang','hey','合阳县','',0,_binary '\0','',NULL,'',NULL,1),(610525,6105,2,'澄城','cheng cheng','chc','澄城县','',0,_binary '\0','',NULL,'',NULL,1),(610526,6105,2,'蒲城','pu cheng','puc','蒲城县','',0,_binary '\0','',NULL,'',NULL,1),(610527,6105,2,'白水','bai shui','bas','白水县','',0,_binary '\0','',NULL,'',NULL,1),(610528,6105,2,'富平','fu ping','fup','富平县','',0,_binary '\0','',NULL,'',NULL,1),(610581,6105,2,'韩城','han cheng','hac','韩城市','',0,_binary '\0','',NULL,'',NULL,1),(610582,6105,2,'华阴','hua yin','huy','华阴市','',0,_binary '\0','',NULL,'',NULL,1),(610602,6106,2,'宝塔','bao ta','bat','宝塔区','',0,_binary '\0','',NULL,'',NULL,1),(610603,6106,2,'安塞','an sai','ans','安塞区','',0,_binary '\0','',NULL,'',NULL,1),(610621,6106,2,'延长','yan chang','yac','延长县','',0,_binary '\0','',NULL,'',NULL,1),(610622,6106,2,'延川','yan chuan','yac','延川县','',0,_binary '\0','',NULL,'',NULL,1),(610623,6106,2,'子长','zi chang','zic','子长县','',0,_binary '\0','',NULL,'',NULL,1),(610625,6106,2,'志丹','zhi dan','zhd','志丹县','',0,_binary '\0','',NULL,'',NULL,1),(610626,6106,2,'吴起','wu qi','wuq','吴起县','',0,_binary '\0','',NULL,'',NULL,1),(610627,6106,2,'甘泉','gan quan','gaq','甘泉县','',0,_binary '\0','',NULL,'',NULL,1),(610628,6106,2,'富县','fu xian','fux','富县','',0,_binary '\0','',NULL,'',NULL,1),(610629,6106,2,'洛川','luo chuan','luc','洛川县','',0,_binary '\0','',NULL,'',NULL,1),(610630,6106,2,'宜川','yi chuan','yic','宜川县','',0,_binary '\0','',NULL,'',NULL,1),(610631,6106,2,'黄龙','huang long','hul','黄龙县','',0,_binary '\0','',NULL,'',NULL,1),(610632,6106,2,'黄陵','huang ling','hul','黄陵县','',0,_binary '\0','',NULL,'',NULL,1),(610702,6107,2,'汉台','han tai','hat','汉台区','',0,_binary '\0','',NULL,'',NULL,1),(610703,6107,2,'南郑','nan zheng','naz','南郑区','',0,_binary '\0','',NULL,'',NULL,1),(610722,6107,2,'城固','cheng gu','chg','城固县','',0,_binary '\0','',NULL,'',NULL,1),(610723,6107,2,'洋县','yang xian','yax','洋县','',0,_binary '\0','',NULL,'',NULL,1),(610724,6107,2,'西乡','xi xiang','xix','西乡县','',0,_binary '\0','',NULL,'',NULL,1),(610725,6107,2,'勉县','mian xian','mix','勉县','',0,_binary '\0','',NULL,'',NULL,1),(610726,6107,2,'宁强','ning qiang','niq','宁强县','',0,_binary '\0','',NULL,'',NULL,1),(610727,6107,2,'略阳','lve yang','lvy','略阳县','',0,_binary '\0','',NULL,'',NULL,1),(610728,6107,2,'镇巴','zhen ba','zhb','镇巴县','',0,_binary '\0','',NULL,'',NULL,1),(610729,6107,2,'留坝','liu ba','lib','留坝县','',0,_binary '\0','',NULL,'',NULL,1),(610730,6107,2,'佛坪','fo ping','fop','佛坪县','',0,_binary '\0','',NULL,'',NULL,1),(610802,6108,2,'榆阳','yu yang','yuy','榆阳区','',0,_binary '\0','',NULL,'',NULL,1),(610803,6108,2,'横山','heng shan','hes','横山区','',0,_binary '\0','',NULL,'',NULL,1),(610822,6108,2,'府谷','fu gu','fug','府谷县','',0,_binary '\0','',NULL,'',NULL,1),(610824,6108,2,'靖边','jing bian','jib','靖边县','',0,_binary '\0','',NULL,'',NULL,1),(610825,6108,2,'定边','ding bian','dib','定边县','',0,_binary '\0','',NULL,'',NULL,1),(610826,6108,2,'绥德','sui de','sud','绥德县','',0,_binary '\0','',NULL,'',NULL,1),(610827,6108,2,'米脂','mi zhi','miz','米脂县','',0,_binary '\0','',NULL,'',NULL,1),(610828,6108,2,'佳县','jia xian','jix','佳县','',0,_binary '\0','',NULL,'',NULL,1),(610829,6108,2,'吴堡','wu bu','wub','吴堡县','',0,_binary '\0','',NULL,'',NULL,1),(610830,6108,2,'清涧','qing jian','qij','清涧县','',0,_binary '\0','',NULL,'',NULL,1),(610831,6108,2,'子洲','zi zhou','ziz','子洲县','',0,_binary '\0','',NULL,'',NULL,1),(610881,6108,2,'神木','shen mu','shm','神木市','',0,_binary '\0','',NULL,'',NULL,1),(610902,6109,2,'汉滨','han bin','hab','汉滨区','',0,_binary '\0','',NULL,'',NULL,1),(610921,6109,2,'汉阴','han yin','hay','汉阴县','',0,_binary '\0','',NULL,'',NULL,1),(610922,6109,2,'石泉','shi quan','shq','石泉县','',0,_binary '\0','',NULL,'',NULL,1),(610923,6109,2,'宁陕','ning shan','nis','宁陕县','',0,_binary '\0','',NULL,'',NULL,1),(610924,6109,2,'紫阳','zi yang','ziy','紫阳县','',0,_binary '\0','',NULL,'',NULL,1),(610925,6109,2,'岚皋','lan gao','lag','岚皋县','',0,_binary '\0','',NULL,'',NULL,1),(610926,6109,2,'平利','ping li','pil','平利县','',0,_binary '\0','',NULL,'',NULL,1),(610927,6109,2,'镇坪','zhen ping','zhp','镇坪县','',0,_binary '\0','',NULL,'',NULL,1),(610928,6109,2,'旬阳','xun yang','xuy','旬阳县','',0,_binary '\0','',NULL,'',NULL,1),(610929,6109,2,'白河','bai he','bah','白河县','',0,_binary '\0','',NULL,'',NULL,1),(611002,6110,2,'商州','shang zhou','shz','商州区','',0,_binary '\0','',NULL,'',NULL,1),(611021,6110,2,'洛南','luo nan','lun','洛南县','',0,_binary '\0','',NULL,'',NULL,1),(611022,6110,2,'丹凤','dan feng','daf','丹凤县','',0,_binary '\0','',NULL,'',NULL,1),(611023,6110,2,'商南','shang nan','shn','商南县','',0,_binary '\0','',NULL,'',NULL,1),(611024,6110,2,'山阳','shan yang','shy','山阳县','',0,_binary '\0','',NULL,'',NULL,1),(611025,6110,2,'镇安','zhen an','zha','镇安县','',0,_binary '\0','',NULL,'',NULL,1),(611026,6110,2,'柞水','zha shui','zhs','柞水县','',0,_binary '\0','',NULL,'',NULL,1),(620102,6201,2,'城关','cheng guan','chg','城关区','',0,_binary '\0','',NULL,'',NULL,1),(620103,6201,2,'七里河','qi li he','qilh','七里河区','',0,_binary '\0','',NULL,'',NULL,1),(620104,6201,2,'西固','xi gu','xig','西固区','',0,_binary '\0','',NULL,'',NULL,1),(620105,6201,2,'安宁','an ning','ann','安宁区','',0,_binary '\0','',NULL,'',NULL,1),(620111,6201,2,'红古','hong gu','hog','红古区','',0,_binary '\0','',NULL,'',NULL,1),(620121,6201,2,'永登','yong deng','yod','永登县','',0,_binary '\0','',NULL,'',NULL,1),(620122,6201,2,'皋兰','gao lan','gal','皋兰县','',0,_binary '\0','',NULL,'',NULL,1),(620123,6201,2,'榆中','yu zhong','yuz','榆中县','',0,_binary '\0','',NULL,'',NULL,1),(620171,6201,2,'兰州新区','lan zhou xin qu','lazx','兰州新区','',0,_binary '\0','',NULL,'',NULL,1),(620201,6202,2,'市辖区','shi xia qu','shxq','市辖区','',0,_binary '\0','',NULL,'',NULL,1),(620302,6203,2,'金川','jin chuan','jic','金川区','',0,_binary '\0','',NULL,'',NULL,1),(620321,6203,2,'永昌','yong chang','yoc','永昌县','',0,_binary '\0','',NULL,'',NULL,1),(620402,6204,2,'白银','bai yin','bay','白银区','',0,_binary '\0','',NULL,'',NULL,1),(620403,6204,2,'平川','ping chuan','pic','平川区','',0,_binary '\0','',NULL,'',NULL,1),(620421,6204,2,'靖远','jing yuan','jiy','靖远县','',0,_binary '\0','',NULL,'',NULL,1),(620422,6204,2,'会宁','hui ning','hun','会宁县','',0,_binary '\0','',NULL,'',NULL,1),(620423,6204,2,'景泰','jing tai','jit','景泰县','',0,_binary '\0','',NULL,'',NULL,1),(620502,6205,2,'秦州','qin zhou','qiz','秦州区','',0,_binary '\0','',NULL,'',NULL,1),(620503,6205,2,'麦积','mai ji','maj','麦积区','',0,_binary '\0','',NULL,'',NULL,1),(620521,6205,2,'清水','qing shui','qis','清水县','',0,_binary '\0','',NULL,'',NULL,1),(620522,6205,2,'秦安','qin an','qia','秦安县','',0,_binary '\0','',NULL,'',NULL,1),(620523,6205,2,'甘谷','gan gu','gag','甘谷县','',0,_binary '\0','',NULL,'',NULL,1),(620524,6205,2,'武山','wu shan','wus','武山县','',0,_binary '\0','',NULL,'',NULL,1),(620525,6205,2,'张家川回族自治县','zhang jia chuan hui zu zi zhi xian','zhjc','张家川回族自治县','',0,_binary '\0','',NULL,'',NULL,1),(620602,6206,2,'凉州','liang zhou','liz','凉州区','',0,_binary '\0','',NULL,'',NULL,1),(620621,6206,2,'民勤','min qin','miq','民勤县','',0,_binary '\0','',NULL,'',NULL,1),(620622,6206,2,'古浪','gu lang','gul','古浪县','',0,_binary '\0','',NULL,'',NULL,1),(620623,6206,2,'天祝藏族自治县','tian zhu zang zu zi zhi xian','tizz','天祝藏族自治县','',0,_binary '\0','',NULL,'',NULL,1),(620702,6207,2,'甘州','gan zhou','gaz','甘州区','',0,_binary '\0','',NULL,'',NULL,1),(620721,6207,2,'肃南裕固族自治县','su nan yu gu zu zi zhi xian','suny','肃南裕固族自治县','',0,_binary '\0','',NULL,'',NULL,1),(620722,6207,2,'民乐','min yue','miy','民乐县','',0,_binary '\0','',NULL,'',NULL,1),(620723,6207,2,'临泽','lin ze','liz','临泽县','',0,_binary '\0','',NULL,'',NULL,1),(620724,6207,2,'高台','gao tai','gat','高台县','',0,_binary '\0','',NULL,'',NULL,1),(620725,6207,2,'山丹','shan dan','shd','山丹县','',0,_binary '\0','',NULL,'',NULL,1),(620802,6208,2,'崆峒','kong tong','kot','崆峒区','',0,_binary '\0','',NULL,'',NULL,1),(620821,6208,2,'泾川','jing chuan','jic','泾川县','',0,_binary '\0','',NULL,'',NULL,1),(620822,6208,2,'灵台','ling tai','lit','灵台县','',0,_binary '\0','',NULL,'',NULL,1),(620823,6208,2,'崇信','chong xin','chx','崇信县','',0,_binary '\0','',NULL,'',NULL,1),(620824,6208,2,'华亭','hua ting','hut','华亭县','',0,_binary '\0','',NULL,'',NULL,1),(620825,6208,2,'庄浪','zhuang lang','zhl','庄浪县','',0,_binary '\0','',NULL,'',NULL,1),(620826,6208,2,'静宁','jing ning','jin','静宁县','',0,_binary '\0','',NULL,'',NULL,1),(620871,6208,2,'平凉工业园','ping liang gong ye yuan','pilg','平凉工业园区','',0,_binary '\0','',NULL,'',NULL,1),(620902,6209,2,'肃州','su zhou','suz','肃州区','',0,_binary '\0','',NULL,'',NULL,1),(620921,6209,2,'金塔','jin ta','jit','金塔县','',0,_binary '\0','',NULL,'',NULL,1),(620922,6209,2,'瓜州','gua zhou','guz','瓜州县','',0,_binary '\0','',NULL,'',NULL,1),(620923,6209,2,'肃北蒙古族自治县','su bei meng gu zu zi zhi xian','subm','肃北蒙古族自治县','',0,_binary '\0','',NULL,'',NULL,1),(620924,6209,2,'阿克塞哈萨克族自治县','a ke sai ha sa ke zu zi zhi xian','aks','阿克塞哈萨克族自治县','',0,_binary '\0','',NULL,'',NULL,1),(620981,6209,2,'玉门','yu men','yum','玉门市','',0,_binary '\0','',NULL,'',NULL,1),(620982,6209,2,'敦煌','dun huang','duh','敦煌市','',0,_binary '\0','',NULL,'',NULL,1),(621002,6210,2,'西峰','xi feng','xif','西峰区','',0,_binary '\0','',NULL,'',NULL,1),(621021,6210,2,'庆城','qing cheng','qic','庆城县','',0,_binary '\0','',NULL,'',NULL,1),(621022,6210,2,'环县','huan xian','hux','环县','',0,_binary '\0','',NULL,'',NULL,1),(621023,6210,2,'华池','hua chi','huc','华池县','',0,_binary '\0','',NULL,'',NULL,1),(621024,6210,2,'合水','he shui','hes','合水县','',0,_binary '\0','',NULL,'',NULL,1),(621025,6210,2,'正宁','zheng ning','zhn','正宁县','',0,_binary '\0','',NULL,'',NULL,1),(621026,6210,2,'宁县','ning xian','nix','宁县','',0,_binary '\0','',NULL,'',NULL,1),(621027,6210,2,'镇原','zhen yuan','zhy','镇原县','',0,_binary '\0','',NULL,'',NULL,1),(621102,6211,2,'安定','an ding','and','安定区','',0,_binary '\0','',NULL,'',NULL,1),(621121,6211,2,'通渭','tong wei','tow','通渭县','',0,_binary '\0','',NULL,'',NULL,1),(621122,6211,2,'陇西','long xi','lox','陇西县','',0,_binary '\0','',NULL,'',NULL,1),(621123,6211,2,'渭源','wei yuan','wey','渭源县','',0,_binary '\0','',NULL,'',NULL,1),(621124,6211,2,'临洮','lin tao','lit','临洮县','',0,_binary '\0','',NULL,'',NULL,1),(621125,6211,2,'漳县','zhang xian','zhx','漳县','',0,_binary '\0','',NULL,'',NULL,1),(621126,6211,2,'岷县','min xian','mix','岷县','',0,_binary '\0','',NULL,'',NULL,1),(621202,6212,2,'武都','wu du','wud','武都区','',0,_binary '\0','',NULL,'',NULL,1),(621221,6212,2,'成县','cheng xian','chx','成县','',0,_binary '\0','',NULL,'',NULL,1),(621222,6212,2,'文县','wen xian','wex','文县','',0,_binary '\0','',NULL,'',NULL,1),(621223,6212,2,'宕昌','dang chang','dac','宕昌县','',0,_binary '\0','',NULL,'',NULL,1),(621224,6212,2,'康县','kang xian','kax','康县','',0,_binary '\0','',NULL,'',NULL,1),(621225,6212,2,'西和','xi he','xih','西和县','',0,_binary '\0','',NULL,'',NULL,1),(621226,6212,2,'礼县','li xian','lix','礼县','',0,_binary '\0','',NULL,'',NULL,1),(621227,6212,2,'徽县','hui xian','hux','徽县','',0,_binary '\0','',NULL,'',NULL,1),(621228,6212,2,'两当','liang dang','lid','两当县','',0,_binary '\0','',NULL,'',NULL,1),(622901,6229,2,'临夏市','lin xia shi','lixs','临夏市','',0,_binary '\0','',NULL,'',NULL,1),(622921,6229,2,'临夏县','lin xia xian','lixx','临夏县','',0,_binary '\0','',NULL,'',NULL,1),(622922,6229,2,'康乐','kang le','kal','康乐县','',0,_binary '\0','',NULL,'',NULL,1),(622923,6229,2,'永靖','yong jing','yoj','永靖县','',0,_binary '\0','',NULL,'',NULL,1),(622924,6229,2,'广河','guang he','guh','广河县','',0,_binary '\0','',NULL,'',NULL,1),(622925,6229,2,'和政','he zheng','hez','和政县','',0,_binary '\0','',NULL,'',NULL,1),(622926,6229,2,'东乡族自治县','dong xiang zu zi zhi xian','doxz','东乡族自治县','',0,_binary '\0','',NULL,'',NULL,1),(622927,6229,2,'积石山保安族东乡族撒拉族自治县','ji shi shan bao an zu dong xiang zu sa la zu zi zhi xian','jiss','积石山保安族东乡族撒拉族自治县','',0,_binary '\0','',NULL,'',NULL,1),(623001,6230,2,'合作','he zuo','hez','合作市','',0,_binary '\0','',NULL,'',NULL,1),(623021,6230,2,'临潭','lin tan','lit','临潭县','',0,_binary '\0','',NULL,'',NULL,1),(623022,6230,2,'卓尼','zhuo ni','zhn','卓尼县','',0,_binary '\0','',NULL,'',NULL,1),(623023,6230,2,'舟曲','zhou qu','zhq','舟曲县','',0,_binary '\0','',NULL,'',NULL,1),(623024,6230,2,'迭部','die bu','dib','迭部县','',0,_binary '\0','',NULL,'',NULL,1),(623025,6230,2,'玛曲','ma qu','maq','玛曲县','',0,_binary '\0','',NULL,'',NULL,1),(623026,6230,2,'碌曲','lu qu','luq','碌曲县','',0,_binary '\0','',NULL,'',NULL,1),(623027,6230,2,'夏河','xia he','xih','夏河县','',0,_binary '\0','',NULL,'',NULL,1),(630102,6301,2,'城东','cheng dong','chd','城东区','',0,_binary '\0','',NULL,'',NULL,1),(630103,6301,2,'城中','cheng zhong','chz','城中区','',0,_binary '\0','',NULL,'',NULL,1),(630104,6301,2,'城西','cheng xi','chx','城西区','',0,_binary '\0','',NULL,'',NULL,1),(630105,6301,2,'城北','cheng bei','chb','城北区','',0,_binary '\0','',NULL,'',NULL,1),(630121,6301,2,'大通回族土族自治县','da tong hui zu tu zu zi zhi xian','dath','大通回族土族自治县','',0,_binary '\0','',NULL,'',NULL,1),(630122,6301,2,'湟中','huang zhong','huz','湟中县','',0,_binary '\0','',NULL,'',NULL,1),(630123,6301,2,'湟源','huang yuan','huy','湟源县','',0,_binary '\0','',NULL,'',NULL,1),(630202,6302,2,'乐都','le du','led','乐都区','',0,_binary '\0','',NULL,'',NULL,1),(630203,6302,2,'平安','ping an','pia','平安区','',0,_binary '\0','',NULL,'',NULL,1),(630222,6302,2,'民和回族土族自治县','min he hui zu tu zu zi zhi xian','mihh','民和回族土族自治县','',0,_binary '\0','',NULL,'',NULL,1),(630223,6302,2,'互助土族自治县','hu zhu tu zu zi zhi xian','huzt','互助土族自治县','',0,_binary '\0','',NULL,'',NULL,1),(630224,6302,2,'化隆回族自治县','hua long hui zu zi zhi xian','hulh','化隆回族自治县','',0,_binary '\0','',NULL,'',NULL,1),(630225,6302,2,'循化撒拉族自治县','xun hua sa la zu zi zhi xian','xuhs','循化撒拉族自治县','',0,_binary '\0','',NULL,'',NULL,1),(632221,6322,2,'门源回族自治县','men yuan hui zu zi zhi xian','meyh','门源回族自治县','',0,_binary '\0','',NULL,'',NULL,1),(632222,6322,2,'祁连','qi lian','qil','祁连县','',0,_binary '\0','',NULL,'',NULL,1),(632223,6322,2,'海晏','hai yan','hay','海晏县','',0,_binary '\0','',NULL,'',NULL,1),(632224,6322,2,'刚察','gang cha','gac','刚察县','',0,_binary '\0','',NULL,'',NULL,1),(632321,6323,2,'同仁','tong ren','tor','同仁县','',0,_binary '\0','',NULL,'',NULL,1),(632322,6323,2,'尖扎','jian zha','jiz','尖扎县','',0,_binary '\0','',NULL,'',NULL,1),(632323,6323,2,'泽库','ze ku','zek','泽库县','',0,_binary '\0','',NULL,'',NULL,1),(632324,6323,2,'河南蒙古族自治县','he nan meng gu zu zi zhi xian','henm','河南蒙古族自治县','',0,_binary '\0','',NULL,'',NULL,1),(632521,6325,2,'共和','gong he','goh','共和县','',0,_binary '\0','',NULL,'',NULL,1),(632522,6325,2,'同德','tong de','tod','同德县','',0,_binary '\0','',NULL,'',NULL,1),(632523,6325,2,'贵德','gui de','gud','贵德县','',0,_binary '\0','',NULL,'',NULL,1),(632524,6325,2,'兴海','xing hai','xih','兴海县','',0,_binary '\0','',NULL,'',NULL,1),(632525,6325,2,'贵南','gui nan','gun','贵南县','',0,_binary '\0','',NULL,'',NULL,1),(632621,6326,2,'玛沁','ma qin','maq','玛沁县','',0,_binary '\0','',NULL,'',NULL,1),(632622,6326,2,'班玛','ban ma','bam','班玛县','',0,_binary '\0','',NULL,'',NULL,1),(632623,6326,2,'甘德','gan de','gad','甘德县','',0,_binary '\0','',NULL,'',NULL,1),(632624,6326,2,'达日','da ri','dar','达日县','',0,_binary '\0','',NULL,'',NULL,1),(632625,6326,2,'久治','jiu zhi','jiz','久治县','',0,_binary '\0','',NULL,'',NULL,1),(632626,6326,2,'玛多','ma duo','mad','玛多县','',0,_binary '\0','',NULL,'',NULL,1),(632701,6327,2,'玉树','yu shu','yus','玉树市','',0,_binary '\0','',NULL,'',NULL,1),(632722,6327,2,'杂多','za duo','zad','杂多县','',0,_binary '\0','',NULL,'',NULL,1),(632723,6327,2,'称多','cheng duo','chd','称多县','',0,_binary '\0','',NULL,'',NULL,1),(632724,6327,2,'治多','zhi duo','zhd','治多县','',0,_binary '\0','',NULL,'',NULL,1),(632725,6327,2,'囊谦','nang qian','naq','囊谦县','',0,_binary '\0','',NULL,'',NULL,1),(632726,6327,2,'曲麻莱','qu ma lai','quml','曲麻莱县','',0,_binary '\0','',NULL,'',NULL,1),(632801,6328,2,'格尔木','ge er mu','geem','格尔木市','',0,_binary '\0','',NULL,'',NULL,1),(632802,6328,2,'德令哈','de ling ha','delh','德令哈市','',0,_binary '\0','',NULL,'',NULL,1),(632821,6328,2,'乌兰','wu lan','wul','乌兰县','',0,_binary '\0','',NULL,'',NULL,1),(632822,6328,2,'都兰','du lan','dul','都兰县','',0,_binary '\0','',NULL,'',NULL,1),(632823,6328,2,'天峻','tian jun','tij','天峻县','',0,_binary '\0','',NULL,'',NULL,1),(632857,6328,2,'大柴旦行政委员会','da chai dan xing zheng wei yuan hui','dacd','大柴旦行政委员会','',0,_binary '\0','',NULL,'',NULL,1),(632858,6328,2,'冷湖行政委员会','leng hu xing zheng wei yuan hui','lehx','冷湖行政委员会','',0,_binary '\0','',NULL,'',NULL,1),(632859,6328,2,'茫崖行政委员会','mang ya xing zheng wei yuan hui','mayx','茫崖行政委员会','',0,_binary '\0','',NULL,'',NULL,1),(640104,6401,2,'兴庆','xing qing','xiq','兴庆区','',0,_binary '\0','',NULL,'',NULL,1),(640105,6401,2,'西夏','xi xia','xix','西夏区','',0,_binary '\0','',NULL,'',NULL,1),(640106,6401,2,'金凤','jin feng','jif','金凤区','',0,_binary '\0','',NULL,'',NULL,1),(640121,6401,2,'永宁','yong ning','yon','永宁县','',0,_binary '\0','',NULL,'',NULL,1),(640122,6401,2,'贺兰','he lan','hel','贺兰县','',0,_binary '\0','',NULL,'',NULL,1),(640181,6401,2,'灵武','ling wu','liw','灵武市','',0,_binary '\0','',NULL,'',NULL,1),(640202,6402,2,'大武口','da wu kou','dawk','大武口区','',0,_binary '\0','',NULL,'',NULL,1),(640205,6402,2,'惠农','hui nong','hun','惠农区','',0,_binary '\0','',NULL,'',NULL,1),(640221,6402,2,'平罗','ping luo','pil','平罗县','',0,_binary '\0','',NULL,'',NULL,1),(640302,6403,2,'利通','li tong','lit','利通区','',0,_binary '\0','',NULL,'',NULL,1),(640303,6403,2,'红寺堡','hong si bu','hosb','红寺堡区','',0,_binary '\0','',NULL,'',NULL,1),(640323,6403,2,'盐池','yan chi','yac','盐池县','',0,_binary '\0','',NULL,'',NULL,1),(640324,6403,2,'同心','tong xin','tox','同心县','',0,_binary '\0','',NULL,'',NULL,1),(640381,6403,2,'青铜峡','qing tong xia','qitx','青铜峡市','',0,_binary '\0','',NULL,'',NULL,1),(640402,6404,2,'原州','yuan zhou','yuz','原州区','',0,_binary '\0','',NULL,'',NULL,1),(640422,6404,2,'西吉','xi ji','xij','西吉县','',0,_binary '\0','',NULL,'',NULL,1),(640423,6404,2,'隆德','long de','lod','隆德县','',0,_binary '\0','',NULL,'',NULL,1),(640424,6404,2,'泾源','jing yuan','jiy','泾源县','',0,_binary '\0','',NULL,'',NULL,1),(640425,6404,2,'彭阳','peng yang','pey','彭阳县','',0,_binary '\0','',NULL,'',NULL,1),(640502,6405,2,'沙坡头','sha po tou','shpt','沙坡头区','',0,_binary '\0','',NULL,'',NULL,1),(640521,6405,2,'中宁','zhong ning','zhn','中宁县','',0,_binary '\0','',NULL,'',NULL,1),(640522,6405,2,'海原','hai yuan','hay','海原县','',0,_binary '\0','',NULL,'',NULL,1),(650102,6501,2,'天山','tian shan','tis','天山区','',0,_binary '\0','',NULL,'',NULL,1),(650103,6501,2,'沙依巴克','sha yi ba ke','shyb','沙依巴克区','',0,_binary '\0','',NULL,'',NULL,1),(650104,6501,2,'新市','xin shi','xis','新市区','',0,_binary '\0','',NULL,'',NULL,1),(650105,6501,2,'水磨沟','shui mo gou','shmg','水磨沟区','',0,_binary '\0','',NULL,'',NULL,1),(650106,6501,2,'头屯河','tou tun he','toth','头屯河区','',0,_binary '\0','',NULL,'',NULL,1),(650107,6501,2,'达坂城','da ban cheng','dabc','达坂城区','',0,_binary '\0','',NULL,'',NULL,1),(650109,6501,2,'米东','mi dong','mid','米东区','',0,_binary '\0','',NULL,'',NULL,1),(650121,6501,2,'乌鲁木齐','wu lu mu qi','wulm','乌鲁木齐县','',0,_binary '\0','',NULL,'',NULL,1),(650171,6501,2,'乌鲁木齐经济技术开发区','wu lu mu qi jing ji ji shu kai fa qu','wulm','乌鲁木齐经济技术开发区','',0,_binary '\0','',NULL,'',NULL,1),(650172,6501,2,'乌鲁木齐高新技术产业开发区','wu lu mu qi gao xin ji shu chan ye kai fa qu','wulm','乌鲁木齐高新技术产业开发区','',0,_binary '\0','',NULL,'',NULL,1),(650202,6502,2,'独山子','du shan zi','dusz','独山子区','',0,_binary '\0','',NULL,'',NULL,1),(650203,6502,2,'克拉玛依','ke la ma yi','kelm','克拉玛依区','',0,_binary '\0','',NULL,'',NULL,1),(650204,6502,2,'白碱滩','bai jian tan','bajt','白碱滩区','',0,_binary '\0','',NULL,'',NULL,1),(650205,6502,2,'乌尔禾','wu er he','wueh','乌尔禾区','',0,_binary '\0','',NULL,'',NULL,1),(650402,6504,2,'高昌','gao chang','gac','高昌区','',0,_binary '\0','',NULL,'',NULL,1),(650421,6504,2,'鄯善','shan shan','shs','鄯善县','',0,_binary '\0','',NULL,'',NULL,1),(650422,6504,2,'托克逊','tuo ke xun','tukx','托克逊县','',0,_binary '\0','',NULL,'',NULL,1),(650502,6505,2,'伊州','yi zhou','yiz','伊州区','',0,_binary '\0','',NULL,'',NULL,1),(650521,6505,2,'巴里坤哈萨克自治县','ba li kun ha sa ke zi zhi xian','balk','巴里坤哈萨克自治县','',0,_binary '\0','',NULL,'',NULL,1),(650522,6505,2,'伊吾','yi wu','yiw','伊吾县','',0,_binary '\0','',NULL,'',NULL,1),(652301,6523,2,'昌吉','chang ji','chj','昌吉市','',0,_binary '\0','',NULL,'',NULL,1),(652302,6523,2,'阜康','fu kang','fuk','阜康市','',0,_binary '\0','',NULL,'',NULL,1),(652323,6523,2,'呼图壁','hu tu bi','hutb','呼图壁县','',0,_binary '\0','',NULL,'',NULL,1),(652324,6523,2,'玛纳斯','ma na si','mans','玛纳斯县','',0,_binary '\0','',NULL,'',NULL,1),(652325,6523,2,'奇台','qi tai','qit','奇台县','',0,_binary '\0','',NULL,'',NULL,1),(652327,6523,2,'吉木萨尔','ji mu sa er','jims','吉木萨尔县','',0,_binary '\0','',NULL,'',NULL,1),(652328,6523,2,'木垒哈萨克自治县','mu lei ha sa ke zi zhi xian','mulh','木垒哈萨克自治县','',0,_binary '\0','',NULL,'',NULL,1),(652701,6527,2,'博乐','bo le','bol','博乐市','',0,_binary '\0','',NULL,'',NULL,1),(652702,6527,2,'阿拉山口','a la shan kou','als','阿拉山口市','',0,_binary '\0','',NULL,'',NULL,1),(652722,6527,2,'精河','jing he','jih','精河县','',0,_binary '\0','',NULL,'',NULL,1),(652723,6527,2,'温泉','wen quan','weq','温泉县','',0,_binary '\0','',NULL,'',NULL,1),(652801,6528,2,'库尔勒','ku er le','kuel','库尔勒市','',0,_binary '\0','',NULL,'',NULL,1),(652822,6528,2,'轮台','lun tai','lut','轮台县','',0,_binary '\0','',NULL,'',NULL,1),(652823,6528,2,'尉犁','yu li','yul','尉犁县','',0,_binary '\0','',NULL,'',NULL,1),(652824,6528,2,'若羌','ruo qiang','ruq','若羌县','',0,_binary '\0','',NULL,'',NULL,1),(652825,6528,2,'且末','qie mo','qim','且末县','',0,_binary '\0','',NULL,'',NULL,1),(652826,6528,2,'焉耆回族自治县','yan qi hui zu zi zhi xian','yaqh','焉耆回族自治县','',0,_binary '\0','',NULL,'',NULL,1),(652827,6528,2,'和静','he jing','hej','和静县','',0,_binary '\0','',NULL,'',NULL,1),(652828,6528,2,'和硕','he shuo','hes','和硕县','',0,_binary '\0','',NULL,'',NULL,1),(652829,6528,2,'博湖','bo hu','boh','博湖县','',0,_binary '\0','',NULL,'',NULL,1),(652871,6528,2,'库尔勒经济技术开发区','ku er le jing ji ji shu kai fa qu','kuel','库尔勒经济技术开发区','',0,_binary '\0','',NULL,'',NULL,1),(652901,6529,2,'阿克苏','a ke su','aks','阿克苏市','',0,_binary '\0','',NULL,'',NULL,1),(652922,6529,2,'温宿','wen su','wes','温宿县','',0,_binary '\0','',NULL,'',NULL,1),(652923,6529,2,'库车','ku che','kuc','库车县','',0,_binary '\0','',NULL,'',NULL,1),(652924,6529,2,'沙雅','sha ya','shy','沙雅县','',0,_binary '\0','',NULL,'',NULL,1),(652925,6529,2,'新和','xin he','xih','新和县','',0,_binary '\0','',NULL,'',NULL,1),(652926,6529,2,'拜城','bai cheng','bac','拜城县','',0,_binary '\0','',NULL,'',NULL,1),(652927,6529,2,'乌什','wu shi','wus','乌什县','',0,_binary '\0','',NULL,'',NULL,1),(652928,6529,2,'阿瓦提','a wa ti','awt','阿瓦提县','',0,_binary '\0','',NULL,'',NULL,1),(652929,6529,2,'柯坪','ke ping','kep','柯坪县','',0,_binary '\0','',NULL,'',NULL,1),(653001,6530,2,'阿图什','a tu shi','ats','阿图什市','',0,_binary '\0','',NULL,'',NULL,1),(653022,6530,2,'阿克陶','a ke tao','akt','阿克陶县','',0,_binary '\0','',NULL,'',NULL,1),(653023,6530,2,'阿合奇','a he qi','ahq','阿合奇县','',0,_binary '\0','',NULL,'',NULL,1),(653024,6530,2,'乌恰','wu qia','wuq','乌恰县','',0,_binary '\0','',NULL,'',NULL,1),(653101,6531,2,'喀什','ka shi','kas','喀什市','',0,_binary '\0','',NULL,'',NULL,1),(653121,6531,2,'疏附','shu fu','shf','疏附县','',0,_binary '\0','',NULL,'',NULL,1),(653122,6531,2,'疏勒','shu le','shl','疏勒县','',0,_binary '\0','',NULL,'',NULL,1),(653123,6531,2,'英吉沙','ying ji sha','yijs','英吉沙县','',0,_binary '\0','',NULL,'',NULL,1),(653124,6531,2,'泽普','ze pu','zep','泽普县','',0,_binary '\0','',NULL,'',NULL,1),(653125,6531,2,'莎车','sha che','shc','莎车县','',0,_binary '\0','',NULL,'',NULL,1),(653126,6531,2,'叶城','ye cheng','yec','叶城县','',0,_binary '\0','',NULL,'',NULL,1),(653127,6531,2,'麦盖提','mai gai ti','magt','麦盖提县','',0,_binary '\0','',NULL,'',NULL,1),(653128,6531,2,'岳普湖','yue pu hu','yuph','岳普湖县','',0,_binary '\0','',NULL,'',NULL,1),(653129,6531,2,'伽师','jia shi','jis','伽师县','',0,_binary '\0','',NULL,'',NULL,1),(653130,6531,2,'巴楚','ba chu','bac','巴楚县','',0,_binary '\0','',NULL,'',NULL,1),(653131,6531,2,'塔什库尔干塔吉克自治县','ta shi ku er gan ta ji ke zi zhi xian','task','塔什库尔干塔吉克自治县','',0,_binary '\0','',NULL,'',NULL,1),(653201,6532,2,'和田市','he tian shi','hets','和田市','',0,_binary '\0','',NULL,'',NULL,1),(653221,6532,2,'和田县','he tian xian','hetx','和田县','',0,_binary '\0','',NULL,'',NULL,1),(653222,6532,2,'墨玉','mo yu','moy','墨玉县','',0,_binary '\0','',NULL,'',NULL,1),(653223,6532,2,'皮山','pi shan','pis','皮山县','',0,_binary '\0','',NULL,'',NULL,1),(653224,6532,2,'洛浦','luo pu','lup','洛浦县','',0,_binary '\0','',NULL,'',NULL,1),(653225,6532,2,'策勒','ce le','cel','策勒县','',0,_binary '\0','',NULL,'',NULL,1),(653226,6532,2,'于田','yu tian','yut','于田县','',0,_binary '\0','',NULL,'',NULL,1),(653227,6532,2,'民丰','min feng','mif','民丰县','',0,_binary '\0','',NULL,'',NULL,1),(654002,6540,2,'伊宁市','yi ning shi','yins','伊宁市','',0,_binary '\0','',NULL,'',NULL,1),(654003,6540,2,'奎屯','kui tun','kut','奎屯市','',0,_binary '\0','',NULL,'',NULL,1),(654004,6540,2,'霍尔果斯','huo er guo si','hueg','霍尔果斯市','',0,_binary '\0','',NULL,'',NULL,1),(654021,6540,2,'伊宁县','yi ning xian','yinx','伊宁县','',0,_binary '\0','',NULL,'',NULL,1),(654022,6540,2,'察布查尔锡伯自治县','cha bu cha er xi bo zi zhi xian','chbc','察布查尔锡伯自治县','',0,_binary '\0','',NULL,'',NULL,1),(654023,6540,2,'霍城','huo cheng','huc','霍城县','',0,_binary '\0','',NULL,'',NULL,1),(654024,6540,2,'巩留','gong liu','gol','巩留县','',0,_binary '\0','',NULL,'',NULL,1),(654025,6540,2,'新源','xin yuan','xiy','新源县','',0,_binary '\0','',NULL,'',NULL,1),(654026,6540,2,'昭苏','zhao su','zhs','昭苏县','',0,_binary '\0','',NULL,'',NULL,1),(654027,6540,2,'特克斯','te ke si','teks','特克斯县','',0,_binary '\0','',NULL,'',NULL,1),(654028,6540,2,'尼勒克','ni le ke','nilk','尼勒克县','',0,_binary '\0','',NULL,'',NULL,1),(654201,6542,2,'塔城','ta cheng','tac','塔城市','',0,_binary '\0','',NULL,'',NULL,1),(654202,6542,2,'乌苏','wu su','wus','乌苏市','',0,_binary '\0','',NULL,'',NULL,1),(654221,6542,2,'额敏','e min','em','额敏县','',0,_binary '\0','',NULL,'',NULL,1),(654223,6542,2,'沙湾','sha wan','shw','沙湾县','',0,_binary '\0','',NULL,'',NULL,1),(654224,6542,2,'托里','tuo li','tul','托里县','',0,_binary '\0','',NULL,'',NULL,1),(654225,6542,2,'裕民','yu min','yum','裕民县','',0,_binary '\0','',NULL,'',NULL,1),(654226,6542,2,'和布克赛尔蒙古自治县','he bu ke sai er meng gu zi zhi xian','hebk','和布克赛尔蒙古自治县','',0,_binary '\0','',NULL,'',NULL,1),(654301,6543,2,'阿勒泰','a le tai','alt','阿勒泰市','',0,_binary '\0','',NULL,'',NULL,1),(654321,6543,2,'布尔津','bu er jin','buej','布尔津县','',0,_binary '\0','',NULL,'',NULL,1),(654322,6543,2,'富蕴','fu yun','fuy','富蕴县','',0,_binary '\0','',NULL,'',NULL,1),(654323,6543,2,'福海','fu hai','fuh','福海县','',0,_binary '\0','',NULL,'',NULL,1),(654324,6543,2,'哈巴河','ha ba he','habh','哈巴河县','',0,_binary '\0','',NULL,'',NULL,1),(654325,6543,2,'青河','qing he','qih','青河县','',0,_binary '\0','',NULL,'',NULL,1),(654326,6543,2,'吉木乃','ji mu nai','jimn','吉木乃县','',0,_binary '\0','',NULL,'',NULL,1),(659001,6590,2,'石河子','shi he zi','shhz','石河子市','',0,_binary '\0','',NULL,'',NULL,1),(659002,6590,2,'阿拉尔','a la er','ale','阿拉尔市','',0,_binary '\0','',NULL,'',NULL,1),(659003,6590,2,'图木舒克','tu mu shu ke','tums','图木舒克市','',0,_binary '\0','',NULL,'',NULL,1),(659004,6590,2,'五家渠','wu jia qu','wujq','五家渠市','',0,_binary '\0','',NULL,'',NULL,1),(659006,6590,2,'铁门关','tie men guan','timg','铁门关市','',0,_binary '\0','',NULL,'',NULL,1),(900100,9001,2,'香港','xiang gang','xig','','',0,_binary '\0','',NULL,'',NULL,1),(900200,9002,2,'澳门','ao men','aom','','',0,_binary '\0','',NULL,'',NULL,1),(900300,9003,2,'台湾','tai wan','taw','','',0,_binary '\0','',NULL,'',NULL,1),(910100,9101,2,'海外','hai wai','haw','','',0,_binary '\0','',NULL,'',NULL,1);
/*!40000 ALTER TABLE `sys_districts` ENABLE KEYS */;
UNLOCK TABLES;

--
-- Table structure for table `sys_job`
--

DROP TABLE IF EXISTS `sys_job`;
/*!40101 SET @saved_cs_client     = @@character_set_client */;
/*!50503 SET character_set_client = utf8mb4 */;
CREATE TABLE `sys_job` (
  `id` int NOT NULL AUTO_INCREMENT COMMENT '任务ID',
  `job_name` varchar(64) NOT NULL DEFAULT '' COMMENT '任务名称',
  `job_group` varchar(64) NOT NULL DEFAULT 'DEFAULT' COMMENT '任务组名',
  `invoke_target` varchar(500) NOT NULL COMMENT '调用目标字符串',
  `cron_expression` varchar(255) DEFAULT '' COMMENT 'cron执行表达式',
  `misfire_policy` varchar(20) DEFAULT '3' COMMENT '计划执行错误策略（1立即执行 2执行一次 3放弃执行）',
  `concurrent` char(1) DEFAULT '1' COMMENT '是否并发执行（0允许 1禁止）',
  `status` char(1) DEFAULT '0' COMMENT '状态（0正常 1暂停）',
  `version` int DEFAULT NULL COMMENT '版本',
  `delete_flag` bit(1) DEFAULT NULL COMMENT '删除标记',
  `create_by` varchar(64) DEFAULT '' COMMENT '创建者',
  `create_time` datetime DEFAULT NULL COMMENT '创建时间',
  `update_by` varchar(64) DEFAULT '' COMMENT '更新者',
  `update_time` datetime DEFAULT NULL COMMENT '更新时间',
  `remark` varchar(500) DEFAULT '' COMMENT '备注信息',
  `tenant_id` int DEFAULT NULL COMMENT '租户ID',
  PRIMARY KEY (`id`,`job_name`,`job_group`) USING BTREE
) ENGINE=InnoDB AUTO_INCREMENT=4 DEFAULT CHARSET=utf8mb3 COMMENT='定时任务调度表';
/*!40101 SET character_set_client = @saved_cs_client */;

--
-- Dumping data for table `sys_job`
--

LOCK TABLES `sys_job` WRITE;
/*!40000 ALTER TABLE `sys_job` DISABLE KEYS */;
INSERT INTO `sys_job` VALUES (1,'系统默认（无参）','DEFAULT','ryTask.ryNoParams','0/10 * * * * ?','1','0','1',0,_binary '\0','admin','2018-03-16 11:33:00','admin','2021-04-13 15:39:37','',1),(2,'系统默认（有参）','DEFAULT','ryTask.ryParams(\'ry\')','0/15 * * * * ?','3','1','1',0,_binary '\0','admin','2018-03-16 11:33:00','ry','2020-09-23 16:46:31','',1),(3,'系统默认（多参）','DEFAULT','ryTask.ryMultipleParams(\'ry\', true, 2000L, 316.50D, 100)','0/20 * * * * ?','3','1','1',0,_binary '\0','admin','2018-03-16 11:33:00','ry','2018-03-16 11:33:00','',1);
/*!40000 ALTER TABLE `sys_job` ENABLE KEYS */;
UNLOCK TABLES;

--
-- Table structure for table `sys_job_log`
--

DROP TABLE IF EXISTS `sys_job_log`;
/*!40101 SET @saved_cs_client     = @@character_set_client */;
/*!50503 SET character_set_client = utf8mb4 */;
CREATE TABLE `sys_job_log` (
  `id` int NOT NULL AUTO_INCREMENT COMMENT '任务日志ID',
  `job_name` varchar(64) NOT NULL COMMENT '任务名称',
  `job_group` varchar(64) NOT NULL COMMENT '任务组名',
  `invoke_target` varchar(500) NOT NULL COMMENT '调用目标字符串',
  `job_message` varchar(500) DEFAULT NULL COMMENT '日志信息',
  `status` char(1) DEFAULT '0' COMMENT '执行状态（0正常 1失败）',
  `exception_info` varchar(2000) DEFAULT '' COMMENT '异常信息',
  `version` int DEFAULT NULL COMMENT '版本',
  `delete_flag` bit(1) DEFAULT NULL COMMENT '删除标记',
  `create_by` varchar(64) DEFAULT NULL COMMENT '创建者',
  `create_time` datetime DEFAULT NULL COMMENT '创建时间',
  `update_by` varchar(64) DEFAULT NULL COMMENT '更新者',
  `update_time` datetime DEFAULT NULL COMMENT '更新时间',
  `tenant_id` int DEFAULT NULL COMMENT '租户ID',
  PRIMARY KEY (`id`) USING BTREE
) ENGINE=InnoDB AUTO_INCREMENT=2 DEFAULT CHARSET=utf8mb3 COMMENT='定时任务调度日志表';
/*!40101 SET character_set_client = @saved_cs_client */;

--
-- Dumping data for table `sys_job_log`
--

LOCK TABLES `sys_job_log` WRITE;
/*!40000 ALTER TABLE `sys_job_log` DISABLE KEYS */;
INSERT INTO `sys_job_log` VALUES (1,'系统默认（无参）','DEFAULT','ryTask.ryNoParams','系统默认（无参） 总共耗时：2毫秒','0','',NULL,NULL,NULL,'2024-10-22 23:10:03',NULL,NULL,NULL);
/*!40000 ALTER TABLE `sys_job_log` ENABLE KEYS */;
UNLOCK TABLES;

--
-- Table structure for table `sys_login_info`
--

DROP TABLE IF EXISTS `sys_login_info`;
/*!40101 SET @saved_cs_client     = @@character_set_client */;
/*!50503 SET character_set_client = utf8mb4 */;
CREATE TABLE `sys_login_info` (
  `id` int NOT NULL AUTO_INCREMENT COMMENT '访问ID',
  `login_name` varchar(50) DEFAULT '' COMMENT '登录账号',
  `ipaddr` varchar(50) DEFAULT '' COMMENT '登录IP地址',
  `login_location` varchar(255) DEFAULT '' COMMENT '登录地点',
  `browser` varchar(50) DEFAULT '' COMMENT '浏览器类型',
  `os` varchar(50) DEFAULT '' COMMENT '操作系统',
  `status` char(1) DEFAULT '0' COMMENT '登录状态（0成功 1失败）',
  `msg` varchar(255) DEFAULT '' COMMENT '提示消息',
  `login_time` datetime DEFAULT NULL COMMENT '访问时间',
  `version` int DEFAULT NULL COMMENT '版本',
  `delete_flag` bit(1) DEFAULT NULL COMMENT '删除标记',
  `create_by` varchar(64) DEFAULT '' COMMENT '创建者',
  `create_time` datetime DEFAULT NULL COMMENT '创建时间',
  `update_by` varchar(64) DEFAULT '' COMMENT '更新者',
  `update_time` datetime DEFAULT NULL COMMENT '更新时间',
  `tenant_id` int DEFAULT NULL COMMENT '租户ID',
  PRIMARY KEY (`id`) USING BTREE
) ENGINE=InnoDB AUTO_INCREMENT=127 DEFAULT CHARSET=utf8mb3 ROW_FORMAT=DYNAMIC COMMENT='系统访问记录';
/*!40101 SET character_set_client = @saved_cs_client */;

--
-- Dumping data for table `sys_login_info`
--

LOCK TABLES `sys_login_info` WRITE;
/*!40000 ALTER TABLE `sys_login_info` DISABLE KEYS */;
INSERT INTO `sys_login_info` VALUES (54,'manager','127.0.0.1','0.0.0.0','Chrome 11','Mac OS X','0','退出成功','2023-05-19 14:32:09',NULL,NULL,'',NULL,'',NULL,NULL),(55,'super','127.0.0.1','0.0.0.0','Chrome 11','Mac OS X','0','登录成功','2023-05-19 14:32:21',NULL,NULL,'',NULL,'',NULL,NULL),(56,'90486374908','127.0.0.1','0.0.0.0','Mobile Safari','Mac OS X (iPhone)','0','登录成功','2023-05-19 14:39:23',NULL,NULL,'',NULL,'',NULL,NULL),(57,'90486374908','127.0.0.1','0.0.0.0','Mobile Safari','Mac OS X (iPhone)','0','登录成功','2023-05-19 14:51:08',NULL,NULL,'',NULL,'',NULL,NULL),(58,'admin','127.0.0.1','0.0.0.0','Chrome 13','Mac OS X','0','登录成功','2024-10-21 01:03:11',NULL,NULL,'',NULL,'',NULL,NULL),(59,'manager','127.0.0.1','0.0.0.0','Chrome 13','Mac OS X','0','登录成功','2024-10-21 01:04:42',NULL,NULL,'',NULL,'',NULL,NULL),(60,'manager','127.0.0.1','0.0.0.0','Chrome 13','Mac OS X','0','登录成功','2024-10-21 02:23:33',NULL,NULL,'',NULL,'',NULL,NULL),(61,'manager','127.0.0.1','0.0.0.0','Chrome 13','Mac OS X','0','退出成功','2024-10-21 02:29:45',NULL,NULL,'',NULL,'',NULL,NULL),(62,'admin','127.0.0.1','0.0.0.0','Chrome 13','Mac OS X','0','登录成功','2024-10-21 02:49:34',NULL,NULL,'',NULL,'',NULL,NULL),(63,'manager','127.0.0.1','0.0.0.0','Chrome 13','Mac OS X','0','登录成功','2024-10-21 02:49:39',NULL,NULL,'',NULL,'',NULL,NULL),(64,'manager','127.0.0.1','0.0.0.0','Chrome 13','Mac OS X','0','退出成功','2024-10-21 02:50:20',NULL,NULL,'',NULL,'',NULL,NULL),(65,'manager','127.0.0.1','0.0.0.0','Chrome 13','Mac OS X','0','登录成功','2024-10-21 11:08:20',NULL,NULL,'',NULL,'',NULL,NULL),(66,'manager','127.0.0.1','0.0.0.0','Chrome 13','Mac OS X','0','登录成功','2024-10-21 11:14:06',NULL,NULL,'',NULL,'',NULL,NULL),(67,'manager','127.0.0.1','0.0.0.0','Chrome 13','Mac OS X','0','退出成功','2024-10-21 11:31:22',NULL,NULL,'',NULL,'',NULL,NULL),(68,'manager','127.0.0.1','0.0.0.0','Chrome 13','Mac OS X','0','登录成功','2024-10-21 11:31:36',NULL,NULL,'',NULL,'',NULL,NULL),(69,'manager','127.0.0.1','0.0.0.0','Chrome 13','Mac OS X','0','退出成功','2024-10-21 12:16:33',NULL,NULL,'',NULL,'',NULL,NULL),(70,'manager','127.0.0.1','0.0.0.0','Chrome 13','Mac OS X','0','登录成功','2024-10-21 12:47:22',NULL,NULL,'',NULL,'',NULL,NULL),(71,'manager','127.0.0.1','0.0.0.0','Chrome 13','Mac OS X','0','退出成功','2024-10-21 13:23:29',NULL,NULL,'',NULL,'',NULL,NULL),(72,'manager','127.0.0.1','0.0.0.0','Chrome 13','Mac OS X','0','登录成功','2024-10-21 13:23:40',NULL,NULL,'',NULL,'',NULL,NULL),(73,'manager','127.0.0.1','0.0.0.0','Chrome 13','Mac OS X','0','退出成功','2024-10-21 13:36:03',NULL,NULL,'',NULL,'',NULL,NULL),(74,'manager','127.0.0.1','0.0.0.0','Chrome 13','Mac OS X','0','登录成功','2024-10-21 13:37:45',NULL,NULL,'',NULL,'',NULL,NULL),(75,'manager','127.0.0.1','0.0.0.0','Chrome 13','Mac OS X','0','登录成功','2024-10-21 13:55:01',NULL,NULL,'',NULL,'',NULL,NULL),(76,'manager','127.0.0.1','0.0.0.0','Chrome 13','Mac OS X','0','登录成功','2024-10-21 13:55:19',NULL,NULL,'',NULL,'',NULL,NULL),(77,'manager','127.0.0.1','0.0.0.0','Chrome 13','Mac OS X','0','退出成功','2024-10-21 15:19:56',NULL,NULL,'',NULL,'',NULL,NULL),(78,'manager','127.0.0.1','0.0.0.0','Chrome 13','Mac OS X','0','登录成功','2024-10-21 15:20:11',NULL,NULL,'',NULL,'',NULL,NULL),(79,'manager','127.0.0.1','0.0.0.0','Chrome 12','Mac OS X','0','登录成功','2024-10-22 17:58:18',NULL,NULL,'',NULL,'',NULL,NULL),(80,'manager','127.0.0.1','0.0.0.0','Chrome 12','Mac OS X','0','登录成功','2024-10-22 17:58:39',NULL,NULL,'',NULL,'',NULL,NULL),(81,'manager','127.0.0.1','0.0.0.0','Chrome 12','Mac OS X','0','退出成功','2024-10-22 23:09:00',NULL,NULL,'',NULL,'',NULL,NULL),(82,'manager','127.0.0.1','0.0.0.0','Chrome 12','Mac OS X','0','登录成功','2024-10-22 23:09:09',NULL,NULL,'',NULL,'',NULL,NULL),(83,'manager','127.0.0.1','0.0.0.0','Chrome 12','Mac OS X','0','退出成功','2024-10-22 23:28:18',NULL,NULL,'',NULL,'',NULL,NULL),(84,'manager','127.0.0.1','0.0.0.0','Chrome 12','Mac OS X','0','登录成功','2024-10-22 23:28:30',NULL,NULL,'',NULL,'',NULL,NULL),(85,'manager','127.0.0.1','0.0.0.0','Chrome 12','Mac OS X','0','退出成功','2024-10-22 23:45:21',NULL,NULL,'',NULL,'',NULL,NULL),(86,'manager','127.0.0.1','0.0.0.0','Chrome 12','Mac OS X','0','登录成功','2024-10-22 23:45:31',NULL,NULL,'',NULL,'',NULL,NULL),(87,'manager','127.0.0.1','0.0.0.0','Chrome 12','Mac OS X','0','退出成功','2024-10-22 23:51:47',NULL,NULL,'',NULL,'',NULL,NULL),(88,'manager','127.0.0.1','0.0.0.0','Chrome 12','Mac OS X','0','登录成功','2024-10-22 23:51:58',NULL,NULL,'',NULL,'',NULL,NULL),(89,'manager','127.0.0.1','0.0.0.0','Chrome 12','Mac OS X','0','退出成功','2024-10-23 01:10:26',NULL,NULL,'',NULL,'',NULL,NULL),(90,'manager','127.0.0.1','0.0.0.0','Chrome 12','Mac OS X','0','登录成功','2024-10-23 01:16:28',NULL,NULL,'',NULL,'',NULL,NULL),(91,'manager','127.0.0.1','0.0.0.0','Chrome 12','Mac OS X','0','登录成功','2024-10-23 01:18:08',NULL,NULL,'',NULL,'',NULL,NULL),(92,'manager','127.0.0.1','0.0.0.0','Chrome 12','Mac OS X','0','登录成功','2024-10-23 01:18:24',NULL,NULL,'',NULL,'',NULL,NULL),(93,'manager','127.0.0.1','0.0.0.0','Chrome 12','Mac OS X','0','退出成功','2024-10-23 01:20:25',NULL,NULL,'',NULL,'',NULL,NULL),(94,'manager','127.0.0.1','0.0.0.0','Chrome 12','Mac OS X','0','登录成功','2024-10-23 01:48:35',NULL,NULL,'',NULL,'',NULL,NULL),(95,'manager','127.0.0.1','0.0.0.0','Chrome 12','Mac OS X','0','登录成功','2024-10-23 01:48:49',NULL,NULL,'',NULL,'',NULL,NULL),(96,'manager','127.0.0.1','0.0.0.0','Chrome 12','Mac OS X','0','登录成功','2024-10-23 01:55:58',NULL,NULL,'',NULL,'',NULL,NULL),(97,'manager','127.0.0.1','0.0.0.0','Chrome 12','Mac OS X','0','登录成功','2024-10-23 01:56:13',NULL,NULL,'',NULL,'',NULL,NULL),(98,'manager','127.0.0.1','0.0.0.0','Chrome 12','Mac OS X','0','登录成功','2024-10-23 02:03:05',NULL,NULL,'',NULL,'',NULL,NULL),(99,'manager','127.0.0.1','0.0.0.0','Chrome 12','Mac OS X','0','登录成功','2024-10-23 02:03:22',NULL,NULL,'',NULL,'',NULL,NULL),(100,'manager','127.0.0.1','0.0.0.0','Chrome 12','Mac OS X','0','登录成功','2024-10-23 02:08:54',NULL,NULL,'',NULL,'',NULL,NULL),(101,'manager','127.0.0.1','0.0.0.0','Chrome 12','Mac OS X','0','登录成功','2024-10-23 02:09:08',NULL,NULL,'',NULL,'',NULL,NULL),(102,'manager','127.0.0.1','0.0.0.0','Chrome 12','Mac OS X','0','退出成功','2024-10-23 02:21:38',NULL,NULL,'',NULL,'',NULL,NULL),(103,'manager','127.0.0.1','0.0.0.0','Chrome 12','Mac OS X','0','登录成功','2024-10-23 02:22:13',NULL,NULL,'',NULL,'',NULL,NULL),(104,'manager','127.0.0.1','0.0.0.0','Chrome 13','Mac OS X','0','登录成功','2024-10-23 18:47:39',NULL,NULL,'',NULL,'',NULL,NULL),(105,'manager','127.0.0.1','0.0.0.0','Chrome 13','Mac OS X','0','退出成功','2024-10-23 19:40:57',NULL,NULL,'',NULL,'',NULL,NULL),(106,'manager','127.0.0.1','0.0.0.0','Chrome 13','Mac OS X','0','登录成功','2024-10-23 19:41:08',NULL,NULL,'',NULL,'',NULL,NULL),(107,'manager','127.0.0.1','0.0.0.0','Chrome 13','Mac OS X','0','退出成功','2024-10-23 19:58:36',NULL,NULL,'',NULL,'',NULL,NULL),(108,'manager','127.0.0.1','0.0.0.0','Chrome 13','Mac OS X','0','登录成功','2024-10-23 19:58:46',NULL,NULL,'',NULL,'',NULL,NULL),(109,'manager','127.0.0.1','0.0.0.0','Chrome 13','Mac OS X','0','退出成功','2024-10-23 20:09:06',NULL,NULL,'',NULL,'',NULL,NULL),(110,'manager','127.0.0.1','0.0.0.0','Chrome 13','Mac OS X','0','登录成功','2024-10-23 20:09:21',NULL,NULL,'',NULL,'',NULL,NULL),(111,'manager','127.0.0.1','0.0.0.0','Chrome 13','Mac OS X','0','退出成功','2024-10-23 20:12:39',NULL,NULL,'',NULL,'',NULL,NULL),(112,'manager','127.0.0.1','0.0.0.0','Chrome 13','Mac OS X','0','登录成功','2024-10-23 20:12:52',NULL,NULL,'',NULL,'',NULL,NULL),(113,'manager','127.0.0.1','0.0.0.0','Chrome 13','Mac OS X','0','登录成功','2024-10-23 20:22:23',NULL,NULL,'',NULL,'',NULL,NULL),(114,'manager','127.0.0.1','0.0.0.0','Chrome 13','Mac OS X','0','登录成功','2024-10-23 20:22:40',NULL,NULL,'',NULL,'',NULL,NULL),(115,'manager','127.0.0.1','0.0.0.0','Chrome 13','Mac OS X','0','退出成功','2024-10-23 20:27:08',NULL,NULL,'',NULL,'',NULL,NULL),(116,'manager','127.0.0.1','0.0.0.0','Chrome 13','Mac OS X','0','登录成功','2024-10-23 20:27:21',NULL,NULL,'',NULL,'',NULL,NULL),(117,'manager','127.0.0.1','0.0.0.0','Chrome 13','Mac OS X','0','退出成功','2024-10-23 21:59:29',NULL,NULL,'',NULL,'',NULL,NULL),(118,'manager','127.0.0.1','0.0.0.0','Chrome 13','Mac OS X','0','登录成功','2024-10-23 21:59:39',NULL,NULL,'',NULL,'',NULL,NULL),(119,'manager','127.0.0.1','0.0.0.0','Chrome 13','Mac OS X','0','登录成功','2024-10-24 16:40:51',NULL,NULL,'',NULL,'',NULL,NULL),(120,'11221519949','127.0.0.1','0.0.0.0','Mobile Safari','Mac OS X (iPhone)','0','登录成功','2024-10-24 18:50:00',NULL,NULL,'',NULL,'',NULL,NULL),(121,'manager','127.0.0.1','0.0.0.0','Chrome 13','Mac OS X','0','退出成功','2024-10-24 18:59:42',NULL,NULL,'',NULL,'',NULL,NULL),(122,'manager','127.0.0.1','0.0.0.0','Chrome 13','Mac OS X','0','登录成功','2024-10-24 19:00:04',NULL,NULL,'',NULL,'',NULL,NULL),(123,'manager','127.0.0.1','0.0.0.0','Chrome 13','Mac OS X','0','登录成功','2024-10-25 14:02:38',NULL,NULL,'',NULL,'',NULL,NULL),(124,'manager','127.0.0.1','0.0.0.0','Chrome 13','Mac OS X','0','登录成功','2024-10-25 14:02:55',NULL,NULL,'',NULL,'',NULL,NULL),(125,'manager','192.168.3.165','0.0.0.0','Chrome 13','Windows 10','0','登录成功','2024-10-25 14:38:11',NULL,NULL,'',NULL,'',NULL,NULL),(126,'11221519949','127.0.0.1','0.0.0.0','Mobile Safari','Mac OS X (iPhone)','0','登录成功','2024-10-25 15:51:18',NULL,NULL,'',NULL,'',NULL,NULL);
/*!40000 ALTER TABLE `sys_login_info` ENABLE KEYS */;
UNLOCK TABLES;

--
-- Table structure for table `sys_menu`
--

DROP TABLE IF EXISTS `sys_menu`;
/*!40101 SET @saved_cs_client     = @@character_set_client */;
/*!50503 SET character_set_client = utf8mb4 */;
CREATE TABLE `sys_menu` (
  `id` int NOT NULL AUTO_INCREMENT COMMENT '菜单ID',
  `menu_name` varchar(50) NOT NULL COMMENT '菜单名称',
  `menu_key` varchar(50) NOT NULL DEFAULT '' COMMENT '菜单标识',
  `component` varchar(50) DEFAULT NULL COMMENT '菜单布局',
  `parent_id` int DEFAULT '0' COMMENT '父菜单ID',
  `target` varchar(20) DEFAULT '' COMMENT '打开方式',
  `order_num` int DEFAULT '0' COMMENT '显示顺序',
  `menu_type` char(1) DEFAULT '' COMMENT '菜单类型（M目录 C菜单 F按钮）',
  `visible` char(1) DEFAULT '0' COMMENT '菜单状态（0显示 1隐藏）',
  `perms` varchar(100) DEFAULT NULL COMMENT '权限标识',
  `icon` varchar(100) DEFAULT '#' COMMENT '菜单图标',
  `path` varchar(255) DEFAULT NULL COMMENT '链接',
  `redirect` varchar(255) DEFAULT NULL COMMENT '重定向',
  `hidden_children` tinyint unsigned DEFAULT NULL COMMENT '强制菜单显示为Item而不是SubItem',
  `hidden_header` tinyint unsigned DEFAULT NULL COMMENT '特殊 隐藏 PageHeader 组件中的页面带的 面包屑和页面标题栏',
  `version` int DEFAULT NULL COMMENT '版本',
  `delete_flag` bit(1) DEFAULT NULL COMMENT '删除标记',
  `create_by` varchar(64) DEFAULT '' COMMENT '创建者',
  `create_time` datetime DEFAULT NULL COMMENT '创建时间',
  `update_by` varchar(64) DEFAULT '' COMMENT '更新者',
  `update_time` datetime DEFAULT NULL COMMENT '更新时间',
  `remark` varchar(500) DEFAULT '' COMMENT '备注',
  `tenant_id` int DEFAULT NULL COMMENT '租户ID',
  PRIMARY KEY (`id`) USING BTREE
) ENGINE=InnoDB AUTO_INCREMENT=541 DEFAULT CHARSET=utf8mb3 ROW_FORMAT=DYNAMIC COMMENT='菜单权限表';
/*!40101 SET character_set_client = @saved_cs_client */;

--
-- Dumping data for table `sys_menu`
--

LOCK TABLES `sys_menu` WRITE;
/*!40000 ALTER TABLE `sys_menu` DISABLE KEYS */;
INSERT INTO `sys_menu` VALUES (1,'工作台','dashboard','PageView',0,'',1,'M','0','','dashboard',NULL,NULL,NULL,NULL,0,_binary '\0','admin','2020-12-16 10:05:23','manager','2022-06-14 23:16:31','驾驶舱目录',1),(90,'系统管理','system','PageView',0,'',96,'M','0','','setting',NULL,NULL,NULL,NULL,0,_binary '\0','admin','2020-12-16 10:05:23','','2020-12-11 17:24:06','系统管理目录',1),(91,'系统监控','monitor','PageView',0,'',97,'M','0','','video-camera',NULL,NULL,NULL,NULL,0,_binary '\0','admin','2020-12-16 10:05:23','',NULL,'系统监控目录',1),(92,'系统工具','tool','PageView',0,'',98,'M','0','','bars',NULL,NULL,NULL,NULL,0,_binary '\0','admin','2020-12-16 10:05:23','',NULL,'系统工具目录',1),(93,'个人帐户','account','PageView',0,'',99,'M','0','','user',NULL,NULL,0,0,0,_binary '\0','admin','2020-12-16 10:05:23','',NULL,'',1),(100,'用户管理','user','system/UserList',90,'',0,'C','0','system:user:view','#',NULL,NULL,NULL,NULL,0,_binary '\0','admin','2020-12-16 10:05:23','','2020-12-11 17:24:39','用户管理菜单',1),(101,'用户查询','',NULL,100,'',1,'F','0','system:user:list','#',NULL,NULL,NULL,NULL,0,_binary '\0','admin','2020-12-16 10:05:23','',NULL,'',1),(102,'用户新增','',NULL,100,'',2,'F','0','system:user:add','#',NULL,NULL,NULL,NULL,0,_binary '\0','admin','2020-12-16 10:05:23','',NULL,'',1),(103,'用户修改','',NULL,100,'',3,'F','0','system:user:edit','#',NULL,NULL,NULL,NULL,0,_binary '\0','admin','2020-12-16 10:05:23','',NULL,'',1),(104,'用户删除','',NULL,100,'',4,'F','0','system:user:remove','#',NULL,NULL,NULL,NULL,0,_binary '\0','admin','2020-12-16 10:05:23','',NULL,'',1),(105,'用户信息','',NULL,100,'',5,'F','0','system:user:info','#',NULL,NULL,NULL,NULL,0,_binary '\0','admin','2020-12-16 10:05:23','',NULL,'',1),(106,'用户类型','',NULL,100,'',6,'F','0','system:user:type','#',NULL,NULL,NULL,NULL,0,_binary '\0','admin','2020-12-16 10:05:23','',NULL,'',1),(107,'重置密码','',NULL,100,'',7,'F','0','system:user:resetPwd','#',NULL,NULL,NULL,NULL,0,_binary '\0','admin','2020-12-16 10:05:23','',NULL,'',1),(110,'角色管理','role','system/RoleList',90,'',2,'C','0','system:role:view','#',NULL,NULL,NULL,NULL,0,_binary '\0','admin','2020-12-16 10:05:23','',NULL,'角色管理菜单',1),(111,'角色查询','',NULL,110,'',1,'F','0','system:role:list','#',NULL,NULL,NULL,NULL,0,_binary '\0','admin','2020-12-16 10:05:23','',NULL,'',1),(112,'角色新增','',NULL,110,'',2,'F','0','system:role:add','#',NULL,NULL,NULL,NULL,0,_binary '\0','admin','2020-12-16 10:05:23','',NULL,'',1),(113,'角色修改','',NULL,110,'',3,'F','0','system:role:edit','#',NULL,NULL,NULL,NULL,0,_binary '\0','admin','2020-12-16 10:05:23','',NULL,'',1),(114,'角色删除','',NULL,110,'',4,'F','0','system:role:remove','#',NULL,NULL,NULL,NULL,0,_binary '\0','admin','2020-12-16 10:05:23','',NULL,'',1),(120,'菜单管理','permission','system/PermissionList',90,'',3,'C','0','system:menu:view','#',NULL,NULL,NULL,NULL,0,_binary '\0','admin','2020-12-16 10:05:23','',NULL,'菜单管理菜单',1),(121,'菜单查询','',NULL,120,'',1,'F','0','system:menu:list','#',NULL,NULL,NULL,NULL,0,_binary '\0','admin','2020-12-16 10:05:23','',NULL,'',1),(122,'菜单新增','',NULL,120,'',2,'F','0','system:menu:add','#',NULL,NULL,NULL,NULL,0,_binary '\0','admin','2020-12-16 10:05:23','',NULL,'',1),(123,'菜单修改','',NULL,120,'',3,'F','0','system:menu:edit','#',NULL,NULL,NULL,NULL,0,_binary '\0','admin','2020-12-16 10:05:23','',NULL,'',1),(124,'菜单删除','',NULL,120,'',4,'F','0','system:menu:remove','#',NULL,NULL,NULL,NULL,0,_binary '\0','admin','2020-12-16 10:05:23','',NULL,'',1),(140,'字典管理','dict','system/DictList',90,'',6,'C','0','system:dict:view','#',NULL,NULL,NULL,NULL,0,_binary '\0','admin','2020-12-16 10:05:23','',NULL,'字典管理菜单',1),(141,'字典查询','',NULL,140,'',1,'F','0','system:dict:list','#',NULL,NULL,NULL,NULL,0,_binary '\0','admin','2020-12-16 10:05:23','',NULL,'',1),(142,'字典新增','',NULL,140,'',2,'F','0','system:dict:add','#',NULL,NULL,NULL,NULL,0,_binary '\0','admin','2020-12-16 10:05:23','',NULL,'',1),(143,'字典修改','',NULL,140,'',3,'F','0','system:dict:edit','#',NULL,NULL,NULL,NULL,0,_binary '\0','admin','2020-12-16 10:05:23','',NULL,'',1),(144,'字典删除','',NULL,140,'',4,'F','0','system:dict:remove','#',NULL,NULL,NULL,NULL,0,_binary '\0','admin','2020-12-16 10:05:23','',NULL,'',1),(145,'字典类型','',NULL,140,'',5,'F','0','system:dict:type','#',NULL,NULL,NULL,NULL,0,_binary '\0','admin','2020-12-16 10:05:23','',NULL,'',1),(150,'参数设置','config','system/ConfigList',90,'',7,'C','0','system:config:view','#',NULL,NULL,NULL,NULL,0,_binary '\0','admin','2020-12-16 10:05:23','',NULL,'参数设置菜单',1),(151,'参数查询','',NULL,150,'',1,'F','0','system:config:list','#',NULL,NULL,NULL,NULL,0,_binary '\0','admin','2020-12-16 10:05:23','',NULL,'',1),(152,'参数新增','',NULL,150,'',2,'F','0','system:config:add','#',NULL,NULL,NULL,NULL,0,_binary '\0','admin','2020-12-16 10:05:23','',NULL,'',1),(153,'参数修改','',NULL,150,'',3,'F','0','system:config:edit','#',NULL,NULL,NULL,NULL,0,_binary '\0','admin','2020-12-16 10:05:23','',NULL,'',1),(154,'参数删除','',NULL,150,'',4,'F','0','system:config:remove','#',NULL,NULL,NULL,NULL,0,_binary '\0','admin','2020-12-16 10:05:23','',NULL,'',1),(160,'通知公告','notice','system/NoticeList',90,'',8,'C','0','system:notice:view','#',NULL,NULL,NULL,NULL,0,_binary '\0','admin','2020-12-16 10:05:23','',NULL,'通知公告菜单',1),(161,'公告查询','',NULL,160,'',1,'F','0','system:notice:list','#',NULL,NULL,NULL,NULL,0,_binary '\0','admin','2020-12-16 10:05:23','',NULL,'',1),(162,'公告新增','',NULL,160,'',2,'F','0','system:notice:add','#',NULL,NULL,NULL,NULL,0,_binary '\0','admin','2020-12-16 10:05:23','',NULL,'',1),(163,'公告修改','',NULL,160,'',3,'F','0','system:notice:edit','#',NULL,NULL,NULL,NULL,0,_binary '\0','admin','2020-12-16 10:05:23','',NULL,'',1),(164,'公告删除','',NULL,160,'',4,'F','0','system:notice:remove','#',NULL,NULL,NULL,NULL,0,_binary '\0','admin','2020-12-16 10:05:23','',NULL,'',1),(170,'在线用户','online','monitor/OnlineList',91,'',1,'C','0','monitor:online:view','#',NULL,NULL,NULL,NULL,0,_binary '\0','admin','2020-12-16 10:05:23','',NULL,'在线用户菜单',1),(171,'在线查询','',NULL,170,'',1,'F','0','monitor:online:list','#',NULL,NULL,NULL,NULL,0,_binary '\0','admin','2020-12-16 10:05:23','',NULL,'',1),(172,'单条强退','',NULL,170,'',3,'F','0','monitor:online:forceLogout','#',NULL,NULL,NULL,NULL,0,_binary '\0','admin','2020-12-16 10:05:23','',NULL,'',1),(173,'批量强退','',NULL,170,'',2,'F','0','monitor:online:batchForceLogout','#',NULL,NULL,NULL,NULL,0,_binary '\0','admin','2020-12-16 10:05:23','',NULL,'',1),(180,'定时任务','job','monitor/JobList',91,'',2,'C','0','monitor:job:view','#',NULL,NULL,NULL,NULL,0,_binary '\0','admin','2020-12-16 10:05:23','',NULL,'定时任务菜单',1),(181,'任务查询','',NULL,180,'',1,'F','0','monitor:job:list','#',NULL,NULL,NULL,NULL,0,_binary '\0','admin','2020-12-16 10:05:23','',NULL,'',1),(182,'任务新增','',NULL,180,'',2,'F','0','monitor:job:add','#',NULL,NULL,NULL,NULL,0,_binary '\0','admin','2020-12-16 10:05:23','',NULL,'',1),(183,'任务修改','',NULL,180,'',3,'F','0','monitor:job:edit','#',NULL,NULL,NULL,NULL,0,_binary '\0','admin','2020-12-16 10:05:23','',NULL,'',1),(184,'任务删除','',NULL,180,'',4,'F','0','monitor:job:remove','#',NULL,NULL,NULL,NULL,0,_binary '\0','admin','2020-12-16 10:05:23','',NULL,'',1),(185,'状态修改','',NULL,180,'',5,'F','0','monitor:job:changeStatus','#',NULL,NULL,NULL,NULL,0,_binary '\0','admin','2020-12-16 10:05:23','',NULL,'',1),(186,'任务详细','',NULL,180,'',6,'F','0','monitor:job:detail','#',NULL,NULL,NULL,NULL,0,_binary '\0','admin','2020-12-16 10:05:23','',NULL,'',1),(187,'任务导出','',NULL,180,'',7,'F','0','monitor:job:export','#',NULL,NULL,NULL,NULL,0,_binary '\0','admin','2020-12-16 10:05:23','',NULL,'',1),(190,'代码生成','gen','gen/GenList',92,'',2,'C','0','tool:gen:view','#',NULL,NULL,NULL,NULL,0,_binary '\0','admin','2020-12-16 10:05:23','',NULL,'代码生成菜单',1),(191,'生成查询','',NULL,190,'',1,'F','0','tool:gen:list','#',NULL,NULL,NULL,NULL,0,_binary '\0','admin','2020-12-16 10:05:23','',NULL,'',1),(192,'生成代码','',NULL,190,'',2,'F','0','tool:gen:code','#',NULL,NULL,NULL,NULL,0,_binary '\0','admin','2020-12-16 10:05:23','',NULL,'',1),(193,'生成配置','genEdit','gen/GenEdit',92,'',1,'M','1','tool:gen:edit','#',NULL,NULL,0,NULL,0,_binary '\0','admin','2020-12-16 10:05:23','',NULL,'',1),(194,'表单构建','',NULL,92,'',1,'C','0','tool:build:view','#',NULL,NULL,NULL,NULL,0,_binary '\0','admin','2020-12-16 10:05:23','','2020-12-15 17:17:41','',1),(195,'代码删除','',NULL,190,'',3,'F','0','tool:gen:remove','#',NULL,NULL,NULL,NULL,0,_binary '\0','admin','2020-12-16 10:05:23','','2020-12-15 17:17:30','',1),(196,'预览代码','',NULL,190,'',4,'F','0','tool:gen:preview','#',NULL,NULL,NULL,NULL,0,_binary '\0','admin','2020-12-16 10:05:23','','2020-12-15 17:17:20','',1),(200,'文件管理','oss','system/OssList',90,'',9,'C','0','system:oss:view','#',NULL,NULL,NULL,NULL,0,_binary '\0','admin','2020-12-16 10:05:23','','2020-12-11 17:24:50','',1),(201,'文件列表','',NULL,200,'',1,'F','0','system:oss:list','#',NULL,NULL,NULL,NULL,0,_binary '\0','admin','2020-12-16 10:05:23','',NULL,'',1),(202,'文件上传','',NULL,200,'',2,'F','0','system:oss:add','#',NULL,NULL,NULL,NULL,0,_binary '\0','admin','2020-12-16 10:05:23','',NULL,'',1),(203,'文件修改','',NULL,200,'',3,'F','0','system:oss:edit','#',NULL,NULL,NULL,NULL,0,_binary '\0','admin','2020-12-16 10:05:23','',NULL,'',1),(204,'文件删除','',NULL,200,'',4,'F','0','system:oss:remove','#',NULL,NULL,NULL,NULL,0,_binary '\0','admin','2020-12-16 10:05:23','',NULL,'',1),(205,'文件配置','',NULL,200,'',5,'F','0','system:oss:config','#',NULL,NULL,NULL,NULL,0,_binary '\0','admin','2020-12-16 10:05:23','',NULL,'',1),(210,'操作日志','oper','monitor/OperLogList',91,'',3,'C','0','monitor:operlog:view','#',NULL,NULL,NULL,NULL,0,_binary '\0','admin','2020-12-16 10:05:23','',NULL,'操作日志菜单',1),(211,'操作查询','',NULL,210,'',1,'F','0','monitor:operlog:list','#',NULL,NULL,NULL,NULL,0,_binary '\0','admin','2020-12-16 10:05:23','',NULL,'',1),(212,'操作删除','',NULL,210,'',2,'F','0','monitor:operlog:remove','#',NULL,NULL,NULL,NULL,0,_binary '\0','admin','2020-12-16 10:05:23','',NULL,'',1),(213,'操作信息','',NULL,210,'',3,'F','0','monitor:operlog:detail','#',NULL,NULL,NULL,NULL,0,_binary '\0','admin','2020-12-16 10:05:23','',NULL,'',1),(214,'操作导出','',NULL,210,'',4,'F','0','monitor:operlog:export','#',NULL,NULL,NULL,NULL,0,_binary '\0','admin','2020-12-16 10:05:23','',NULL,'',1),(220,'登录日志','loginLog','monitor/LoginLogList',91,'',4,'C','0','monitor:loginInfo:view','#',NULL,NULL,NULL,NULL,0,_binary '\0','admin','2020-12-16 10:05:23','',NULL,'登录日志菜单',1),(221,'登录查询','',NULL,220,'',1,'F','0','monitor:logininfo:list','#',NULL,NULL,NULL,NULL,0,_binary '\0','admin','2020-12-16 10:05:23','',NULL,'',1),(222,'登录删除','',NULL,220,'',2,'F','0','monitor:logininfo:remove','#',NULL,NULL,NULL,NULL,0,_binary '\0','admin','2020-12-16 10:05:23','',NULL,'',1),(223,'登录清除','',NULL,220,'',3,'F','0','monitor:logininfo:clean','#',NULL,NULL,NULL,NULL,0,_binary '\0','admin','2020-12-16 10:05:23','',NULL,'',1),(230,'地区管理','dist','system/DistList',90,'',1,'C','0','system:districts:view','#',NULL,NULL,NULL,NULL,0,_binary '\0','admin','2020-12-16 10:05:23','',NULL,'地区菜单',1),(231,'地区查询','',NULL,230,'',1,'F','0','system:districts:list','#',NULL,NULL,NULL,NULL,0,_binary '\0','admin','2020-12-16 10:05:23','',NULL,'',1),(232,'地区新增','',NULL,230,'',2,'F','0','system:districts:add','#',NULL,NULL,NULL,NULL,0,_binary '\0','admin','2020-12-16 10:05:23','',NULL,'',1),(233,'地区修改','',NULL,230,'',3,'F','0','system:districts:edit','#',NULL,NULL,NULL,NULL,0,_binary '\0','admin','2020-12-16 10:05:23','',NULL,'',1),(234,'地区删除','',NULL,230,'',4,'F','0','system:districts:remove','#',NULL,NULL,NULL,NULL,0,_binary '\0','admin','2020-12-16 10:05:23','',NULL,'',1),(240,'个人中心','center','account/center/Index',93,'',1,'C','0','system:account:center','#',NULL,NULL,0,0,0,_binary '\0','admin','2020-12-16 10:05:23','admin','2021-03-31 17:41:16','',1),(241,'个人设置','settings','account/settings/Index',93,'',2,'C','0','','#',NULL,'/account/settings/base',1,0,0,_binary '\0','admin','2020-12-16 10:05:23','',NULL,'',1),(242,'基本设置','base','account/settings/BaseSetting',241,'',1,'M','0',NULL,'#',NULL,NULL,0,0,0,_binary '\0','admin','2020-12-16 10:05:23','',NULL,'',1),(243,'资料更新','',NULL,242,'',1,'F','0','system:profile:update','#',NULL,NULL,NULL,NULL,0,_binary '\0','admin','2020-12-16 10:05:23','',NULL,'',1),(244,'头像更新','',NULL,242,'',0,'F','0','system:profile:avatar','#',NULL,NULL,NULL,NULL,0,_binary '\0','admin','2020-12-16 10:05:23','',NULL,'',1),(245,'用户信息','',NULL,242,'',1,'F','0','system:user:info','#',NULL,NULL,NULL,NULL,0,_binary '\0','admin','2020-12-16 10:05:23','',NULL,'',1),(246,'用户菜单','',NULL,242,'',1,'F','0','system:menu:user','#',NULL,NULL,NULL,NULL,NULL,NULL,'',NULL,'',NULL,'',NULL),(250,'安全设置','security','account/settings/Security',241,'',2,'M','0',NULL,'#',NULL,NULL,0,0,0,_binary '\0','admin','2020-12-16 10:05:23','',NULL,'',1),(251,'密码修改','',NULL,250,'',0,'F','0','system:profile:password','#',NULL,NULL,NULL,NULL,0,_binary '\0','admin','2020-12-16 10:05:23','',NULL,'',1),(252,'手机绑定','',NULL,250,'',0,'F','0','system:profile:binding','#',NULL,NULL,NULL,NULL,0,_binary '\0','admin','2020-12-16 10:05:23','',NULL,'',1),(253,'登出系统','',NULL,250,'',0,'F','0','system:auth:logout','#',NULL,NULL,NULL,NULL,0,_binary '\0','admin','2020-12-16 10:05:23','',NULL,'',1),(254,'工作台','analysis','dashboard/Analysis',1,'',1,'C','0','system:dashboard:analysis','fund',NULL,NULL,NULL,NULL,0,_binary '\0','admin','2020-12-16 10:05:23','manager','2024-10-21 15:45:04','',1),(260,'个性化设置','custom','account/settings/Custom',241,'',3,'M','0',NULL,'#',NULL,NULL,0,0,0,_binary '\0','admin','2020-12-16 10:05:23','',NULL,'',1),(270,'账户绑定','binding','account/settings/Binding',241,'',4,'M','0',NULL,'#',NULL,NULL,0,0,0,_binary '\0','admin','2020-12-16 10:05:23','',NULL,'',1),(280,'新消息通知','notification','account/settings/Notification',241,'',5,'M','0',NULL,'#',NULL,NULL,0,0,0,_binary '\0','admin','2020-12-16 10:05:23','',NULL,'',1),(308,'本地文件上传','localFileUpload',NULL,200,'',1,'F','1','system:file:upload','#',NULL,NULL,0,0,NULL,NULL,'admin','2021-03-18 18:24:39','',NULL,'',NULL),(316,'党建园地','admin/dj','PageView',0,'',8,'M','0','','flag',NULL,NULL,0,0,NULL,NULL,'admin','2021-03-23 11:16:06','admin','2021-04-12 16:24:28','',NULL),(317,'政策信息','admin/policy','PageView',0,'',7,'M','0','','notification',NULL,NULL,0,0,NULL,NULL,'admin','2021-03-23 11:17:59','admin','2021-04-12 16:24:16','',NULL),(318,'党建banner','djBanner','admin/DjBannerList',316,'',1,'C','0','admin:djBanner:view','#',NULL,NULL,NULL,NULL,NULL,NULL,'admin','2021-03-23 14:10:36','ry','2021-03-23 14:10:36','党建banner菜单',NULL),(319,'党建banner查询','',NULL,318,'',1,'F','0','admin:djBanner:list','#',NULL,NULL,NULL,NULL,NULL,NULL,'admin','2021-03-23 14:10:36','ry','2021-03-23 14:10:36','',NULL),(320,'党建banner新增','',NULL,318,'',2,'F','0','admin:djBanner:add','#',NULL,NULL,NULL,NULL,NULL,NULL,'admin','2021-03-23 14:10:36','ry','2021-03-23 14:10:36','',NULL),(321,'党建banner修改','',NULL,318,'',3,'F','0','admin:djBanner:edit','#',NULL,NULL,NULL,NULL,NULL,NULL,'admin','2021-03-23 14:10:36','ry','2021-03-23 14:10:36','',NULL),(322,'党建banner删除','',NULL,318,'',4,'F','0','admin:djBanner:remove','#',NULL,NULL,NULL,NULL,NULL,NULL,'admin','2021-03-23 14:10:36','ry','2021-03-23 14:10:36','',NULL),(323,'党建管理','dj','admin/DjList',316,'',3,'C','0','admin:dj:view','#',NULL,NULL,NULL,NULL,NULL,NULL,'admin','2021-03-23 11:58:28','admin','2021-03-23 14:52:14','党建管理菜单',NULL),(324,'党建管理查询','',NULL,323,'',1,'F','0','admin:dj:list','#',NULL,NULL,NULL,NULL,NULL,NULL,'admin','2021-03-23 11:58:28','ry','2021-03-23 11:58:28','',NULL),(325,'党建管理新增','',NULL,323,'',2,'F','0','admin:dj:add','#',NULL,NULL,NULL,NULL,NULL,NULL,'admin','2021-03-23 11:58:28','ry','2021-03-23 11:58:28','',NULL),(326,'党建管理修改','',NULL,323,'',3,'F','0','admin:dj:edit','#',NULL,NULL,NULL,NULL,NULL,NULL,'admin','2021-03-23 11:58:28','ry','2021-03-23 11:58:28','',NULL),(327,'党建管理删除','',NULL,323,'',4,'F','0','admin:dj:remove','#',NULL,NULL,NULL,NULL,NULL,NULL,'admin','2021-03-23 11:58:28','ry','2021-03-23 11:58:28','',NULL),(328,'banner编辑','bannerEdit','admin/DjBannerEdit',316,'',2,'M','1','admin:djBanner:edit','#',NULL,NULL,0,0,NULL,NULL,'admin','2021-03-23 14:52:02','admin','2021-03-23 16:44:25','',NULL),(329,'党建编辑','djEdit','admin/DjEdit',316,'',4,'M','1','admin:dj:edit','#',NULL,NULL,0,0,NULL,NULL,'admin','2021-03-23 14:52:50','admin','2021-03-23 16:44:31','',NULL),(330,'园区管理','admin/park','PageView',0,'',3,'M','0','','global',NULL,NULL,0,0,NULL,NULL,'admin','2021-03-23 15:03:06','manager','2024-10-21 15:45:38','',NULL),(331,'政策管理','policy','admin/PolicyList',317,'',3,'C','0','admin:policy:view','#',NULL,NULL,NULL,NULL,NULL,NULL,'admin','2021-03-23 15:16:52','admin','2021-03-23 15:37:48','政策管理菜单',NULL),(332,'政策管理查询','',NULL,331,'',1,'F','0','admin:policy:list','#',NULL,NULL,NULL,NULL,NULL,NULL,'admin','2021-03-23 15:16:52','ry','2021-03-23 15:16:52','',NULL),(333,'政策管理新增','',NULL,331,'',2,'F','0','admin:policy:add','#',NULL,NULL,NULL,NULL,NULL,NULL,'admin','2021-03-23 15:16:52','ry','2021-03-23 15:16:52','',NULL),(334,'政策管理修改','',NULL,331,'',3,'F','0','admin:policy:edit','#',NULL,NULL,NULL,NULL,NULL,NULL,'admin','2021-03-23 15:16:52','ry','2021-03-23 15:16:52','',NULL),(335,'政策管理删除','',NULL,331,'',4,'F','0','admin:policy:remove','#',NULL,NULL,NULL,NULL,NULL,NULL,'admin','2021-03-23 15:16:52','ry','2021-03-23 15:16:52','',NULL),(336,'园区列表','parkList','admin/ParkList',330,'',2,'C','0','admin:park:view','profile',NULL,NULL,NULL,NULL,NULL,NULL,'admin','2021-03-23 15:03:37','manager','2024-10-21 15:45:49','园区管理菜单',NULL),(337,'园区管理查询','',NULL,336,'',1,'F','0','admin:park:list','#',NULL,NULL,NULL,NULL,NULL,NULL,'admin','2021-03-23 15:03:37','ry','2021-03-23 15:03:37','',NULL),(338,'园区管理新增','',NULL,336,'',2,'F','0','admin:park:add','#',NULL,NULL,NULL,NULL,NULL,NULL,'admin','2021-03-23 15:03:37','ry','2021-03-23 15:03:37','',NULL),(339,'园区管理修改','',NULL,336,'',3,'F','0','admin:park:edit','#',NULL,NULL,NULL,NULL,NULL,NULL,'admin','2021-03-23 15:03:37','ry','2021-03-23 15:03:37','',NULL),(340,'园区管理删除','',NULL,336,'',4,'F','0','admin:park:remove','#',NULL,NULL,NULL,NULL,NULL,NULL,'admin','2021-03-23 15:03:37','ry','2021-03-23 15:03:37','',NULL),(341,'政策banner','policyBanner','admin/PolicyBannerList',317,'',1,'C','0','admin:policyBanner:view','#',NULL,NULL,NULL,NULL,NULL,NULL,'admin','2021-03-23 15:22:19','ry','2021-03-23 15:22:19','政策banner菜单',NULL),(342,'政策banner查询','',NULL,341,'',1,'F','0','admin:policyBanner:list','#',NULL,NULL,NULL,NULL,NULL,NULL,'admin','2021-03-23 15:22:19','ry','2021-03-23 15:22:19','',NULL),(343,'政策banner新增','',NULL,341,'',2,'F','0','admin:policyBanner:add','#',NULL,NULL,NULL,NULL,NULL,NULL,'admin','2021-03-23 15:22:19','ry','2021-03-23 15:22:19','',NULL),(344,'政策banner修改','',NULL,341,'',3,'F','0','admin:policyBanner:edit','#',NULL,NULL,NULL,NULL,NULL,NULL,'admin','2021-03-23 15:22:19','ry','2021-03-23 15:22:19','',NULL),(345,'政策banner删除','',NULL,341,'',4,'F','0','admin:policyBanner:remove','#',NULL,NULL,NULL,NULL,NULL,NULL,'admin','2021-03-23 15:22:19','ry','2021-03-23 15:22:19','',NULL),(346,'政策banner编辑','policyBannerEdit','admin/PolicyBannerEdit',317,'',2,'M','1','admin:policyBanner:edit','#',NULL,NULL,0,0,NULL,NULL,'admin','2021-03-23 15:37:31','',NULL,'',NULL),(347,'政策信息编辑','policyEdit','admin/PolicyEdit',317,'',4,'M','1','admin:policy:edit','#',NULL,NULL,0,0,NULL,NULL,'admin','2021-03-23 15:38:14','',NULL,'',NULL),(349,'地区树形查询','districtsTree',NULL,230,'',1,'F','1','system:districts:tree','#',NULL,NULL,0,0,NULL,NULL,'admin','2021-03-23 16:20:05','',NULL,'',NULL),(350,'招商中心','merchants','PageView',0,'',9,'M','0','','team',NULL,NULL,0,0,NULL,NULL,'admin','2021-03-23 18:10:22','admin','2021-04-12 16:24:39','',NULL),(351,'线索跟进','clueInvestigationManagement','admin/ClueInvestigationManagementList',350,'',3,'C','0','admin:investigation:view','#',NULL,NULL,NULL,NULL,NULL,NULL,'admin','2021-03-23 18:27:36','admin','2021-03-24 09:41:47','线索跟进菜单',NULL),(352,'线索跟进查询','',NULL,351,'',1,'F','0','admin:investigation:list','#',NULL,NULL,NULL,NULL,NULL,NULL,'admin','2021-03-23 18:27:36','ry','2021-03-23 18:27:36','',NULL),(353,'线索跟进新增','',NULL,351,'',2,'F','0','admin:investigation:add','#',NULL,NULL,NULL,NULL,NULL,NULL,'admin','2021-03-23 18:27:36','ry','2021-03-23 18:27:36','',NULL),(354,'线索跟进修改','',NULL,351,'',3,'F','0','admin:investigation:edit','#',NULL,NULL,NULL,NULL,NULL,NULL,'admin','2021-03-23 18:27:36','ry','2021-03-23 18:27:36','',NULL),(355,'线索跟进删除','',NULL,351,'',4,'F','0','admin:investigation:remove','#',NULL,NULL,NULL,NULL,NULL,NULL,'admin','2021-03-23 18:27:36','ry','2021-03-23 18:27:36','',NULL),(356,'线索管理','clue','admin/ClueList',350,'',1,'C','0','admin:clue:view','#',NULL,NULL,NULL,NULL,NULL,NULL,'admin','2021-03-23 18:15:18','admin','2021-03-23 18:31:40','线索管理菜单',NULL),(357,'线索管理查询','',NULL,356,'',1,'F','0','admin:clue:list','#',NULL,NULL,NULL,NULL,NULL,NULL,'admin','2021-03-23 18:15:18','ry','2021-03-23 18:15:18','',NULL),(358,'线索管理新增','',NULL,356,'',2,'F','0','admin:clue:add','#',NULL,NULL,NULL,NULL,NULL,NULL,'admin','2021-03-23 18:15:18','ry','2021-03-23 18:15:18','',NULL),(359,'线索管理修改','',NULL,356,'',3,'F','0','admin:clue:edit','#',NULL,NULL,NULL,NULL,NULL,NULL,'admin','2021-03-23 18:15:18','ry','2021-03-23 18:15:18','',NULL),(360,'线索管理删除','',NULL,356,'',4,'F','0','admin:clue:remove','#',NULL,NULL,NULL,NULL,NULL,NULL,'admin','2021-03-23 18:15:18','ry','2021-03-23 18:15:18','',NULL),(361,'线索编辑','ClueEdit','admin/ClueEdit',350,'',2,'M','1','admin:clue:view','#',NULL,NULL,0,0,NULL,NULL,'admin','2021-03-23 18:32:55','',NULL,'',NULL),(362,'线索详情','ClueView','admin/ClueView',350,'',2,'M','1','admin:clue:view','#',NULL,NULL,0,0,NULL,NULL,'admin','2021-03-23 18:33:26','',NULL,'',NULL),(363,'线索分派','clueAssignment','admin/ClueAssignmentList',350,'',4,'C','0','admin:clue:view','#',NULL,NULL,0,0,NULL,NULL,'admin','2021-03-24 09:21:30','',NULL,'',NULL),(366,'我的线索','clueMy','admin/ClueMyList',350,'',6,'C','0','admin:investigation:view','#',NULL,NULL,0,0,NULL,NULL,'admin','2021-03-24 09:26:00','',NULL,'',NULL),(367,'楼宇管理','building','admin/BuildingList',330,'',3,'C','0','admin:building:view','cluster',NULL,NULL,NULL,NULL,NULL,NULL,'admin','2021-03-24 11:19:47','manager','2024-10-21 15:46:07','楼宇管理菜单',NULL),(368,'楼宇管理查询','',NULL,367,'',1,'F','0','admin:building:list','#',NULL,NULL,NULL,NULL,NULL,NULL,'admin','2021-03-24 11:19:47','ry','2021-03-24 11:19:47','',NULL),(369,'楼宇管理新增','',NULL,367,'',2,'F','0','admin:building:add','#',NULL,NULL,NULL,NULL,NULL,NULL,'admin','2021-03-24 11:19:47','ry','2021-03-24 11:19:47','',NULL),(370,'楼宇管理修改','',NULL,367,'',3,'F','0','admin:building:edit','#',NULL,NULL,NULL,NULL,NULL,NULL,'admin','2021-03-24 11:19:47','ry','2021-03-24 11:19:47','',NULL),(371,'楼宇管理删除','',NULL,367,'',4,'F','0','admin:building:remove','#',NULL,NULL,NULL,NULL,NULL,NULL,'admin','2021-03-24 11:19:47','ry','2021-03-24 11:19:47','',NULL),(372,'楼层管理','detail','admin/BuildingDetailList',330,'',4,'C','1','admin:buildingDetail:view','#',NULL,NULL,NULL,NULL,NULL,NULL,'admin','2021-03-24 11:40:48','libai','2021-03-24 15:01:28','楼层管理菜单',NULL),(373,'楼层管理查询','',NULL,372,'',1,'F','0','admin:buildingDetail:list','#',NULL,NULL,NULL,NULL,NULL,NULL,'admin','2021-03-24 11:40:48','ry','2021-03-24 11:40:48','',NULL),(374,'楼层管理新增','',NULL,372,'',2,'F','0','admin:buildingDetail:add','#',NULL,NULL,NULL,NULL,NULL,NULL,'admin','2021-03-24 11:40:48','ry','2021-03-24 11:40:48','',NULL),(375,'楼层管理修改','',NULL,372,'',3,'F','0','admin:buildingDetail:edit','#',NULL,NULL,NULL,NULL,NULL,NULL,'admin','2021-03-24 11:40:48','ry','2021-03-24 11:40:48','',NULL),(376,'楼层管理删除','',NULL,372,'',4,'F','0','admin:buildingDetail:remove','#',NULL,NULL,NULL,NULL,NULL,NULL,'admin','2021-03-24 11:40:48','ry','2021-03-24 11:40:48','',NULL),(377,'资产管理','admin/fund','PageView',0,'',6,'M','0','','bank',NULL,NULL,0,0,NULL,NULL,'admin','2021-03-24 14:51:14','admin','2021-04-12 16:24:02','',NULL),(378,'费项配置管理','ExpenseSettings','admin/ExpenseSettingsList',377,'',1,'C','0','admin:ExpenseSettings:view','#',NULL,NULL,NULL,NULL,NULL,NULL,'admin','2021-03-24 14:57:27','ry','2021-03-24 14:57:27','费项配置菜单',NULL),(379,'费项配置查询','',NULL,378,'',1,'F','0','admin:ExpenseSettings:list','#',NULL,NULL,NULL,NULL,NULL,NULL,'admin','2021-03-24 14:57:27','ry','2021-03-24 14:57:27','',NULL),(380,'费项配置新增','',NULL,378,'',2,'F','0','admin:ExpenseSettings:add','#',NULL,NULL,NULL,NULL,NULL,NULL,'admin','2021-03-24 14:57:27','ry','2021-03-24 14:57:27','',NULL),(381,'费项配置修改','',NULL,378,'',3,'F','0','admin:ExpenseSettings:edit','#',NULL,NULL,NULL,NULL,NULL,NULL,'admin','2021-03-24 14:57:27','ry','2021-03-24 14:57:27','',NULL),(382,'费项配置删除','',NULL,378,'',4,'F','0','admin:ExpenseSettings:remove','#',NULL,NULL,NULL,NULL,NULL,NULL,'admin','2021-03-24 14:57:27','ry','2021-03-24 14:57:27','',NULL),(383,'社群活动','admin/activity','PageView',0,'',10,'M','0','','team',NULL,NULL,0,0,NULL,NULL,'admin','2021-03-24 15:36:07','admin','2021-04-12 16:24:47','',NULL),(395,'房间管理','room','admin/RoomList',330,'',5,'C','0','admin:room:view','home',NULL,NULL,NULL,NULL,NULL,NULL,'admin','2021-03-24 16:34:28','manager','2024-10-21 15:46:27','房间管理菜单',NULL),(396,'房间管理查询','',NULL,395,'',1,'F','0','admin:room:list','#',NULL,NULL,NULL,NULL,NULL,NULL,'admin','2021-03-24 16:34:28','ry','2021-03-24 16:34:28','',NULL),(397,'房间管理新增','',NULL,395,'',2,'F','0','admin:room:add','#',NULL,NULL,NULL,NULL,NULL,NULL,'admin','2021-03-24 16:34:28','ry','2021-03-24 16:34:28','',NULL),(398,'房间管理修改','',NULL,395,'',3,'F','0','admin:room:edit','#',NULL,NULL,NULL,NULL,NULL,NULL,'admin','2021-03-24 16:34:28','ry','2021-03-24 16:34:28','',NULL),(399,'房间管理删除','',NULL,395,'',4,'F','0','admin:room:remove','#',NULL,NULL,NULL,NULL,NULL,NULL,'admin','2021-03-24 16:34:28','ry','2021-03-24 16:34:28','',NULL),(400,'房间编辑	','roomEdit','admin/RoomEdit',330,'',1,'M','1',NULL,'#',NULL,NULL,0,0,NULL,NULL,'admin','2021-03-24 17:17:26','',NULL,'',NULL),(406,'活动编辑','activityEdit','admin/ActivityEdit',383,'',2,'M','1','admin:activity:edit','#',NULL,NULL,0,0,NULL,NULL,'admin','2021-03-25 11:10:30','',NULL,'',NULL),(407,'活动管理','activity','admin/ActivityList',383,'',1,'C','0','admin:activity:view','#',NULL,NULL,NULL,NULL,NULL,NULL,'admin','2021-03-25 11:20:24','ry','2021-03-25 11:20:24','活动管理菜单',NULL),(408,'活动管理查询','',NULL,407,'',1,'F','0','admin:activity:list','#',NULL,NULL,NULL,NULL,NULL,NULL,'admin','2021-03-25 11:20:24','ry','2021-03-25 11:20:24','',NULL),(409,'活动管理新增','',NULL,407,'',2,'F','0','admin:activity:add','#',NULL,NULL,NULL,NULL,NULL,NULL,'admin','2021-03-25 11:20:24','ry','2021-03-25 11:20:24','',NULL),(410,'活动管理修改','',NULL,407,'',3,'F','0','admin:activity:edit','#',NULL,NULL,NULL,NULL,NULL,NULL,'admin','2021-03-25 11:20:24','ry','2021-03-25 11:20:24','',NULL),(411,'活动管理删除','',NULL,407,'',4,'F','0','admin:activity:remove','#',NULL,NULL,NULL,NULL,NULL,NULL,'admin','2021-03-25 11:20:24','ry','2021-03-25 11:20:24','',NULL),(412,'报修服务','admin/repair','PageView',0,'',11,'M','0','','tool',NULL,NULL,0,0,NULL,NULL,'admin','2021-03-25 15:55:06','admin','2021-04-12 16:24:59','',NULL),(413,'工单详情','repairView','admin/RepairView',412,'',2,'M','1','admin:repair:edit','#',NULL,NULL,0,0,NULL,NULL,'admin','2021-03-25 15:55:47','',NULL,'',NULL),(414,'工单管理','repair','admin/RepairList',412,'',1,'C','0','admin:repair:view','#',NULL,NULL,NULL,NULL,NULL,NULL,'admin','2021-03-25 15:51:43','ry','2021-03-25 15:51:43','工单管理菜单',NULL),(415,'工单管理查询','',NULL,414,'',1,'F','0','admin:repair:list','#',NULL,NULL,NULL,NULL,NULL,NULL,'admin','2021-03-25 15:51:43','ry','2021-03-25 15:51:43','',NULL),(416,'工单管理新增','',NULL,414,'',2,'F','0','admin:repair:add','#',NULL,NULL,NULL,NULL,NULL,NULL,'admin','2021-03-25 15:51:43','ry','2021-03-25 15:51:43','',NULL),(417,'工单管理修改','',NULL,414,'',3,'F','0','admin:repair:edit','#',NULL,NULL,NULL,NULL,NULL,NULL,'admin','2021-03-25 15:51:43','ry','2021-03-25 15:51:43','',NULL),(418,'工单管理删除','',NULL,414,'',4,'F','0','admin:repair:remove','#',NULL,NULL,NULL,NULL,NULL,NULL,'admin','2021-03-25 15:51:43','ry','2021-03-25 15:51:43','',NULL),(419,'企业服务','admin/service','PageView',0,'',5,'M','0','','appstore',NULL,NULL,0,0,NULL,NULL,'admin','2021-03-25 17:31:17','admin','2021-04-12 16:23:53','',NULL),(420,'banner管理','ServiceBanner','admin/ServiceBannerList',419,'',4,'C','0','admin:ServiceBanner:view','#',NULL,NULL,NULL,NULL,NULL,NULL,'admin','2021-03-25 17:35:31','admin','2021-03-26 15:29:42','企业服务-banner管理菜单',NULL),(421,'企业服务-banner管理查询','',NULL,420,'',1,'F','0','admin:ServiceBanner:list','#',NULL,NULL,NULL,NULL,NULL,NULL,'admin','2021-03-25 17:35:31','ry','2021-03-25 17:35:31','',NULL),(422,'企业服务-banner管理新增','',NULL,420,'',2,'F','0','admin:ServiceBanner:add','#',NULL,NULL,NULL,NULL,NULL,NULL,'admin','2021-03-25 17:35:31','ry','2021-03-25 17:35:31','',NULL),(423,'企业服务-banner管理修改','',NULL,420,'',3,'F','0','admin:ServiceBanner:edit','#',NULL,NULL,NULL,NULL,NULL,NULL,'admin','2021-03-25 17:35:31','ry','2021-03-25 17:35:31','',NULL),(424,'企业服务-banner管理删除','',NULL,420,'',4,'F','0','admin:ServiceBanner:remove','#',NULL,NULL,NULL,NULL,NULL,NULL,'admin','2021-03-25 17:35:31','ry','2021-03-25 17:35:31','',NULL),(425,'banner编辑','serviceBannerEdit','admin/ServiceBannerEdit',419,'',2,'M','1','admin:ServiceBanner:edit','#',NULL,NULL,0,0,NULL,NULL,'admin','2021-03-25 17:44:46','',NULL,'',NULL),(426,'菜单编辑','serviceMenuEdit','admin/ServiceMenuEdit',419,'',4,'M','1','admin:ServiceMenu:edit','#',NULL,NULL,0,0,NULL,NULL,'admin','2021-03-25 18:07:57','admin','2021-04-07 16:20:18','',NULL),(427,'菜单管理','ServiceMenu','admin/ServiceMenuList',419,'',3,'C','0','admin:ServiceMenu:view','#',NULL,NULL,NULL,NULL,NULL,NULL,'admin','2021-03-25 18:09:18','admin','2021-03-26 15:29:23','菜单管理菜单',NULL),(428,'菜单管理查询','',NULL,427,'',1,'F','0','admin:ServiceMenu:list','#',NULL,NULL,NULL,NULL,NULL,NULL,'admin','2021-03-25 18:09:18','ry','2021-03-25 18:09:18','',NULL),(429,'菜单管理新增','',NULL,427,'',2,'F','0','admin:ServiceMenu:add','#',NULL,NULL,NULL,NULL,NULL,NULL,'admin','2021-03-25 18:09:18','ry','2021-03-25 18:09:18','',NULL),(430,'菜单管理修改','',NULL,427,'',3,'F','0','admin:ServiceMenu:edit','#',NULL,NULL,NULL,NULL,NULL,NULL,'admin','2021-03-25 18:09:18','ry','2021-03-25 18:09:18','',NULL),(431,'菜单管理删除','',NULL,427,'',4,'F','0','admin:ServiceMenu:remove','#',NULL,NULL,NULL,NULL,NULL,NULL,'admin','2021-03-25 18:09:18','ry','2021-03-25 18:09:18','',NULL),(432,'订单管理','ServiceOrder','admin/ServiceOrderList',419,'',6,'C','0','admin:ServiceOrder:view','#',NULL,NULL,NULL,NULL,NULL,NULL,'admin','2021-03-26 14:01:35','admin','2021-03-26 15:30:29','服务订单菜单',NULL),(433,'服务订单查询','',NULL,432,'',1,'F','0','admin:ServiceOrder:list','#',NULL,NULL,NULL,NULL,NULL,NULL,'admin','2021-03-26 14:01:35','ry','2021-03-26 14:01:35','',NULL),(434,'服务订单新增','',NULL,432,'',2,'F','0','admin:ServiceOrder:add','#',NULL,NULL,NULL,NULL,NULL,NULL,'admin','2021-03-26 14:01:35','ry','2021-03-26 14:01:35','',NULL),(435,'服务订单修改','',NULL,432,'',3,'F','0','admin:ServiceOrder:edit','#',NULL,NULL,NULL,NULL,NULL,NULL,'admin','2021-03-26 14:01:35','ry','2021-03-26 14:01:35','',NULL),(436,'服务订单删除','',NULL,432,'',4,'F','0','admin:ServiceOrder:remove','#',NULL,NULL,NULL,NULL,NULL,NULL,'admin','2021-03-26 14:01:35','ry','2021-03-26 14:01:35','',NULL),(437,'供应商管理','supplier','admin/ServiceSupplierList',419,'',2,'C','0','admin:supplier:view','#',NULL,NULL,NULL,NULL,NULL,NULL,'admin','2021-03-26 14:18:34','admin','2021-03-26 15:28:56','供应商管理菜单',NULL),(438,'供应商管理查询','',NULL,437,'',1,'F','0','admin:supplier:list','#',NULL,NULL,NULL,NULL,NULL,NULL,'admin','2021-03-26 14:18:34','ry','2021-03-26 14:18:34','',NULL),(439,'供应商管理新增','',NULL,437,'',2,'F','0','admin:supplier:add','#',NULL,NULL,NULL,NULL,NULL,NULL,'admin','2021-03-26 14:18:34','ry','2021-03-26 14:18:34','',NULL),(440,'供应商管理修改','',NULL,437,'',3,'F','0','admin:supplier:edit','#',NULL,NULL,NULL,NULL,NULL,NULL,'admin','2021-03-26 14:18:34','ry','2021-03-26 14:18:34','',NULL),(441,'供应商管理删除','',NULL,437,'',4,'F','0','admin:supplier:remove','#',NULL,NULL,NULL,NULL,NULL,NULL,'admin','2021-03-26 14:18:34','ry','2021-03-26 14:18:34','',NULL),(443,'服务管理','ServiceManage','admin/ServiceManageList',419,'',5,'C','0','admin:ServiceManage:view','#',NULL,NULL,NULL,NULL,NULL,NULL,'admin','2021-03-26 14:58:19','admin','2021-03-26 15:30:20','服务管理菜单',NULL),(444,'服务管理查询','',NULL,443,'',1,'F','0','admin:ServiceManage:list','#',NULL,NULL,NULL,NULL,NULL,NULL,'admin','2021-03-26 14:58:19','ry','2021-03-26 14:58:19','',NULL),(445,'服务管理新增','',NULL,443,'',2,'F','0','admin:ServiceManage:add','#',NULL,NULL,NULL,NULL,NULL,NULL,'admin','2021-03-26 14:58:19','ry','2021-03-26 14:58:19','',NULL),(446,'服务管理修改','',NULL,443,'',3,'F','0','admin:ServiceManage:edit','#',NULL,NULL,NULL,NULL,NULL,NULL,'admin','2021-03-26 14:58:19','ry','2021-03-26 14:58:19','',NULL),(447,'服务管理删除','',NULL,443,'',4,'F','0','admin:ServiceManage:remove','#',NULL,NULL,NULL,NULL,NULL,NULL,'admin','2021-03-26 14:58:19','ry','2021-03-26 14:58:19','',NULL),(448,'服务管理编辑','serviceManageEdit','admin/ServiceManageEdit',419,'',1,'M','1','admin:ServiceManage:edit','#',NULL,NULL,0,0,NULL,NULL,'admin','2021-03-26 15:01:38','admin','2021-03-26 15:02:11','',NULL),(455,'供应商编辑','serviceSupplierEdit','admin/ServiceSupplierEdit',419,'',1,'C','1','admin:supplier:edit','#',NULL,NULL,0,0,NULL,NULL,'admin','2021-03-26 16:31:07','admin','2021-03-26 16:31:35','',NULL),(456,'园区编辑','parkEdit','admin/ParkEdit',330,'',1,'M','1',NULL,'#',NULL,NULL,0,0,NULL,NULL,'ds','2021-03-26 17:04:02','',NULL,'',NULL),(457,'客户管理','customer','admin/CustomerList',419,'',1,'C','0','admin:customer:view','#',NULL,NULL,NULL,NULL,NULL,NULL,'admin','2021-03-29 15:22:21','ry','2021-03-29 15:22:21','客户管理菜单',NULL),(458,'客户管理查询','',NULL,457,'',1,'F','0','admin:customer:list','#',NULL,NULL,NULL,NULL,NULL,NULL,'admin','2021-03-29 15:22:21','ry','2021-03-29 15:22:21','',NULL),(459,'客户管理新增','',NULL,457,'',2,'F','0','admin:customer:add','#',NULL,NULL,NULL,NULL,NULL,NULL,'admin','2021-03-29 15:22:21','ry','2021-03-29 15:22:21','',NULL),(460,'客户管理修改','',NULL,457,'',3,'F','0','admin:customer:edit','#',NULL,NULL,NULL,NULL,NULL,NULL,'admin','2021-03-29 15:22:21','ry','2021-03-29 15:22:21','',NULL),(461,'客户管理删除','',NULL,457,'',4,'F','0','admin:customer:remove','#',NULL,NULL,NULL,NULL,NULL,NULL,'admin','2021-03-29 15:22:21','ry','2021-03-29 15:22:21','',NULL),(462,'客户编辑','customerEdit','admin/CustomerEdit',419,'',1,'M','1',NULL,'#',NULL,NULL,0,0,NULL,NULL,'jm','2021-03-29 15:31:29','',NULL,'',NULL),(463,'合同管理','contract','admin/CustomerContractList',377,'',2,'C','0','admin:contract:view','#',NULL,NULL,NULL,NULL,NULL,NULL,'admin','2021-03-30 10:39:52','ry','2021-03-30 10:39:52','客户合同菜单',NULL),(464,'客户合同查询','',NULL,463,'',1,'F','0','admin:contract:list','#',NULL,NULL,NULL,NULL,NULL,NULL,'admin','2021-03-30 10:39:52','ry','2021-03-30 10:39:52','',NULL),(465,'客户合同新增','',NULL,463,'',2,'F','0','admin:contract:add','#',NULL,NULL,NULL,NULL,NULL,NULL,'admin','2021-03-30 10:39:52','ry','2021-03-30 10:39:52','',NULL),(466,'客户合同修改','',NULL,463,'',3,'F','0','admin:contract:edit','#',NULL,NULL,NULL,NULL,NULL,NULL,'admin','2021-03-30 10:39:52','ry','2021-03-30 10:39:52','',NULL),(467,'客户合同删除','',NULL,463,'',4,'F','0','admin:contract:remove','#',NULL,NULL,NULL,NULL,NULL,NULL,'admin','2021-03-30 10:39:52','ry','2021-03-30 10:39:52','',NULL),(468,'合同编辑','customerContractEdit','admin/CustomerContractEdit',377,'',1,'M','1',NULL,'#',NULL,NULL,0,0,NULL,NULL,'admin','2021-03-30 10:49:05','',NULL,'',NULL),(469,'账单管理','bill','admin/CustomerContractBillList',377,'',8,'C','0','admin:bill:view','#',NULL,NULL,NULL,NULL,NULL,NULL,'admin','2021-03-30 15:09:25','ry','2021-03-30 15:09:25','客户合同账单菜单',NULL),(470,'客户合同账单查询','',NULL,469,'',1,'F','0','admin:bill:list','#',NULL,NULL,NULL,NULL,NULL,NULL,'admin','2021-03-30 15:09:25','ry','2021-03-30 15:09:25','',NULL),(471,'客户合同账单新增','',NULL,469,'',2,'F','0','admin:bill:add','#',NULL,NULL,NULL,NULL,NULL,NULL,'admin','2021-03-30 15:09:25','ry','2021-03-30 15:09:25','',NULL),(472,'客户合同账单修改','',NULL,469,'',3,'F','0','admin:bill:edit','#',NULL,NULL,NULL,NULL,NULL,NULL,'admin','2021-03-30 15:09:25','ry','2021-03-30 15:09:25','',NULL),(473,'客户合同账单删除','',NULL,469,'',4,'F','0','admin:bill:remove','#',NULL,NULL,NULL,NULL,NULL,NULL,'admin','2021-03-30 15:09:25','ry','2021-03-30 15:09:25','',NULL),(474,'账单报表	','billReport','admin/CustomerContractBillReportList',377,'',9,'C','0','admin:billReport:view	','#',NULL,NULL,0,0,NULL,NULL,'admin','2021-03-30 15:17:05','',NULL,'',NULL),(475,'合同审批','contractApproved','admin/CustomerContractApprovedList',377,'',3,'C','0','admin:contract:approved','#',NULL,NULL,0,0,NULL,NULL,'admin','2021-03-30 15:23:54','',NULL,'',NULL),(476,'合同详情','customerContractDetailModal','admin/modules/CustomerContractDetailModal',377,'',4,'M','1',NULL,'#',NULL,NULL,0,0,NULL,NULL,'admin','2021-03-30 15:25:29','',NULL,'',NULL),(477,'合同变更','contractChange','admin/CustomerContractChangeList',377,'',4,'C','0','admin:contract:change','#',NULL,NULL,0,0,NULL,NULL,'admin','2021-03-30 15:26:37','jm','2021-03-30 17:54:48','',NULL),(478,'意向合同','intentionContract','admin/CustomerContractIntentionList',377,'',1,'C','0','admin:intentionContract:view','#',NULL,NULL,NULL,NULL,NULL,NULL,'admin','2021-03-30 18:16:38','jm','2021-03-31 09:12:48','意向合同',NULL),(479,'意向合同查询','',NULL,478,'',1,'F','0','admin:intentionContract:list','#',NULL,NULL,NULL,NULL,NULL,NULL,'admin','2021-03-30 18:16:38','ry','2021-03-30 18:16:38','',NULL),(480,'意向合同新增','',NULL,478,'',2,'F','0','admin:intentionContract:add','#',NULL,NULL,NULL,NULL,NULL,NULL,'admin','2021-03-30 18:16:38','ry','2021-03-30 18:16:38','',NULL),(481,'意向合同修改','',NULL,478,'',3,'F','0','admin:intentionContract:edit','#',NULL,NULL,NULL,NULL,NULL,NULL,'admin','2021-03-30 18:16:38','ry','2021-03-30 18:16:38','',NULL),(482,'意向合同删除','',NULL,478,'',4,'F','0','admin:intentionContract:remove','#',NULL,NULL,NULL,NULL,NULL,NULL,'admin','2021-03-30 18:16:38','ry','2021-03-30 18:16:38','',NULL),(483,'意向编辑','CustomerIntentionContractEdit','admin/CustomerContractIntentionEdit',377,'',2,'M','1','admin:intentionContract:edit','#',NULL,NULL,0,0,NULL,NULL,'admin','2021-03-30 18:25:31','',NULL,'',NULL),(484,'意向详情','CustomerIntentionDetailModal','admin/modules/CustomerIntentionDetailModal',377,'',2,'M','1','admin:intentionContract:edit','#',NULL,NULL,0,0,NULL,NULL,'admin','2021-03-30 18:26:02','',NULL,'',NULL),(485,'退租管理','refund','admin/CustomerContractRefundList',377,'',7,'C','0','admin:refund:view','#',NULL,NULL,NULL,NULL,NULL,NULL,'admin','2021-03-31 09:09:50','jm','2021-03-31 09:12:59','客户合同退租菜单',NULL),(486,'退租查询','',NULL,485,'',1,'F','0','admin:refund:list','#',NULL,NULL,NULL,NULL,NULL,NULL,'admin','2021-03-31 09:09:50','ry','2021-03-31 09:09:50','',NULL),(487,'退租新增','',NULL,485,'',2,'F','0','admin:refund:add','#',NULL,NULL,NULL,NULL,NULL,NULL,'admin','2021-03-31 09:09:50','ry','2021-03-31 09:09:50','',NULL),(488,'退租修改','',NULL,485,'',3,'F','0','admin:refund:edit','#',NULL,NULL,NULL,NULL,NULL,NULL,'admin','2021-03-31 09:09:50','ry','2021-03-31 09:09:50','',NULL),(489,'退租删除','',NULL,485,'',4,'F','0','admin:refund:remove','#',NULL,NULL,NULL,NULL,NULL,NULL,'admin','2021-03-31 09:09:50','ry','2021-03-31 09:09:50','',NULL),(490,'退租详情','CustomerContractRefundModal','admin/modules/CustomerContractRefundModal',377,'',7,'M','1','admin:refund:edit','#',NULL,NULL,0,0,NULL,NULL,'jm','2021-03-31 09:15:17','',NULL,'',NULL),(491,'退租编辑','CustomerContractRefundEdit','admin/CustomerContractRefundEdit',377,'',7,'M','1','admin:refund:edit','#',NULL,NULL,0,0,NULL,NULL,'jm','2021-03-31 09:15:47','',NULL,'',NULL),(492,'租户管理','tenant','system/TenantList',497,'',1,'C','0','system:tenant:view','#',NULL,NULL,NULL,NULL,NULL,NULL,'admin','2021-04-02 10:34:38','admin','2021-04-08 10:25:09','租户管理菜单',NULL),(493,'租户管理查询','',NULL,492,'',1,'F','0','system:tenant:list','#',NULL,NULL,NULL,NULL,NULL,NULL,'admin','2021-04-02 10:34:38','admin','2021-04-08 10:25:21','',NULL),(494,'租户管理新增','',NULL,492,'',2,'F','0','system:tenant:add','#',NULL,NULL,NULL,NULL,NULL,NULL,'admin','2021-04-02 10:34:38','admin','2021-04-08 10:25:30','',NULL),(495,'租户管理修改','',NULL,492,'',3,'F','0','system:tenant:edit','#',NULL,NULL,NULL,NULL,NULL,NULL,'admin','2021-04-02 10:34:38','admin','2021-04-08 10:25:37','',NULL),(496,'租户管理删除','',NULL,492,'',4,'F','0','system:tenant:remove','#',NULL,NULL,NULL,NULL,NULL,NULL,'admin','2021-04-02 10:34:38','admin','2021-04-08 10:25:47','',NULL),(497,'租户管理','system/tenant','PageView',0,'',2,'M','0','','solution',NULL,NULL,0,0,NULL,NULL,'admin','2021-04-02 16:15:05','admin','2021-04-08 10:24:55','',NULL),(498,'部门管理','dept','system/DeptList',90,'',4,'C','0','system:dept:view','#',NULL,NULL,NULL,NULL,NULL,NULL,'admin','2021-04-02 16:41:32','admin','2021-04-02 16:49:26','部门菜单',NULL),(499,'部门查询','',NULL,498,'',1,'F','0','system:dept:list','#',NULL,NULL,NULL,NULL,NULL,NULL,'admin','2021-04-02 16:41:32','ry','2021-04-02 16:41:32','',NULL),(500,'部门新增','',NULL,498,'',2,'F','0','system:dept:add','#',NULL,NULL,NULL,NULL,NULL,NULL,'admin','2021-04-02 16:41:32','ry','2021-04-02 16:41:32','',NULL),(501,'部门修改','',NULL,498,'',3,'F','0','system:dept:edit','#',NULL,NULL,NULL,NULL,NULL,NULL,'admin','2021-04-02 16:41:32','ry','2021-04-02 16:41:32','',NULL),(502,'部门删除','',NULL,498,'',4,'F','0','system:dept:remove','#',NULL,NULL,NULL,NULL,NULL,NULL,'admin','2021-04-02 16:41:32','ry','2021-04-02 16:41:32','',NULL),(503,'账单修改','customerContractBillEdit','admin/CustomerContractBillEdit',377,'',1,'C','1','admin:bill:edit','#',NULL,NULL,0,0,NULL,NULL,'hebei','2021-04-06 18:58:21','hebei','2021-04-06 19:07:38','',NULL),(506,'投诉建议','admin/suggestion','PageView',0,'',12,'M','0','','form',NULL,NULL,0,0,NULL,NULL,'admin','2021-04-12 14:41:35','admin','2021-04-12 16:25:13','',NULL),(507,'投诉管理','suggestion','admin/SuggestionList',506,'',1,'C','0','admin:suggestion:view','#',NULL,NULL,NULL,NULL,NULL,NULL,'admin','2021-04-12 14:39:44','ry','2021-04-12 14:39:44','投诉建议菜单',NULL),(508,'投诉查询','',NULL,507,'',1,'F','0','admin:suggestion:list','#',NULL,NULL,NULL,NULL,NULL,NULL,'admin','2021-04-12 14:39:44','ry','2021-04-12 14:39:44','',NULL),(509,'投诉新增','',NULL,507,'',2,'F','0','admin:suggestion:add','#',NULL,NULL,NULL,NULL,NULL,NULL,'admin','2021-04-12 14:39:44','ry','2021-04-12 14:39:44','',NULL),(510,'投诉修改','',NULL,507,'',3,'F','0','admin:suggestion:edit','#',NULL,NULL,NULL,NULL,NULL,NULL,'admin','2021-04-12 14:39:44','ry','2021-04-12 14:39:44','',NULL),(511,'投诉删除','',NULL,507,'',4,'F','0','admin:suggestion:remove','#',NULL,NULL,NULL,NULL,NULL,NULL,'admin','2021-04-12 14:39:44','ry','2021-04-12 14:39:44','',NULL),(512,'投诉详情','suggestionEdit','admin/suggestionEdit',506,'',2,'M','1','admin:suggestion:edit','#',NULL,NULL,0,0,NULL,NULL,'admin','2021-04-12 14:56:48','admin','2021-04-12 14:58:10','',NULL),(513,'入住管理','admin/settle','PageView',0,'',4,'M','0','','hdd',NULL,NULL,0,0,NULL,NULL,'admin','2021-04-12 16:23:46','admin','2022-08-22 09:20:18','',NULL),(514,'入驻申请','settle','admin/ApplySettleList',513,'',2,'C','0','admin:settle:view','#',NULL,NULL,NULL,NULL,NULL,NULL,'admin','2021-04-12 15:47:22','admin','2021-04-12 18:28:28','入驻申请',NULL),(515,'入驻申请查询','',NULL,514,'',1,'F','0','admin:settle:list','#',NULL,NULL,NULL,NULL,NULL,NULL,'admin','2021-04-12 15:47:22','ry','2021-04-12 15:47:22','',NULL),(516,'入驻申请新增','',NULL,514,'',2,'F','0','admin:settle:add','#',NULL,NULL,NULL,NULL,NULL,NULL,'admin','2021-04-12 15:47:22','ry','2021-04-12 15:47:22','',NULL),(517,'入驻申请修改','',NULL,514,'',3,'F','0','admin:settle:edit','#',NULL,NULL,NULL,NULL,NULL,NULL,'admin','2021-04-12 15:47:22','ry','2021-04-12 15:47:22','',NULL),(518,'入驻申请删除','',NULL,514,'',4,'F','0','admin:settle:remove','#',NULL,NULL,NULL,NULL,NULL,NULL,'admin','2021-04-12 15:47:22','ry','2021-04-12 15:47:22','',NULL),(519,'入园申请','park','admin/ApplyParkList',513,'',1,'C','0','admin:applyPark:view','#',NULL,NULL,NULL,NULL,NULL,NULL,'admin','2021-04-12 18:15:07','ry','2021-04-12 18:15:07','入园申请菜单',NULL),(520,'入园申请查询','',NULL,519,'',1,'F','0','admin:applyPark:list','#',NULL,NULL,NULL,NULL,NULL,NULL,'admin','2021-04-12 18:15:07','ry','2021-04-12 18:15:07','',NULL),(521,'入园申请新增','',NULL,519,'',2,'F','0','admin:applyPark:add','#',NULL,NULL,NULL,NULL,NULL,NULL,'admin','2021-04-12 18:15:07','ry','2021-04-12 18:15:07','',NULL),(522,'入园申请修改','',NULL,519,'',3,'F','0','admin:applyPark:edit','#',NULL,NULL,NULL,NULL,NULL,NULL,'admin','2021-04-12 18:15:07','ry','2021-04-12 18:15:07','',NULL),(523,'入园申请删除','',NULL,519,'',4,'F','0','admin:applyPark:remove','#',NULL,NULL,NULL,NULL,NULL,NULL,'admin','2021-04-12 18:15:07','ry','2021-04-12 18:15:07','',NULL),(524,'迁入申请','applyMoveIn','admin/ApplyMoveInList',513,'',3,'C','0','admin:applyMoveIn:view','#',NULL,NULL,NULL,NULL,NULL,NULL,'admin','2021-04-14 11:22:58','admin','2021-04-14 11:28:06','注册迁入申请菜单',NULL),(525,'注册迁入申请查询','',NULL,524,'',1,'F','0','admin:applyMoveIn:list','#',NULL,NULL,NULL,NULL,NULL,NULL,'admin','2021-04-14 11:22:58','ry','2021-04-14 11:22:58','',NULL),(526,'注册迁入申请新增','',NULL,524,'',2,'F','0','admin:applyMoveIn:add','#',NULL,NULL,NULL,NULL,NULL,NULL,'admin','2021-04-14 11:22:58','ry','2021-04-14 11:22:58','',NULL),(527,'注册迁入申请修改','',NULL,524,'',3,'F','0','admin:applyMoveIn:edit','#',NULL,NULL,NULL,NULL,NULL,NULL,'admin','2021-04-14 11:22:58','ry','2021-04-14 11:22:58','',NULL),(528,'注册迁入申请删除','',NULL,524,'',4,'F','0','admin:applyMoveIn:remove','#',NULL,NULL,NULL,NULL,NULL,NULL,'admin','2021-04-14 11:22:58','ry','2021-04-14 11:22:58','',NULL),(529,'入园申请详情','applyParkEdit','admin/ApplyParkEdit',513,'',1,'M','1',NULL,'#',NULL,NULL,0,0,NULL,NULL,'admin','2021-04-14 14:58:55','',NULL,'',NULL),(530,'入驻申请详情','applySettleEdit','admin/ApplySettleEdit',513,'',2,'M','1',NULL,'#',NULL,NULL,0,0,NULL,NULL,'admin','2021-04-14 17:09:17','',NULL,'',NULL),(531,'迁入申请详情','applyMoveInEdit','admin/ApplyMoveInEdit',513,'',3,'M','1',NULL,'#',NULL,NULL,0,0,NULL,NULL,'admin','2021-04-14 17:10:13','',NULL,'',NULL),(532,'报名详情','ActivityDetailList','admin/ActivityDetailList',383,'',1,'C','0','admin:activityDetail:view','#',NULL,NULL,NULL,NULL,NULL,NULL,'admin','2021-04-15 17:40:40','ry','2021-04-15 17:40:40','活动报名详情菜单',NULL),(533,'活动报名详情查询','',NULL,532,'',1,'F','0','admin:activityDetail:list','#',NULL,NULL,NULL,NULL,NULL,NULL,'admin','2021-04-15 17:40:40','ry','2021-04-15 17:40:40','',NULL),(534,'活动报名详情新增','',NULL,532,'',2,'F','0','admin:activityDetail:add','#',NULL,NULL,NULL,NULL,NULL,NULL,'admin','2021-04-15 17:40:40','ry','2021-04-15 17:40:40','',NULL),(535,'活动报名详情修改','',NULL,532,'',3,'F','0','admin:activityDetail:edit','#',NULL,NULL,NULL,NULL,NULL,NULL,'admin','2021-04-15 17:40:40','ry','2021-04-15 17:40:40','',NULL),(536,'活动报名详情删除','',NULL,532,'',4,'F','0','admin:activityDetail:remove','#',NULL,NULL,NULL,NULL,NULL,NULL,'admin','2021-04-15 17:40:40','ry','2021-04-15 17:40:40','',NULL);
/*!40000 ALTER TABLE `sys_menu` ENABLE KEYS */;
UNLOCK TABLES;

--
-- Table structure for table `sys_notice`
--

DROP TABLE IF EXISTS `sys_notice`;
/*!40101 SET @saved_cs_client     = @@character_set_client */;
/*!50503 SET character_set_client = utf8mb4 */;
CREATE TABLE `sys_notice` (
  `id` int NOT NULL AUTO_INCREMENT COMMENT '公告ID',
  `notice_title` varchar(50) NOT NULL COMMENT '公告标题',
  `notice_type` char(1) NOT NULL COMMENT '公告类型（1通知 2公告）',
  `notice_content` varchar(2000) DEFAULT NULL COMMENT '公告内容',
  `status` char(1) DEFAULT '0' COMMENT '公告状态（0正常 1关闭）',
  `version` int DEFAULT NULL COMMENT '版本',
  `delete_flag` bit(1) DEFAULT NULL COMMENT '删除标记',
  `create_by` varchar(64) DEFAULT '' COMMENT '创建者',
  `create_time` datetime DEFAULT NULL COMMENT '创建时间',
  `update_by` varchar(64) DEFAULT '' COMMENT '更新者',
  `update_time` datetime DEFAULT NULL COMMENT '更新时间',
  `remark` varchar(255) DEFAULT NULL COMMENT '备注',
  `tenant_id` int DEFAULT NULL COMMENT '租户ID',
  PRIMARY KEY (`id`) USING BTREE
) ENGINE=InnoDB AUTO_INCREMENT=6 DEFAULT CHARSET=utf8mb3 ROW_FORMAT=DYNAMIC COMMENT='通知公告表';
/*!40101 SET character_set_client = @saved_cs_client */;

--
-- Dumping data for table `sys_notice`
--

LOCK TABLES `sys_notice` WRITE;
/*!40000 ALTER TABLE `sys_notice` DISABLE KEYS */;
/*!40000 ALTER TABLE `sys_notice` ENABLE KEYS */;
UNLOCK TABLES;

--
-- Table structure for table `sys_oper_log`
--

DROP TABLE IF EXISTS `sys_oper_log`;
/*!40101 SET @saved_cs_client     = @@character_set_client */;
/*!50503 SET character_set_client = utf8mb4 */;
CREATE TABLE `sys_oper_log` (
  `id` int NOT NULL AUTO_INCREMENT COMMENT '日志主键',
  `title` varchar(50) DEFAULT '' COMMENT '模块标题',
  `business_type` int DEFAULT '0' COMMENT '业务类型（0其它 1新增 2修改 3删除）',
  `method` varchar(100) DEFAULT '' COMMENT '方法名称',
  `request_method` varchar(10) DEFAULT NULL,
  `operator_type` int DEFAULT '0' COMMENT '操作类别（0其它 1后台用户 2手机端用户）',
  `oper_name` varchar(50) DEFAULT '' COMMENT '操作人员',
  `dept_name` varchar(50) DEFAULT '' COMMENT '部门名称',
  `oper_url` varchar(255) DEFAULT '' COMMENT '请求URL',
  `oper_ip` varchar(50) DEFAULT '' COMMENT '主机地址',
  `oper_location` varchar(255) DEFAULT '' COMMENT '操作地点',
  `oper_param` varchar(2000) DEFAULT '' COMMENT '请求参数',
  `status` int DEFAULT '0' COMMENT '操作状态（0正常 1异常）',
  `error_msg` varchar(2000) DEFAULT '' COMMENT '错误消息',
  `oper_time` datetime DEFAULT NULL COMMENT '操作时间',
  `version` int DEFAULT NULL COMMENT '版本',
  `delete_flag` bit(1) DEFAULT NULL COMMENT '删除标记',
  `create_by` varchar(64) DEFAULT '' COMMENT '创建者',
  `create_time` datetime DEFAULT NULL COMMENT '创建时间',
  `update_by` varchar(64) DEFAULT '' COMMENT '更新者',
  `update_time` datetime DEFAULT NULL COMMENT '更新时间',
  `tenant_id` int DEFAULT NULL COMMENT '租户ID',
  PRIMARY KEY (`id`) USING BTREE
) ENGINE=InnoDB AUTO_INCREMENT=52 DEFAULT CHARSET=utf8mb3 ROW_FORMAT=DYNAMIC COMMENT='操作日志记录';
/*!40101 SET character_set_client = @saved_cs_client */;

--
-- Dumping data for table `sys_oper_log`
--

LOCK TABLES `sys_oper_log` WRITE;
/*!40000 ALTER TABLE `sys_oper_log` DISABLE KEYS */;
INSERT INTO `sys_oper_log` VALUES (38,'角色管理',2,'com.ics.system.controller.RoleController.editSave()','POST',1,'manager',NULL,'/system/role/update','120.235.46.134','0.0.0.0','[\n	{\n		\"flag\":false,\n		\"id\":5,\n		\"isDefault\":false,\n		\"menuIds\":[\n			101,\n			100,\n			90,\n			102,\n			103,\n			104,\n			105,\n			106,\n			107,\n			111,\n			110,\n			112,\n			113,\n			114,\n			121,\n			120,\n			122,\n			123,\n			124,\n			141,\n			140,\n			142,\n			143,\n			144,\n			145,\n			151,\n			150,\n			152,\n			153,\n			154,\n			161,\n			160,\n			162,\n			163,\n			164,\n			171,\n			170,\n			91,\n			172,\n			173,\n			181,\n			180,\n			182,\n			183,\n			184,\n			185,\n			186,\n			187,\n			191,\n			190,\n			92,\n			192,\n			193,\n			194,\n			195,\n			196,\n			201,\n			200,\n			202,\n			203,\n			204,\n			205,\n			211,\n			210,\n			212,\n			213,\n			214,\n			221,\n			220,\n			222,\n			223,\n			231,\n			230,\n			232,\n			233,\n			234,\n			240,\n			93,\n			243,\n			242,\n			241,\n			244,\n			245,\n			246,\n			251,\n			250,\n			252,\n			253,\n			254,\n			1,\n			260,\n			270,\n			280,\n			308,\n			319,\n			318,\n			316,\n			320,\n			321,\n			322,\n			324,\n			323,\n			325,\n			326,\n			327,\n			328,\n			329,\n			332,\n			331,\n			317,\n			333,\n			334,\n			335,\n			337,\n			336,\n			330,\n			338,\n			339,\n			340,\n			342,\n			341,\n			343,\n			344,\n			345,\n			346,\n			347,\n			349,\n			352,\n			351,\n			350,\n			353,\n			354,\n			355,\n			357,\n			356,\n			358,\n			359,\n			360,\n			361,\n			362,\n			363,\n			366,\n			368,\n			367,\n			369,\n			370,\n			371,\n			373,\n			372,\n			374,\n			375,\n			376,\n			379,\n			378,\n			377,\n			380,\n			381,\n			382,\n			396,\n			395,\n			397,\n			398,\n			399,\n			400,\n			406,\n			383,\n			408,\n			407,\n			409,\n			410,\n			411,\n			413,\n			412,\n			415,\n			414,\n			417,\n			418,\n			421,\n			420,\n			419,\n			422,\n			423,\n			424,\n			425,\n			426,\n			428,\n			427,\n			429,\n			430,\n			431,\n			433,\n			432,\n			434,\n			435,\n			436,\n			438,\n			437,\n			439,\n			440,\n			441,\n			444,\n			443,\n			445,\n			446,\n			447,\n			448,\n			455,\n			456,\n			458,\n			457,\n			459,\n			460,\n			461,\n			462,\n			464,\n			463,\n			465,\n			466,\n			467,\n			468,\n			470,\n			469,\n			471,\n			472,\n			473,\n			474,\n			475,\n			476,\n			477,\n			479,\n			478,\n			480,\n			481,\n			482,\n			483,\n			484,\n			486,\n			485,\n			487,\n			488,\n			489,\n			490,\n			4',0,NULL,'2022-11-13 11:43:00',NULL,NULL,'',NULL,'',NULL,NULL),(39,'菜单管理',2,'com.ics.system.controller.MenuController.editSave()','POST',1,'manager',NULL,'/system/menu/update','127.0.0.1','0.0.0.0','[\n	{\n		\"children\":[],\n		\"component\":\"dashboard/Analysis\",\n		\"icon\":\"fund\",\n		\"id\":254,\n		\"menuKey\":\"analysis\",\n		\"menuName\":\"工作台\",\n		\"menuType\":\"C\",\n		\"new\":false,\n		\"orderNum\":\"1\",\n		\"params\":{},\n		\"parentId\":1,\n		\"perms\":\"system:dashboard:analysis\",\n		\"target\":\"\",\n		\"updateBy\":\"manager\",\n		\"visible\":\"0\"\n	}\n]',0,NULL,'2024-10-21 15:45:05',NULL,NULL,'',NULL,'',NULL,NULL),(40,'菜单管理',2,'com.ics.system.controller.MenuController.editSave()','POST',1,'manager',NULL,'/system/menu/update','127.0.0.1','0.0.0.0','[\n	{\n		\"children\":[],\n		\"component\":\"PageView\",\n		\"hiddenChildren\":false,\n		\"hiddenHeader\":false,\n		\"icon\":\"global\",\n		\"id\":330,\n		\"menuKey\":\"admin/park\",\n		\"menuName\":\"园区管理\",\n		\"menuType\":\"M\",\n		\"new\":false,\n		\"orderNum\":\"3\",\n		\"params\":{},\n		\"parentId\":0,\n		\"perms\":\"\",\n		\"target\":\"\",\n		\"updateBy\":\"manager\",\n		\"visible\":\"0\"\n	}\n]',0,NULL,'2024-10-21 15:45:38',NULL,NULL,'',NULL,'',NULL,NULL),(41,'菜单管理',2,'com.ics.system.controller.MenuController.editSave()','POST',1,'manager',NULL,'/system/menu/update','127.0.0.1','0.0.0.0','[\n	{\n		\"children\":[],\n		\"component\":\"admin/ParkList\",\n		\"icon\":\"profile\",\n		\"id\":336,\n		\"menuKey\":\"parkList\",\n		\"menuName\":\"园区列表\",\n		\"menuType\":\"C\",\n		\"new\":false,\n		\"orderNum\":\"2\",\n		\"params\":{},\n		\"parentId\":330,\n		\"perms\":\"admin:park:view\",\n		\"target\":\"\",\n		\"updateBy\":\"manager\",\n		\"visible\":\"0\"\n	}\n]',0,NULL,'2024-10-21 15:45:49',NULL,NULL,'',NULL,'',NULL,NULL),(42,'菜单管理',2,'com.ics.system.controller.MenuController.editSave()','POST',1,'manager',NULL,'/system/menu/update','127.0.0.1','0.0.0.0','[\n	{\n		\"children\":[],\n		\"component\":\"admin/BuildingList\",\n		\"icon\":\"cluster\",\n		\"id\":367,\n		\"menuKey\":\"building\",\n		\"menuName\":\"楼宇管理\",\n		\"menuType\":\"C\",\n		\"new\":false,\n		\"orderNum\":\"3\",\n		\"params\":{},\n		\"parentId\":330,\n		\"perms\":\"admin:building:view\",\n		\"target\":\"\",\n		\"updateBy\":\"manager\",\n		\"visible\":\"0\"\n	}\n]',0,NULL,'2024-10-21 15:46:07',NULL,NULL,'',NULL,'',NULL,NULL),(43,'菜单管理',2,'com.ics.system.controller.MenuController.editSave()','POST',1,'manager',NULL,'/system/menu/update','127.0.0.1','0.0.0.0','[\n	{\n		\"children\":[],\n		\"component\":\"admin/RoomList\",\n		\"icon\":\"home\",\n		\"id\":395,\n		\"menuKey\":\"room\",\n		\"menuName\":\"房间管理\",\n		\"menuType\":\"C\",\n		\"new\":false,\n		\"orderNum\":\"5\",\n		\"params\":{},\n		\"parentId\":330,\n		\"perms\":\"admin:room:view\",\n		\"target\":\"\",\n		\"updateBy\":\"manager\",\n		\"visible\":\"0\"\n	}\n]',0,NULL,'2024-10-21 15:46:27',NULL,NULL,'',NULL,'',NULL,NULL),(44,'代码生成',6,'com.ics.generator.controller.GenController.importTableSave()','POST',1,'manager',NULL,'/gen/importTable','127.0.0.1','0.0.0.0','[\n	\"ics_activity\"\n]',0,NULL,'2024-10-22 23:09:29',NULL,NULL,'',NULL,'',NULL,NULL),(45,'定时任务',2,'com.ics.quartz.controller.JobController.run()','POST',1,'manager',NULL,'/monitor/job/run','127.0.0.1','0.0.0.0','[\n	{\n		\"id\":1,\n		\"jobGroup\":\"DEFAULT\",\n		\"misfirePolicy\":\"0\",\n		\"new\":false,\n		\"params\":{}\n	}\n]',0,NULL,'2024-10-22 23:10:03',NULL,NULL,'',NULL,'',NULL,NULL),(46,'代码生成',6,'cn.dtransfer.generator.controller.GenController.importTableSave()','POST',1,'manager',NULL,'/gen/importTable','127.0.0.1','0.0.0.0','[\n	\"ics_activity_detail\"\n]',0,NULL,'2024-10-23 01:18:51',NULL,NULL,'',NULL,'',NULL,NULL),(47,'删除代码',3,'cn.dtransfer.generator.controller.GenController.remove()','POST',1,'manager',NULL,'/gen/remove','127.0.0.1','0.0.0.0','[\n	\"2,1\"\n]',0,NULL,'2024-10-23 02:10:00',NULL,NULL,'',NULL,'',NULL,NULL),(48,'代码生成',6,'cn.dtransfer.generator.controller.GenController.importTableSave()','POST',1,'manager',NULL,'/gen/importTable','127.0.0.1','0.0.0.0','[\n	\"dpo_activity\"\n]',0,NULL,'2024-10-23 02:10:08',NULL,NULL,'',NULL,'',NULL,NULL),(49,'代码更新',2,'cn.dtransfer.generator.controller.GenController.editSave()','POST',1,'manager',NULL,'/gen/edit','127.0.0.1','0.0.0.0','[\n	{\n		\"businessName\":\"activity\",\n		\"className\":\"Activity\",\n		\"columns\":[\n			{\n				\"columnComment\":\"Id\",\n				\"columnName\":\"id\",\n				\"columnType\":\"int\",\n				\"createBy\":\"manager\",\n				\"createTime\":1729620607000,\n				\"dictType\":\"\",\n				\"edit\":false,\n				\"htmlType\":\"input\",\n				\"id\":40,\n				\"increment\":true,\n				\"insert\":true,\n				\"isIncrement\":\"1\",\n				\"isInsert\":\"1\",\n				\"isPk\":\"1\",\n				\"javaField\":\"id\",\n				\"javaType\":\"Long\",\n				\"list\":false,\n				\"new\":false,\n				\"params\":{},\n				\"pk\":true,\n				\"query\":false,\n				\"queryType\":\"=\",\n				\"required\":false,\n				\"sort\":1,\n				\"superColumn\":true,\n				\"tableId\":3,\n				\"updateBy\":\"\"\n			},\n			{\n				\"columnComment\":\"活动名称\",\n				\"columnName\":\"name\",\n				\"columnType\":\"varchar(255)\",\n				\"createBy\":\"manager\",\n				\"createTime\":1729620607000,\n				\"dictType\":\"\",\n				\"edit\":true,\n				\"htmlType\":\"input\",\n				\"id\":41,\n				\"increment\":false,\n				\"insert\":true,\n				\"isEdit\":\"1\",\n				\"isIncrement\":\"0\",\n				\"isInsert\":\"1\",\n				\"isList\":\"1\",\n				\"isPk\":\"0\",\n				\"isQuery\":\"1\",\n				\"javaField\":\"name\",\n				\"javaType\":\"String\",\n				\"list\":true,\n				\"new\":false,\n				\"params\":{},\n				\"pk\":false,\n				\"query\":true,\n				\"queryType\":\"LIKE\",\n				\"required\":false,\n				\"sort\":2,\n				\"superColumn\":false,\n				\"tableId\":3,\n				\"updateBy\":\"\"\n			},\n			{\n				\"columnComment\":\"报名开始时间\",\n				\"columnName\":\"sign_begin\",\n				\"columnType\":\"datetime\",\n				\"createBy\":\"manager\",\n				\"createTime\":1729620607000,\n				\"dictType\":\"\",\n				\"edit\":true,\n				\"htmlType\":\"datetime\",\n				\"id\":42,\n				\"increment\":false,\n				\"insert\":true,\n				\"isEdit\":\"1\",\n				\"isIncrement\":\"0\",\n				\"isInsert\":\"1\",\n				\"isList\":\"1\",\n				\"isPk\":\"0\",\n				\"isQuery\":\"1\",\n				\"javaField\":\"signBegin\",\n				\"javaType\":\"Date\",\n				\"list\":true,\n				\"new\":false,\n				\"params\":{},\n				\"pk\":false,\n				\"query\":true,\n				\"queryType\":\"=\",\n				\"required\":false,\n				\"sort\":3,\n				\"superColumn\":false,\n				\"tableId\":3,\n				\"updateBy\":\"\"\n			},\n			{\n				\"columnComment\":\"报名结止时间\",\n				\"columnName\":\"sign_end\",\n				\"columnType\"',0,NULL,'2024-10-23 02:10:49',NULL,NULL,'',NULL,'',NULL,NULL),(50,'代码生成',8,'cn.dtransfer.generator.controller.GenController.batchGenCode()','GET',1,'manager',NULL,'/gen/batchGenCode','127.0.0.1','0.0.0.0','[\n	\"dpo_activity\"\n]',0,NULL,'2024-10-23 02:10:51',NULL,NULL,'',NULL,'',NULL,NULL),(51,'代码生成',6,'cn.dtransfer.generator.controller.GenController.importTableSave()','POST',1,'manager',NULL,'/gen/importTable','192.168.3.165','0.0.0.0','[\n	\"dpo_activity_detail\"\n]',0,NULL,'2024-10-25 16:13:24',NULL,NULL,'',NULL,'',NULL,NULL);
/*!40000 ALTER TABLE `sys_oper_log` ENABLE KEYS */;
UNLOCK TABLES;

--
-- Table structure for table `sys_oss`
--

DROP TABLE IF EXISTS `sys_oss`;
/*!40101 SET @saved_cs_client     = @@character_set_client */;
/*!50503 SET character_set_client = utf8mb4 */;
CREATE TABLE `sys_oss` (
  `id` int NOT NULL AUTO_INCREMENT,
  `file_name` varchar(64) NOT NULL DEFAULT '' COMMENT '文件名',
  `file_suffix` varchar(10) NOT NULL DEFAULT '' COMMENT '文件后缀名',
  `url` varchar(200) NOT NULL COMMENT 'URL地址',
  `service` tinyint NOT NULL DEFAULT '1' COMMENT '服务商',
  `version` int DEFAULT NULL COMMENT '版本',
  `delete_flag` bit(1) DEFAULT NULL COMMENT '删除标记',
  `create_by` varchar(64) DEFAULT '' COMMENT '创建者',
  `create_time` datetime DEFAULT NULL COMMENT '创建时间',
  `update_by` varchar(64) DEFAULT '' COMMENT '更新者',
  `update_time` datetime DEFAULT NULL COMMENT '更新时间',
  `tenant_id` int DEFAULT NULL COMMENT '租户ID',
  PRIMARY KEY (`id`) USING BTREE
) ENGINE=InnoDB AUTO_INCREMENT=49 DEFAULT CHARSET=utf8mb3 ROW_FORMAT=DYNAMIC COMMENT='文件上传';
/*!40101 SET character_set_client = @saved_cs_client */;

--
-- Dumping data for table `sys_oss`
--

LOCK TABLES `sys_oss` WRITE;
/*!40000 ALTER TABLE `sys_oss` DISABLE KEYS */;
/*!40000 ALTER TABLE `sys_oss` ENABLE KEYS */;
UNLOCK TABLES;

--
-- Table structure for table `sys_role`
--

DROP TABLE IF EXISTS `sys_role`;
/*!40101 SET @saved_cs_client     = @@character_set_client */;
/*!50503 SET character_set_client = utf8mb4 */;
CREATE TABLE `sys_role` (
  `id` int NOT NULL AUTO_INCREMENT COMMENT '角色ID',
  `role_name` varchar(30) NOT NULL COMMENT '角色名称',
  `role_key` varchar(100) NOT NULL COMMENT '角色权限字符串',
  `role_sort` int NOT NULL COMMENT '显示顺序',
  `data_scope` char(1) DEFAULT '1' COMMENT '数据范围（1：全部数据权限 2：自定数据权限）',
  `status` char(1) NOT NULL COMMENT '角色状态（0正常 1停用）',
  `is_default` bit(1) DEFAULT NULL COMMENT '是否默认',
  `version` int DEFAULT NULL COMMENT '版本',
  `delete_flag` bit(1) DEFAULT NULL COMMENT '删除标记',
  `create_by` varchar(64) DEFAULT '' COMMENT '创建者',
  `create_time` datetime DEFAULT NULL COMMENT '创建时间',
  `update_by` varchar(64) DEFAULT '' COMMENT '更新者',
  `update_time` datetime DEFAULT NULL COMMENT '更新时间',
  `remark` varchar(500) DEFAULT NULL COMMENT '备注',
  `tenant_id` int DEFAULT NULL COMMENT '租户ID',
  PRIMARY KEY (`id`) USING BTREE
) ENGINE=InnoDB AUTO_INCREMENT=8 DEFAULT CHARSET=utf8mb3 ROW_FORMAT=DYNAMIC COMMENT='角色信息表';
/*!40101 SET character_set_client = @saved_cs_client */;

--
-- Dumping data for table `sys_role`
--

LOCK TABLES `sys_role` WRITE;
/*!40000 ALTER TABLE `sys_role` DISABLE KEYS */;
INSERT INTO `sys_role` VALUES (1,'超级管理员','super',1,'1','0',_binary '\0',0,_binary '\0','admin','2018-03-16 11:33:00','manager','2022-05-30 15:44:19','管理员',1),(2,'文员','common',2,'4','0',_binary '',0,_binary '\0','admin','2018-03-16 11:33:00','manager','2021-12-04 17:18:17','普通角色',1),(3,'老板','boss',3,'4','0',_binary '\0',NULL,NULL,'admin','2021-03-26 16:29:25','super','2021-09-20 13:31:21',NULL,1),(4,'企业管理员','admin',4,'1','0',_binary '\0',NULL,NULL,'admin','2021-04-06 18:06:01','super','2021-09-15 23:20:46',NULL,1),(5,'园区经理','manager',5,'1','0',_binary '\0',NULL,NULL,'admin','2021-09-15 23:05:40','manager','2022-11-13 11:43:00',NULL,NULL);
/*!40000 ALTER TABLE `sys_role` ENABLE KEYS */;
UNLOCK TABLES;

--
-- Table structure for table `sys_role_dept`
--

DROP TABLE IF EXISTS `sys_role_dept`;
/*!40101 SET @saved_cs_client     = @@character_set_client */;
/*!50503 SET character_set_client = utf8mb4 */;
CREATE TABLE `sys_role_dept` (
  `role_id` int NOT NULL COMMENT '角色ID',
  `dept_id` int NOT NULL COMMENT '部门ID',
  PRIMARY KEY (`role_id`,`dept_id`) USING BTREE
) ENGINE=InnoDB DEFAULT CHARSET=utf8mb3 ROW_FORMAT=DYNAMIC COMMENT='角色和部门关联表';
/*!40101 SET character_set_client = @saved_cs_client */;

--
-- Dumping data for table `sys_role_dept`
--

LOCK TABLES `sys_role_dept` WRITE;
/*!40000 ALTER TABLE `sys_role_dept` DISABLE KEYS */;
/*!40000 ALTER TABLE `sys_role_dept` ENABLE KEYS */;
UNLOCK TABLES;

--
-- Table structure for table `sys_role_menu`
--

DROP TABLE IF EXISTS `sys_role_menu`;
/*!40101 SET @saved_cs_client     = @@character_set_client */;
/*!50503 SET character_set_client = utf8mb4 */;
CREATE TABLE `sys_role_menu` (
  `role_id` int NOT NULL COMMENT '角色ID',
  `menu_id` int NOT NULL COMMENT '菜单ID',
  PRIMARY KEY (`role_id`,`menu_id`) USING BTREE
) ENGINE=InnoDB DEFAULT CHARSET=utf8mb3 ROW_FORMAT=DYNAMIC COMMENT='角色和菜单关联表';
/*!40101 SET character_set_client = @saved_cs_client */;

--
-- Dumping data for table `sys_role_menu`
--

LOCK TABLES `sys_role_menu` WRITE;
/*!40000 ALTER TABLE `sys_role_menu` DISABLE KEYS */;
INSERT INTO `sys_role_menu` VALUES (1,1),(1,90),(1,91),(1,92),(1,93),(1,100),(1,101),(1,102),(1,103),(1,104),(1,105),(1,106),(1,107),(1,110),(1,111),(1,112),(1,113),(1,114),(1,120),(1,121),(1,122),(1,123),(1,124),(1,140),(1,141),(1,142),(1,143),(1,144),(1,145),(1,150),(1,151),(1,152),(1,153),(1,154),(1,160),(1,161),(1,162),(1,163),(1,164),(1,170),(1,171),(1,172),(1,173),(1,180),(1,181),(1,182),(1,183),(1,184),(1,185),(1,186),(1,187),(1,190),(1,191),(1,192),(1,193),(1,194),(1,195),(1,196),(1,200),(1,201),(1,202),(1,203),(1,204),(1,205),(1,210),(1,211),(1,212),(1,213),(1,214),(1,220),(1,221),(1,222),(1,223),(1,230),(1,231),(1,232),(1,233),(1,234),(1,240),(1,241),(1,242),(1,243),(1,244),(1,245),(1,246),(1,250),(1,251),(1,252),(1,253),(1,254),(1,260),(1,270),(1,280),(1,308),(1,316),(1,317),(1,318),(1,319),(1,320),(1,321),(1,322),(1,323),(1,324),(1,325),(1,326),(1,327),(1,328),(1,329),(1,330),(1,331),(1,332),(1,333),(1,334),(1,335),(1,336),(1,337),(1,338),(1,339),(1,340),(1,341),(1,342),(1,343),(1,344),(1,345),(1,346),(1,347),(1,349),(1,350),(1,351),(1,352),(1,353),(1,354),(1,355),(1,356),(1,357),(1,358),(1,359),(1,360),(1,361),(1,362),(1,363),(1,366),(1,367),(1,368),(1,369),(1,370),(1,371),(1,372),(1,373),(1,374),(1,375),(1,376),(1,377),(1,378),(1,379),(1,380),(1,381),(1,382),(1,383),(1,395),(1,396),(1,397),(1,398),(1,399),(1,400),(1,406),(1,407),(1,408),(1,409),(1,410),(1,411),(1,412),(1,413),(1,414),(1,415),(1,416),(1,417),(1,418),(1,419),(1,420),(1,421),(1,422),(1,423),(1,424),(1,425),(1,426),(1,427),(1,428),(1,429),(1,430),(1,431),(1,432),(1,433),(1,434),(1,435),(1,436),(1,437),(1,438),(1,439),(1,440),(1,441),(1,443),(1,444),(1,445),(1,446),(1,447),(1,448),(1,455),(1,456),(1,457),(1,458),(1,459),(1,460),(1,461),(1,462),(1,463),(1,464),(1,465),(1,466),(1,467),(1,468),(1,469),(1,470),(1,471),(1,472),(1,473),(1,474),(1,475),(1,476),(1,477),(1,478),(1,479),(1,480),(1,481),(1,482),(1,483),(1,484),(1,485),(1,486),(1,487),(1,488),(1,489),(1,490),(1,491),(1,492),(1,493),(1,494),(1,495),(1,496),(1,497),(1,498),(1,499),(1,500),(1,501),(1,502),(1,503),(1,505),(1,506),(1,507),(1,508),(1,509),(1,510),(1,511),(1,512),(1,513),(1,514),(1,515),(1,516),(1,517),(1,518),(1,519),(1,520),(1,521),(1,522),(1,523),(1,524),(1,525),(1,526),(1,527),(1,528),(1,529),(1,530),(1,531),(1,532),(1,533),(1,534),(1,535),(1,536),(1,539),(1,540),(2,1),(2,93),(2,240),(2,241),(2,242),(2,243),(2,244),(2,245),(2,246),(2,250),(2,251),(2,252),(2,253),(2,254),(2,260),(2,270),(2,280),(2,330),(2,367),(2,368),(2,369),(2,370),(2,371),(2,372),(2,373),(2,374),(2,375),(2,376),(2,377),(2,378),(2,379),(2,380),(2,381),(2,382),(2,383),(2,395),(2,396),(2,397),(2,398),(2,399),(2,400),(2,406),(2,407),(2,408),(2,409),(2,410),(2,411),(2,412),(2,413),(2,414),(2,415),(2,416),(2,417),(2,418),(2,419),(2,420),(2,421),(2,422),(2,423),(2,424),(2,425),(2,426),(2,427),(2,428),(2,429),(2,430),(2,431),(2,432),(2,433),(2,434),(2,435),(2,436),(2,437),(2,438),(2,439),(2,440),(2,441),(2,443),(2,444),(2,445),(2,446),(2,447),(2,448),(2,455),(2,456),(2,457),(2,458),(2,459),(2,460),(2,462),(2,463),(2,464),(2,465),(2,466),(2,467),(2,468),(2,469),(2,470),(2,471),(2,474),(2,476),(2,477),(2,478),(2,479),(2,480),(2,481),(2,482),(2,483),(2,484),(2,485),(2,486),(2,487),(2,488),(2,489),(2,490),(2,491),(2,503),(2,506),(2,507),(2,508),(2,509),(2,510),(2,511),(2,512),(2,513),(2,514),(2,515),(2,516),(2,517),(2,518),(2,519),(2,520),(2,521),(2,522),(2,523),(2,524),(2,525),(2,526),(2,527),(2,528),(2,529),(2,530),(2,531),(2,532),(2,533),(2,534),(2,535),(2,536),(3,1),(3,90),(3,93),(3,100),(3,101),(3,102),(3,103),(3,104),(3,105),(3,106),(3,107),(3,240),(3,241),(3,242),(3,243),(3,244),(3,245),(3,246),(3,250),(3,251),(3,252),(3,253),(3,254),(3,260),(3,270),(3,280),(3,330),(3,336),(3,337),(3,338),(3,339),(3,340),(3,456),(3,498),(3,499),(3,500),(3,501),(3,502),(4,1),(4,90),(4,93),(4,100),(4,101),(4,102),(4,103),(4,104),(4,105),(4,106),(4,107),(4,240),(4,241),(4,242),(4,243),(4,244),(4,245),(4,246),(4,250),(4,251),(4,252),(4,253),(4,254),(4,260),(4,270),(4,280),(4,492),(4,493),(4,495),(4,496),(4,497),(4,498),(4,499),(4,500),(4,501),(4,502),(5,1),(5,90),(5,91),(5,92),(5,93),(5,100),(5,101),(5,102),(5,103),(5,104),(5,105),(5,106),(5,107),(5,110),(5,111),(5,112),(5,113),(5,114),(5,120),(5,121),(5,122),(5,123),(5,124),(5,140),(5,141),(5,142),(5,143),(5,144),(5,145),(5,150),(5,151),(5,152),(5,153),(5,154),(5,160),(5,161),(5,162),(5,163),(5,164),(5,170),(5,171),(5,172),(5,173),(5,180),(5,181),(5,182),(5,183),(5,184),(5,185),(5,186),(5,187),(5,190),(5,191),(5,192),(5,193),(5,194),(5,195),(5,196),(5,200),(5,201),(5,202),(5,203),(5,204),(5,205),(5,210),(5,211),(5,212),(5,213),(5,214),(5,220),(5,221),(5,222),(5,223),(5,230),(5,231),(5,232),(5,233),(5,234),(5,240),(5,241),(5,242),(5,243),(5,244),(5,245),(5,246),(5,250),(5,251),(5,252),(5,253),(5,254),(5,260),(5,270),(5,280),(5,308),(5,316),(5,317),(5,318),(5,319),(5,320),(5,321),(5,322),(5,323),(5,324),(5,325),(5,326),(5,327),(5,328),(5,329),(5,330),(5,331),(5,332),(5,333),(5,334),(5,335),(5,336),(5,337),(5,338),(5,339),(5,340),(5,341),(5,342),(5,343),(5,344),(5,345),(5,346),(5,347),(5,349),(5,350),(5,351),(5,352),(5,353),(5,354),(5,355),(5,356),(5,357),(5,358),(5,359),(5,360),(5,361),(5,362),(5,363),(5,366),(5,367),(5,368),(5,369),(5,370),(5,371),(5,372),(5,373),(5,374),(5,375),(5,376),(5,377),(5,378),(5,379),(5,380),(5,381),(5,382),(5,383),(5,395),(5,396),(5,397),(5,398),(5,399),(5,400),(5,406),(5,407),(5,408),(5,409),(5,410),(5,411),(5,412),(5,413),(5,414),(5,415),(5,416),(5,417),(5,418),(5,419),(5,420),(5,421),(5,422),(5,423),(5,424),(5,425),(5,426),(5,427),(5,428),(5,429),(5,430),(5,431),(5,432),(5,433),(5,434),(5,435),(5,436),(5,437),(5,438),(5,439),(5,440),(5,441),(5,443),(5,444),(5,445),(5,446),(5,447),(5,448),(5,455),(5,456),(5,457),(5,458),(5,459),(5,460),(5,461),(5,462),(5,463),(5,464),(5,465),(5,466),(5,467),(5,468),(5,469),(5,470),(5,471),(5,472),(5,473),(5,474),(5,475),(5,476),(5,477),(5,478),(5,479),(5,480),(5,481),(5,482),(5,483),(5,484),(5,485),(5,486),(5,487),(5,488),(5,489),(5,490),(5,491),(5,498),(5,499),(5,500),(5,501),(5,502),(5,503),(5,506),(5,507),(5,508),(5,509),(5,510),(5,511),(5,512),(5,513),(5,514),(5,515),(5,516),(5,517),(5,518),(5,519),(5,520),(5,521),(5,522),(5,523),(5,524),(5,525),(5,526),(5,527),(5,528),(5,529),(5,530),(5,531),(5,532),(5,533),(5,534),(5,535),(5,536),(5,539),(5,540),(6,1),(6,254),(7,1),(7,254),(7,377),(7,378),(7,379),(7,380),(7,381),(7,382),(7,412),(7,413),(7,414),(7,415),(7,416),(7,417),(7,418),(7,419),(7,420),(7,421),(7,422),(7,423),(7,424),(7,425),(7,426),(7,427),(7,428),(7,429),(7,430),(7,431),(7,432),(7,433),(7,434),(7,435),(7,436),(7,437),(7,438),(7,439),(7,440),(7,441),(7,443),(7,444),(7,445),(7,446),(7,447),(7,448),(7,455),(7,457),(7,458),(7,459),(7,460),(7,461),(7,462),(7,463),(7,464),(7,465),(7,466),(7,467),(7,468),(7,476),(7,478),(7,479),(7,480),(7,481),(7,482),(7,483),(7,484),(7,485),(7,486),(7,487),(7,488),(7,489),(7,490),(7,491),(7,492),(7,493),(7,494),(7,495),(7,496),(7,497),(7,505),(7,506),(7,507),(7,508),(7,509),(7,510),(7,511),(7,512),(7,513),(7,514),(7,515),(7,516),(7,517),(7,518),(7,519),(7,520),(7,521),(7,522),(7,523),(7,524),(7,525),(7,526),(7,527),(7,528),(7,529),(7,530),(7,531),(8,93),(8,240),(8,241),(8,242),(8,243),(8,244),(8,245),(8,246),(8,250),(8,251),(8,252),(8,253),(8,260),(8,270),(8,280),(9,1),(9,90),(9,93),(9,100),(9,101),(9,102),(9,103),(9,104),(9,105),(9,106),(9,107),(9,240),(9,241),(9,242),(9,243),(9,244),(9,245),(9,246),(9,250),(9,251),(9,252),(9,253),(9,254),(9,260),(9,270),(9,280),(9,492),(9,493),(9,494),(9,495),(9,496),(9,497),(9,498),(9,499),(9,500),(9,501),(9,502);
/*!40000 ALTER TABLE `sys_role_menu` ENABLE KEYS */;
UNLOCK TABLES;

--
-- Table structure for table `sys_sn`
--

DROP TABLE IF EXISTS `sys_sn`;
/*!40101 SET @saved_cs_client     = @@character_set_client */;
/*!50503 SET character_set_client = utf8mb4 */;
CREATE TABLE `sys_sn` (
  `id` int NOT NULL AUTO_INCREMENT COMMENT 'ID',
  `type` int NOT NULL COMMENT '类型',
  `last_value` bigint NOT NULL COMMENT '末值',
  `version` bigint NOT NULL COMMENT '版本',
  `create_time` datetime DEFAULT NULL COMMENT '创建时间',
  `update_time` datetime DEFAULT NULL COMMENT '更新时间',
  PRIMARY KEY (`id`),
  UNIQUE KEY `type` (`type`)
) ENGINE=InnoDB AUTO_INCREMENT=8 DEFAULT CHARSET=utf8mb3 COMMENT='序列号';
/*!40101 SET character_set_client = @saved_cs_client */;

--
-- Dumping data for table `sys_sn`
--

LOCK TABLES `sys_sn` WRITE;
/*!40000 ALTER TABLE `sys_sn` DISABLE KEYS */;
INSERT INTO `sys_sn` VALUES (1,0,201,1,'2020-05-12 16:03:17','2023-05-19 14:59:57'),(2,1,200,0,'2020-05-12 16:03:17','2020-05-12 16:03:17'),(3,2,200,0,'2020-05-12 16:03:17','2020-05-12 16:03:17'),(4,3,200,0,'2020-05-12 16:03:17','2020-05-12 16:03:17'),(5,4,200,0,'2020-05-12 16:03:17','2020-05-12 16:03:17'),(6,5,200,0,'2020-05-12 16:03:17','2020-05-12 16:03:17'),(7,6,200,0,'2020-05-12 16:03:17','2020-05-12 16:03:17');
/*!40000 ALTER TABLE `sys_sn` ENABLE KEYS */;
UNLOCK TABLES;

--
-- Table structure for table `sys_tenant`
--

DROP TABLE IF EXISTS `sys_tenant`;
/*!40101 SET @saved_cs_client     = @@character_set_client */;
/*!50503 SET character_set_client = utf8mb4 */;
CREATE TABLE `sys_tenant` (
  `id` int NOT NULL AUTO_INCREMENT COMMENT '租户ID',
  `name` varchar(30) DEFAULT NULL COMMENT '租户名称',
  `version` int DEFAULT NULL COMMENT '版本',
  `delete_flag` bit(1) DEFAULT NULL COMMENT '删除标记',
  `create_by` varchar(64) DEFAULT '' COMMENT '创建者',
  `create_time` datetime DEFAULT NULL COMMENT '创建时间',
  `update_by` varchar(64) DEFAULT '' COMMENT '更新者',
  `update_time` datetime DEFAULT NULL COMMENT '更新时间',
  PRIMARY KEY (`id`)
) ENGINE=InnoDB AUTO_INCREMENT=13 DEFAULT CHARSET=utf8mb3 COMMENT='租户管理';
/*!40101 SET character_set_client = @saved_cs_client */;

--
-- Dumping data for table `sys_tenant`
--

LOCK TABLES `sys_tenant` WRITE;
/*!40000 ALTER TABLE `sys_tenant` DISABLE KEYS */;
INSERT INTO `sys_tenant` VALUES (1,'丰县高新技术创业园科技企业孵化器',NULL,_binary '\0','admin','2023-04-04 16:23:22','admin','2023-04-04 16:23:28');
/*!40000 ALTER TABLE `sys_tenant` ENABLE KEYS */;
UNLOCK TABLES;

--
-- Table structure for table `sys_user`
--

DROP TABLE IF EXISTS `sys_user`;
/*!40101 SET @saved_cs_client     = @@character_set_client */;
/*!50503 SET character_set_client = utf8mb4 */;
CREATE TABLE `sys_user` (
  `id` int NOT NULL AUTO_INCREMENT COMMENT '用户ID',
  `dtype` varchar(31) NOT NULL,
  `username` varchar(30) NOT NULL COMMENT '登录账号',
  `password` varchar(50) NOT NULL DEFAULT '' COMMENT '密码',
  `nickname` varchar(30) NOT NULL COMMENT '用户昵称',
  `salt` varchar(20) NOT NULL DEFAULT '' COMMENT '盐加密',
  `mobile` varchar(11) NOT NULL DEFAULT '' COMMENT '手机号码',
  `gender` char(1) DEFAULT '0' COMMENT '用户性别（0男 1女 2未知）',
  `email` varchar(50) DEFAULT '' COMMENT '用户邮箱',
  `avatar` varchar(255) DEFAULT '' COMMENT '头像路径',
  `status` char(1) NOT NULL DEFAULT '0' COMMENT '帐号状态（0正常 1停用）',
  `login_ip` varchar(50) DEFAULT '' COMMENT '最后登陆IP',
  `login_date` datetime DEFAULT NULL COMMENT '最后登陆时间',
  `openid` varchar(50) DEFAULT NULL COMMENT '微信openid',
  `dept_id` int DEFAULT NULL COMMENT '部门ID',
  `park_id` int DEFAULT NULL COMMENT '园区ID',
  `balance` decimal(27,12) DEFAULT NULL COMMENT '余额',
  `bank_account` varchar(255) DEFAULT NULL COMMENT '银行账号',
  `bank_name` varchar(255) DEFAULT NULL COMMENT '银行开户名',
  `frozen_amount` decimal(27,12) DEFAULT NULL COMMENT '冻结金额',
  `id_card` varchar(255) DEFAULT NULL COMMENT '法人代表身份证',
  `id_card_image` varchar(255) DEFAULT NULL COMMENT '法人代表身份证图片',
  `identification_number` varchar(255) DEFAULT NULL COMMENT '纳税人识别号',
  `legal_person` varchar(255) DEFAULT NULL COMMENT '法人代表姓名',
  `license_image` varchar(255) DEFAULT NULL COMMENT '营业执照号图片',
  `license_number` varchar(255) DEFAULT NULL COMMENT '营业执照号',
  `organization_code` varchar(255) DEFAULT NULL COMMENT '组织机构代码',
  `organization_image` varchar(255) DEFAULT NULL COMMENT '组织机构代码证图片',
  `phone` varchar(255) DEFAULT NULL COMMENT '电话',
  `tax_image` varchar(255) DEFAULT NULL COMMENT '税务登记证图片',
  `address` varchar(255) DEFAULT NULL COMMENT '地址',
  `amount` decimal(27,12) DEFAULT NULL COMMENT '消费金额',
  `birth` datetime DEFAULT NULL COMMENT '出生日期',
  `point` bigint DEFAULT NULL COMMENT '积分',
  `zip_code` varchar(255) DEFAULT NULL COMMENT '邮编',
  `area_id` bigint DEFAULT NULL COMMENT '地区',
  `member_rank_id` bigint DEFAULT NULL COMMENT '会员等级',
  `is_park_admin` bit(1) DEFAULT NULL COMMENT '是否园区管理员',
  `version` int DEFAULT NULL COMMENT '版本',
  `delete_flag` bit(1) DEFAULT NULL COMMENT '删除标记',
  `create_by` varchar(64) DEFAULT '' COMMENT '创建者',
  `create_time` datetime DEFAULT NULL COMMENT '创建时间',
  `update_by` varchar(64) DEFAULT '' COMMENT '更新者',
  `update_time` datetime DEFAULT NULL COMMENT '更新时间',
  `tenant_id` int DEFAULT NULL COMMENT '租户ID',
  PRIMARY KEY (`id`) USING BTREE,
  UNIQUE KEY `mobile` (`mobile`),
  UNIQUE KEY `username` (`username`),
  KEY `FK_sys_user_ics_park` (`park_id`)
) ENGINE=InnoDB AUTO_INCREMENT=656 DEFAULT CHARSET=utf8mb3 ROW_FORMAT=DYNAMIC COMMENT='用户信息表';
/*!40101 SET character_set_client = @saved_cs_client */;

--
-- Dumping data for table `sys_user`
--

LOCK TABLES `sys_user` WRITE;
/*!40000 ALTER TABLE `sys_user` DISABLE KEYS */;
INSERT INTO `sys_user` VALUES (1,'Admin','super','3b0b5b7deba2b38bb6ae2918a9c49b95','超级管理员','YvNnQF','138****8008','0','ry@163.com','/profile/2021/05/10/12354bb433076e0038bcb13c5f2fa4e6.jpeg','0','127.0.0.1','2023-05-19 14:32:21',NULL,168,NULL,NULL,NULL,NULL,NULL,NULL,NULL,NULL,NULL,NULL,NULL,NULL,NULL,NULL,NULL,NULL,NULL,NULL,NULL,NULL,NULL,0,NULL,0,_binary '\0','admin','2018-03-16 11:33:00','admin','2023-05-19 14:32:21',NULL),(2,'Admin','admin','9a3f00d8f54869bda879dbac3cc39667','管理员','BboCPc','138****8001','0','','','0','127.0.0.1','2024-10-21 02:49:34',NULL,168,NULL,NULL,NULL,NULL,NULL,NULL,NULL,NULL,NULL,NULL,NULL,NULL,NULL,NULL,NULL,NULL,NULL,NULL,NULL,NULL,NULL,NULL,NULL,0,_binary '\0','admin','2021-09-01 19:36:21','admin','2024-10-21 02:49:34',NULL),(86,'Admin','boss','ca71a04a24a63585c6c33871f898040c','老板','YWOC0u','138****8002','0','','','0','127.0.0.1','2022-06-15 13:47:18',NULL,177,NULL,NULL,NULL,NULL,NULL,NULL,NULL,NULL,NULL,NULL,NULL,NULL,NULL,NULL,NULL,NULL,NULL,NULL,NULL,NULL,NULL,NULL,NULL,0,_binary '\0','admin','2021-09-13 18:11:44','manager','2022-06-15 13:47:17',1),(87,'Admin','manager','da9fa5b8993ddb2418e7039280dfc89f','园区管理员','jCerUN','138****8003','0','阿里','/profile/avatar/2024/10/21/acae77d72cc0204f39cdbc8de46aecb1.jpeg','0','192.168.3.165','2024-10-25 14:38:11',NULL,173,1,NULL,NULL,NULL,NULL,NULL,NULL,NULL,NULL,NULL,NULL,NULL,NULL,NULL,NULL,NULL,NULL,NULL,NULL,NULL,NULL,NULL,_binary '',0,_binary '\0','admin','2021-09-13 18:19:34','manager','2024-10-25 14:38:11',1),(92,'Admin','user1','70fb61e51eb3c5e199a77e72b7d95b63','文员1','FgjvOa','188****8888','0','','/profile/2022/06/08/476ee5f983003fe14149744579f7a892.jpeg','0','114.221.54.98','2022-08-22 11:39:31',NULL,169,3,NULL,NULL,NULL,NULL,NULL,NULL,NULL,NULL,NULL,NULL,NULL,NULL,NULL,NULL,NULL,NULL,NULL,NULL,NULL,NULL,NULL,NULL,0,_binary '\0','admin','2021-09-15 09:42:02','admin','2022-08-22 11:39:31',1),(98,'Member','13800138000','469777e95ac80004de025eac0fba14ec','李红元','8888','141****6671','0','','https://thirdwx.qlogo.cn/mmopen/vi_32/8SpBA9A4Q4nYpuh4wicvDyP1RQib3ObIP8zyficzG9xRPFHvgLInutr3ahiauZZiaibicyGAzEOGWLSrxMBiafEExY1jGQ/132','0','223.104.69.16','2023-02-07 16:31:38',NULL,173,2,NULL,NULL,NULL,NULL,NULL,NULL,NULL,NULL,NULL,NULL,NULL,NULL,NULL,NULL,NULL,NULL,NULL,NULL,NULL,NULL,NULL,NULL,0,_binary '\0','李红元','2021-09-16 09:52:13','13800138000','2023-02-07 16:31:40',NULL),(654,'Member','90486374908','f3209c08a514d11649062a58a68f82f3','李红元','ePUolW','90486374908','0','','https://thirdwx.qlogo.cn/mmopen/vi_32/AhiaeGWZM1ITDse0GRJI5JIqJ9ErnudE6uEPOml94ThnaiackKWDrYDPnzI1Xg0yCISdk93smYw48RJQZiaBEsHFg/132','0','',NULL,'ozylA5ajnjSOWWoI6FP4uyDujsic',NULL,1,NULL,NULL,NULL,NULL,NULL,NULL,NULL,NULL,NULL,NULL,NULL,NULL,NULL,NULL,NULL,NULL,NULL,NULL,NULL,NULL,NULL,NULL,0,_binary '\0','system','2023-05-19 14:39:22','90486374908','2023-05-19 14:51:17',NULL),(655,'Member','11221519949','e7fe49a014bd42efc9625034aa88ba8d','采蘑菇的小麻薯','u5ZIAb','11221519949','0','','https://thirdwx.qlogo.cn/mmopen/vi_32/zY9QhZCMXCmeuQiccrjtScv3QREII4YBDwDyUz2UsjboUN5Ua2QssaBdGiaFpVsdyAMQibJr02m8xS7kRCYCRb3z7zNBs5388XdqJN6icICmphM/132','0','',NULL,'oLNSK7WP2DfkleRqZSr2nL40sw8E',NULL,1,NULL,NULL,NULL,NULL,NULL,NULL,NULL,NULL,NULL,NULL,NULL,NULL,NULL,NULL,NULL,NULL,NULL,NULL,NULL,NULL,NULL,NULL,0,_binary '\0','system','2024-10-24 18:50:00','11221519949','2024-10-25 15:51:24',NULL);
/*!40000 ALTER TABLE `sys_user` ENABLE KEYS */;
UNLOCK TABLES;

--
-- Table structure for table `sys_user_role`
--

DROP TABLE IF EXISTS `sys_user_role`;
/*!40101 SET @saved_cs_client     = @@character_set_client */;
/*!50503 SET character_set_client = utf8mb4 */;
CREATE TABLE `sys_user_role` (
  `user_id` int NOT NULL COMMENT '用户ID',
  `role_id` int NOT NULL COMMENT '角色ID',
  PRIMARY KEY (`user_id`,`role_id`) USING BTREE
) ENGINE=InnoDB DEFAULT CHARSET=utf8mb3 ROW_FORMAT=DYNAMIC COMMENT='用户和角色关联表';
/*!40101 SET character_set_client = @saved_cs_client */;

--
-- Dumping data for table `sys_user_role`
--

LOCK TABLES `sys_user_role` WRITE;
/*!40000 ALTER TABLE `sys_user_role` DISABLE KEYS */;
INSERT INTO `sys_user_role` VALUES (1,1),(2,1),(2,4),(86,3),(87,5),(92,2),(98,1);
/*!40000 ALTER TABLE `sys_user_role` ENABLE KEYS */;
UNLOCK TABLES;
/*!40103 SET TIME_ZONE=@OLD_TIME_ZONE */;

/*!40101 SET SQL_MODE=@OLD_SQL_MODE */;
/*!40014 SET FOREIGN_KEY_CHECKS=@OLD_FOREIGN_KEY_CHECKS */;
/*!40014 SET UNIQUE_CHECKS=@OLD_UNIQUE_CHECKS */;
/*!40101 SET CHARACTER_SET_CLIENT=@OLD_CHARACTER_SET_CLIENT */;
/*!40101 SET CHARACTER_SET_RESULTS=@OLD_CHARACTER_SET_RESULTS */;
/*!40101 SET COLLATION_CONNECTION=@OLD_COLLATION_CONNECTION */;
/*!40111 SET SQL_NOTES=@OLD_SQL_NOTES */;

-- Dump completed on 2024-10-25 16:20:02
